{
"type": "FeatureCollection",
"name": "eastern_states",
"crs": { "type": "name", "properties": { "name": "urn:ogc:def:crs:OGC:1.3:CRS84" } },
"features": [
{ "type": "Feature", "properties": { "fid": 22, "ID_NUM": 22, "NAME": "Connecticut", "ID": "ct_state", "VERSION": 1, "START_DATE": "1783-09-03", "END_DATE": "1786-09-13", "CHANGE": "Connecticut became an independent state on 4 July 1776. The map depicts state boundaries as of 3 September 1783.", "CITATION": "(Declaration of Independence)", "START_N": 17830903, "END_N": 17860913, "AREA_SQMI": 4982.0, "TERR_TYPE": "State", "FULL_NAME": "Connecticut", "ABBR_NAME": "CT", "NAME_START": "Connecticut (1783-09-03)" }, "geometry": { "type": "MultiPolygon", "coordinates": [ [ [ [ -73.505501112317816, 41.036433613606427 ], [ -73.504495111932002, 41.035385613432815 ], [ -73.507247112914172, 41.036978613656643 ], [ -73.505501112317816, 41.036433613606427 ] ] ], [ [ [ -72.336853747170096, 41.294746701931629 ], [ -72.324844742517939, 41.281310699662484 ], [ -72.342713749293566, 41.298629702512336 ], [ -72.336853747170096, 41.294746701931629 ] ] ], [ [ [ -72.813541944977359, 42.036503831185726 ], [ -72.75583992606883, 42.036203833004393 ], [ -72.699537907667249, 42.036803834945886 ], [ -72.509192845153166, 42.034150840570184 ], [ -72.397431808457128, 42.033096843943085 ], [ -72.180270737102063, 42.030894850410789 ], [ -72.135687722435506, 42.030254851693272 ], [ -72.102167711352521, 42.028811852469275 ], [ -71.963022665525429, 42.026233856331459 ], [ -71.799243610715862, 42.008074857909889 ], [ -71.78967859193142, 41.724742803144522 ], [ -71.787650586852351, 41.643981787438548 ], [ -71.787872586703813, 41.639921786638112 ], [ -71.789356584847397, 41.596918778182292 ], [ -71.793255581165013, 41.505562760165411 ], [ -71.859917592964308, 41.320447721738347 ], [ -72.349261752076572, 41.310420704627191 ], [ -72.545073813828964, 41.273480691205698 ], [ -72.545851813351518, 41.260298688587213 ], [ -72.536125809877674, 41.254753687802854 ], [ -72.894829925855092, 41.241813673849855 ], [ -72.905895932660499, 41.298694684670394 ], [ -73.11173099232748, 41.171135652963066 ], [ -73.501267111672021, 41.049105616243175 ], [ -73.502967112090829, 41.046805615734101 ], [ -73.657061158634193, 40.988858599239435 ], [ -73.727777187968954, 41.100704618926443 ], [ -73.502269122805316, 41.236913653135879 ], [ -73.544730144105728, 41.36638467708454 ], [ -73.536270146228716, 41.449602693615255 ], [ -73.530068148773779, 41.5272037089441 ], [ -73.518066153122746, 41.666838736481516 ], [ -73.510040156582818, 41.768947756533514 ], [ -73.487315166035899, 42.049646811418349 ], [ -73.34095911815615, 42.048307816065027 ], [ -73.127251047937378, 42.042062821963782 ], [ -73.05325502361039, 42.039870823983563 ], [ -73.008747008993083, 42.038863825254097 ], [ -72.86373396147755, 42.037718829783479 ], [ -72.813541944977359, 42.036503831185726 ] ] ] ] } },
{ "type": "Feature", "properties": { "fid": 25, "ID_NUM": 25, "NAME": "Connecticut", "ID": "ct_state", "VERSION": 4, "START_DATE": "1804-12-31", "END_DATE": "2000-12-31", "CHANGE": "HARTFORD lost part of the town of Southwick (the \"Southwick Jog\") to HAMPSHIRE (Mass.) when the state boundary was adjusted.", "CITATION": "(Hooker, 25-26; Van Zandt, 69)", "START_N": 18041231, "END_N": 20001231, "AREA_SQMI": 4975.0, "TERR_TYPE": "State", "FULL_NAME": "Connecticut", "ABBR_NAME": "CT", "NAME_START": "Connecticut (1804-12-31)" }, "geometry": { "type": "MultiPolygon", "coordinates": [ [ [ [ -73.505501112317816, 41.036433613606427 ], [ -73.504495111932002, 41.035385613432815 ], [ -73.507247112914172, 41.036978613656643 ], [ -73.505501112317816, 41.036433613606427 ] ] ], [ [ [ -72.336853747170096, 41.294746701931629 ], [ -72.324844742517939, 41.281310699662484 ], [ -72.342713749293566, 41.298629702512336 ], [ -72.336853747170096, 41.294746701931629 ] ] ], [ [ [ -72.813541944977359, 42.036503831185726 ], [ -72.77473993027057, 42.002204825833623 ], [ -72.766739927698666, 42.00300482624769 ], [ -72.75583992606883, 42.036203833004393 ], [ -72.699537907667249, 42.036803834945886 ], [ -72.509192845153166, 42.034150840570184 ], [ -72.397431808457128, 42.033096843943085 ], [ -72.180270737102063, 42.030894850410789 ], [ -72.135687722435506, 42.030254851693272 ], [ -72.102167711352521, 42.028811852469275 ], [ -71.963022665525429, 42.026233856331459 ], [ -71.799243610715862, 42.008074857909889 ], [ -71.78967859193142, 41.724742803144522 ], [ -71.787650586852351, 41.643981787438548 ], [ -71.787872586703813, 41.639921786638112 ], [ -71.789356584847397, 41.596918778182292 ], [ -71.793255581165013, 41.505562760165411 ], [ -71.859917592964308, 41.320447721738347 ], [ -72.349261752076572, 41.310420704627191 ], [ -72.545073813828964, 41.273480691205698 ], [ -72.545851813351518, 41.260298688587213 ], [ -72.536125809877674, 41.254753687802854 ], [ -72.894829925855092, 41.241813673849855 ], [ -72.905895932660499, 41.298694684670394 ], [ -73.11173099232748, 41.171135652963066 ], [ -73.501267111672021, 41.049105616243175 ], [ -73.502967112090829, 41.046805615734101 ], [ -73.657061158634193, 40.988858599239435 ], [ -73.727777187968954, 41.100704618926443 ], [ -73.502269122805316, 41.236913653135879 ], [ -73.544730144105728, 41.36638467708454 ], [ -73.536270146228716, 41.449602693615255 ], [ -73.530068148773779, 41.5272037089441 ], [ -73.518066153122746, 41.666838736481516 ], [ -73.510040156582818, 41.768947756533514 ], [ -73.487315166035899, 42.049646811418349 ], [ -73.34095911815615, 42.048307816065027 ], [ -73.127251047937378, 42.042062821963782 ], [ -73.05325502361039, 42.039870823983563 ], [ -73.008747008993083, 42.038863825254097 ], [ -72.86373396147755, 42.037718829783479 ], [ -72.813541944977359, 42.036503831185726 ] ] ] ] } },
{ "type": "Feature", "properties": { "fid": 28, "ID_NUM": 28, "NAME": "Delaware", "ID": "de_state", "VERSION": 1, "START_DATE": "1783-09-03", "END_DATE": "2000-12-31", "CHANGE": "The three Lower Counties, of KENT, NEW CASTLE, and SUSSEX became an independent state on 4 July 1776. The name Delaware was formally adopted on 20 September 1776. The map depicts state boundaries as of 3 September 1783.", "CITATION": "(Declaration of Independence; Swindler, 2:197)", "START_N": 17830903, "END_N": 20001231, "AREA_SQMI": 2013.0, "TERR_TYPE": "State", "FULL_NAME": "Delaware", "ABBR_NAME": "DE", "NAME_START": "Delaware (1783-09-03)" }, "geometry": { "type": "MultiPolygon", "coordinates": [ [ [ [ -75.070237479237321, 38.620711073455539 ], [ -75.077693481014094, 38.609823070952885 ], [ -75.091223485610868, 38.615873071764888 ], [ -75.070237479237321, 38.620711073455539 ] ] ], [ [ [ -75.079845488895032, 38.744705098822735 ], [ -75.061907475977279, 38.608902071278266 ], [ -75.077674485509064, 38.694264088455519 ], [ -75.16172151256194, 38.703367087576453 ], [ -75.100582488650545, 38.617431071781255 ], [ -75.289065546979145, 38.595141060961588 ], [ -75.101974485536019, 38.55054405785198 ], [ -75.059296475092594, 38.607778071130468 ], [ -75.048941463546981, 38.451272038934334 ], [ -75.064892468583793, 38.451304038421895 ], [ -75.103774483903706, 38.509004049160097 ], [ -75.065674468830565, 38.451302038396022 ], [ -75.070367470311027, 38.451285038239597 ], [ -75.089752476430277, 38.451301037611302 ], [ -75.318968548764872, 38.451848030221427 ], [ -75.34125255579724, 38.451979029515535 ], [ -75.477577598850502, 38.453680025371213 ], [ -75.574112629381418, 38.455999022653316 ], [ -75.693522667197385, 38.460137019538301 ], [ -75.70156767517598, 38.560744040126494 ], [ -75.707347681053761, 38.635289055355287 ], [ -75.722677696621275, 38.830876095175491 ], [ -75.734850708751608, 38.980286125451315 ], [ -75.739804713855577, 39.043664138267609 ], [ -75.74766972193386, 39.143314158376143 ], [ -75.755955730351758, 39.245967179032789 ], [ -75.759980734499266, 39.296616189207526 ], [ -75.760288734856076, 39.30117719012506 ], [ -75.766669741209427, 39.377224205364911 ], [ -75.788360767979256, 39.72181927431064 ], [ -75.739228755380452, 39.773128286349063 ], [ -75.595757713540735, 39.837164304209999 ], [ -75.594031713006515, 39.837414304319893 ], [ -75.579850708564067, 39.838534305036312 ], [ -75.577229707740187, 39.838692305158979 ], [ -75.415043654029532, 39.8017953033293 ], [ -75.448136662945856, 39.773977296587368 ], [ -75.461716666637287, 39.763138293935796 ], [ -75.492142673276959, 39.710622282299155 ], [ -75.559447689999558, 39.629821263668539 ], [ -75.513615671718838, 39.564729252075345 ], [ -75.530617675499911, 39.536498245775825 ], [ -75.527633674446164, 39.5346242454983 ], [ -75.57144968297689, 39.440530224917175 ], [ -75.512402660016221, 39.365686211724288 ], [ -75.404354619058481, 39.246136191031241 ], [ -75.405941619488743, 39.244841190713352 ], [ -75.311776573146872, 38.945925132637868 ], [ -75.260132552950083, 38.875120119784455 ], [ -75.079845488895032, 38.744705098822735 ] ] ] ] } },
{ "type": "Feature", "properties": { "fid": 80, "ID_NUM": 80, "NAME": "Massachusetts", "ID": "ma_state", "VERSION": 5, "START_DATE": "1862-03-01", "END_DATE": "2000-12-31", "CHANGE": "BRISTOL gained from NEWPORT (R.I.) and lost to PROVIDENCE (R.I.) when Massachusetts and Rhode Island implemented the U.S. Supreme Court settlement (31 December 1861) of their boundary to the Atlantic Ocean.", "CITATION": "(Bayles, Providence, 1:29; R.I. Acts 1861, ch. 379/pp. 4-6; Ullman, 83-84; Van Zandt, 68)", "START_N": 18620301, "END_N": 20001231, "AREA_SQMI": 8118.0, "TERR_TYPE": "State", "FULL_NAME": "Massachusetts", "ABBR_NAME": "MA", "NAME_START": "Massachusetts (1862-03-01)" }, "geometry": { "type": "MultiPolygon", "coordinates": [ [ [ [ -70.810941246776082, 41.261768741360434 ], [ -70.80442924399469, 41.249011739022322 ], [ -70.832432253616062, 41.257832739958744 ], [ -70.810941246776082, 41.261768741360434 ] ] ], [ [ [ -70.239558061021967, 41.294312764101541 ], [ -70.255701066045575, 41.288730762541483 ], [ -70.273980072999379, 41.30799876584534 ], [ -70.239558061021967, 41.294312764101541 ] ] ], [ [ [ -70.000341984580729, 41.337750779388664 ], [ -69.994243977879179, 41.241329760431803 ], [ -70.217649052881114, 41.275080760903933 ], [ -70.062566003607245, 41.308735771909369 ], [ -70.049656003471696, 41.392483788852459 ], [ -70.000341984580729, 41.337750779388664 ] ] ], [ [ [ -70.908537286933239, 41.421391770061362 ], [ -70.949647299804298, 41.40959176653373 ], [ -70.922909292093351, 41.430061771350729 ], [ -70.908537286933239, 41.421391770061362 ] ] ], [ [ [ -70.854864270248925, 41.439249775146536 ], [ -70.866947273345104, 41.422387771470675 ], [ -70.906834286532728, 41.424455770715213 ], [ -70.854864270248925, 41.439249775146536 ] ] ], [ [ [ -70.818058259088929, 41.457052779725757 ], [ -70.808328255222364, 41.443924777421387 ], [ -70.84155526635702, 41.448471777351386 ], [ -70.818058259088929, 41.457052779725757 ] ] ], [ [ [ -70.558365173945816, 41.459097787628082 ], [ -70.509205152226983, 41.348512767197086 ], [ -70.450432136562085, 41.420712783139599 ], [ -70.450387132934935, 41.348741768918174 ], [ -70.838564260124826, 41.346051757229603 ], [ -70.558365173945816, 41.459097787628082 ] ] ], [ [ [ -70.558365173945816, 41.459097787628082 ], [ -70.558958174181342, 41.459904787770014 ], [ -70.557484173735986, 41.46066678796263 ], [ -70.558365173945816, 41.459097787628082 ] ] ], [ [ [ -70.699662222899263, 41.509201793429249 ], [ -70.700027222843488, 41.505770792743213 ], [ -70.701700223411564, 41.506135792766905 ], [ -70.699662222899263, 41.509201793429249 ] ] ], [ [ [ -70.710522225576696, 41.491842789697493 ], [ -70.805774254708325, 41.450237778739904 ], [ -70.712322227207522, 41.512149793643232 ], [ -70.710522225576696, 41.491842789697493 ] ] ], [ [ [ -70.677052215674038, 41.513112794852759 ], [ -70.689376219287468, 41.504627792826398 ], [ -70.700667223321872, 41.511008793755877 ], [ -70.677052215674038, 41.513112794852759 ] ] ], [ [ [ -70.69881222318935, 41.520317795641631 ], [ -70.709188226257055, 41.513682794035688 ], [ -70.710103226828153, 41.518965795048935 ], [ -70.69881222318935, 41.520317795641631 ] ] ], [ [ [ -70.826455269319467, 41.601938807974896 ], [ -70.821935266842019, 41.582760804341284 ], [ -70.841383273943123, 41.596532806477953 ], [ -70.826455269319467, 41.601938807974896 ] ] ], [ [ [ -70.408346132971104, 41.623571824291297 ], [ -70.402226130189135, 41.608405821485903 ], [ -70.421677136735724, 41.611323821504044 ], [ -70.408346132971104, 41.623571824291297 ] ] ], [ [ [ -70.817047267453731, 41.62558581288998 ], [ -70.817784267616133, 41.624049812567208 ], [ -70.819431268316634, 41.627121813121896 ], [ -70.817047267453731, 41.62558581288998 ] ] ], [ [ [ -69.988214991247588, 41.554713822592348 ], [ -70.011503998333055, 41.542932819621583 ], [ -69.96806598902063, 41.643870840701737 ], [ -69.988214991247588, 41.554713822592348 ] ] ], [ [ [ -70.640917215124759, 41.733569839173327 ], [ -70.643509215896628, 41.732001838791234 ], [ -70.643941216137222, 41.733905839151447 ], [ -70.640917215124759, 41.733569839173327 ] ] ], [ [ [ -69.95697098802907, 41.697607851568769 ], [ -69.949395988946321, 41.766287865253034 ], [ -69.95061998314408, 41.641289840680308 ], [ -69.95697098802907, 41.697607851568769 ] ] ], [ [ [ -69.940966988404782, 41.811212874288607 ], [ -69.944205989473488, 41.811207874197301 ], [ -69.941332988574729, 41.812195874470966 ], [ -69.940966988404782, 41.811212874288607 ] ] ], [ [ [ -70.189305084141154, 42.082345920163831 ], [ -70.121303059397121, 42.037973913469258 ], [ -70.245385101662265, 42.062658914739451 ], [ -70.189305084141154, 42.082345920163831 ] ] ], [ [ [ -70.936864342117985, 42.290533938678607 ], [ -70.950237346494234, 42.289773938133742 ], [ -70.927482339649771, 42.302209941208702 ], [ -70.936864342117985, 42.290533938678607 ] ] ], [ [ [ -70.999093364292364, 42.320406942577385 ], [ -71.011594367797059, 42.308906939988383 ], [ -71.017294369880787, 42.312606940530479 ], [ -70.999093364292364, 42.320406942577385 ] ] ], [ [ [ -70.984993359819043, 42.323806943653743 ], [ -70.987691360502069, 42.319968942833817 ], [ -70.990993361958616, 42.326706944032829 ], [ -70.984993359819043, 42.323806943653743 ] ] ], [ [ [ -70.970693354427851, 42.311507941711795 ], [ -70.976993356444268, 42.310312941293631 ], [ -70.953992349896538, 42.329706945715515 ], [ -70.970693354427851, 42.311507941711795 ] ] ], [ [ [ -70.588028246692133, 42.661583020234517 ], [ -70.590097247214715, 42.658552019594175 ], [ -70.593892248578271, 42.660484019851758 ], [ -70.588028246692133, 42.661583020234517 ] ] ], [ [ [ -70.817229328098549, 42.759729032160323 ], [ -70.817124328088283, 42.760175032248227 ], [ -70.770456309566413, 42.704822023088461 ], [ -70.817229328098549, 42.759729032160323 ] ] ], [ [ [ -70.817229328098549, 42.759729032160323 ], [ -70.832555329614522, 42.69481901932776 ], [ -70.728859293554933, 42.664282016585751 ], [ -70.795603315411782, 42.659231013636216 ], [ -70.59095624650935, 42.640226016065462 ], [ -70.927758354209644, 42.568055992256959 ], [ -70.835970319588768, 42.490496980135767 ], [ -70.983729365273604, 42.431710964442154 ], [ -70.953093350374786, 42.344006948495689 ], [ -71.050396385253435, 42.394005955199091 ], [ -71.070247391605761, 42.390202953871785 ], [ -71.069496391560165, 42.393905954606069 ], [ -71.074212392944801, 42.390727953853371 ], [ -71.064794388682003, 42.369680950090455 ], [ -71.067679389604223, 42.36911494989485 ], [ -71.070245390429903, 42.368709949740015 ], [ -71.070606390523864, 42.368246949640024 ], [ -71.049488382800106, 42.35457194764399 ], [ -71.047695380705647, 42.327007942393038 ], [ -71.055494380490515, 42.275707932276333 ], [ -70.931026337831298, 42.246822930421075 ], [ -70.855791314059232, 42.2668169365136 ], [ -70.909579334027697, 42.307630942786332 ], [ -70.825676304005214, 42.264857937027621 ], [ -70.783442288614197, 42.237983933087641 ], [ -70.598523215252939, 42.004895893336524 ], [ -70.710035251750128, 41.999553889046162 ], [ -70.538794191468455, 41.926419879794516 ], [ -70.537533185067744, 41.810701857249441 ], [ -70.494661169265612, 41.77802785209613 ], [ -70.547857186422661, 41.771008849190345 ], [ -70.299654101314871, 41.70494884335988 ], [ -70.019477013062698, 41.786296867212606 ], [ -69.988721009290899, 41.913439892938165 ], [ -70.023087019848759, 41.897738888906943 ], [ -70.008504015182567, 41.900698889894734 ], [ -70.002858012796835, 41.89032588802727 ], [ -70.024196020189294, 41.897231888776801 ], [ -70.066648033225945, 41.877835883793622 ], [ -70.093132049151848, 42.019591910689961 ], [ -69.985352009981327, 41.949262900023555 ], [ -69.95697098802907, 41.697607851568769 ], [ -69.96187898743969, 41.653113842691198 ], [ -70.405469133330385, 41.649311829428299 ], [ -70.45813814732476, 41.583658815024165 ], [ -70.457871147225106, 41.583426814986304 ], [ -70.456955146691769, 41.578851814112937 ], [ -70.459291147631006, 41.582221814708717 ], [ -70.480001153130814, 41.556405809038786 ], [ -70.528347168615696, 41.548391806076793 ], [ -70.528437168592092, 41.547342805867686 ], [ -70.530824169409115, 41.547980805924823 ], [ -70.686943219382599, 41.52210279633627 ], [ -70.66133621922458, 41.682841828645046 ], [ -70.560715190568857, 41.769312848487417 ], [ -70.629587212772833, 41.760225844717951 ], [ -70.843516276310638, 41.62866881272199 ], [ -70.917715303425254, 41.681148820834139 ], [ -70.952666306224231, 41.514513787106402 ], [ -71.037787332391872, 41.480738777962216 ], [ -71.07294634859808, 41.570237794515279 ], [ -71.120571360410679, 41.497457778809164 ], [ -71.131618369094724, 41.593926797427258 ], [ -71.195691394411924, 41.67511081142851 ], [ -71.224327405663132, 41.709936817386385 ], [ -71.225792406238597, 41.711710817689443 ], [ -71.283894427991982, 41.761809825737316 ], [ -71.286194428800925, 41.762809825863485 ], [ -71.317796439892888, 41.776109827510211 ], [ -71.381700467200034, 41.893208848394615 ], [ -71.381400467393775, 41.898608849453794 ], [ -71.381301472051803, 41.985007866238568 ], [ -71.498006512198472, 42.017206868935077 ], [ -71.528710522175913, 42.015006867571842 ], [ -71.799243610715862, 42.008074857909889 ], [ -71.963022665525429, 42.026233856331459 ], [ -72.102167711352521, 42.028811852469275 ], [ -72.135687722435506, 42.030254851693272 ], [ -72.180270737102063, 42.030894850410789 ], [ -72.397431808457128, 42.033096843943085 ], [ -72.509192845153166, 42.034150840570184 ], [ -72.699537907667249, 42.036803834945886 ], [ -72.75583992606883, 42.036203833004393 ], [ -72.766739927698666, 42.00300482624769 ], [ -72.77473993027057, 42.002204825833623 ], [ -72.813541944977359, 42.036503831185726 ], [ -72.86373396147755, 42.037718829783479 ], [ -73.008747008993083, 42.038863825254097 ], [ -73.05325502361039, 42.039870823983563 ], [ -73.127251047937378, 42.042062821963782 ], [ -73.34095911815615, 42.048307816065027 ], [ -73.487315166035899, 42.049646811418349 ], [ -73.496881169161497, 42.049683811103762 ], [ -73.508144175056898, 42.086266817749475 ], [ -73.479755170532854, 42.164404833688359 ], [ -73.352529150066047, 42.510011903904442 ], [ -73.264958135937036, 42.745948951545785 ], [ -73.107763084047477, 42.742913956271373 ], [ -73.037973060987085, 42.741350958315437 ], [ -73.022904056015165, 42.741141958780219 ], [ -72.950662032148117, 42.739701960919682 ], [ -72.93025902540667, 42.739302961523741 ], [ -72.897200014479424, 42.738603962491304 ], [ -72.458519869210278, 42.726861974692703 ], [ -72.282981810984893, 42.721557979370928 ], [ -72.221562790620879, 42.719976981047793 ], [ -71.928811693489223, 42.71224398891777 ], [ -71.898716683497611, 42.711427989714856 ], [ -71.854118668693602, 42.71029399090753 ], [ -71.38699551353335, 42.698804003275022 ], [ -71.25595447224552, 42.736112014397833 ], [ -71.245505469148839, 42.742599015951868 ], [ -71.185204451926666, 42.791698027131766 ], [ -70.825397336938053, 42.870700053022333 ], [ -70.82394233647932, 42.871145053150393 ], [ -70.817296334335694, 42.872300053568864 ], [ -70.862743346152897, 42.813157040966665 ], [ -70.817229328098549, 42.759729032160323 ] ] ] ] } },
{ "type": "Feature", "properties": { "fid": 81, "ID_NUM": 81, "NAME": "Maryland", "ID": "md_state", "VERSION": 1, "START_DATE": "1783-09-03", "END_DATE": "1791-03-29", "CHANGE": "Maryland became an independent state on 4 July 1776. The map depicts state boundaries as of 3 September 1783.", "CITATION": "(Declaration of Independence)", "START_N": 17830903, "END_N": 17910329, "AREA_SQMI": 10065.0, "TERR_TYPE": "State", "FULL_NAME": "Maryland", "ABBR_NAME": "MD", "NAME_START": "Maryland (1783-09-03)" }, "geometry": { "type": "MultiPolygon", "coordinates": [ [ [ [ -76.017576742457365, 37.964858905454236 ], [ -76.02321474416398, 37.963738905032166 ], [ -76.019250743239027, 37.969711906415455 ], [ -76.017576742457365, 37.964858905454236 ] ] ], [ [ [ -76.030213748025801, 37.995181911386084 ], [ -76.029429747805722, 37.995662911512696 ], [ -76.029256747746231, 37.995562911497636 ], [ -76.030213748025801, 37.995181911386084 ] ] ], [ [ [ -76.030213748025801, 37.995181911386084 ], [ -76.040589749972554, 37.970632905898952 ], [ -76.049086754033226, 37.996958911129703 ], [ -76.030213748025801, 37.995181911386084 ] ] ], [ [ [ -76.498260902146626, 38.136091925063837 ], [ -76.465332890198653, 38.105837919880273 ], [ -76.491416899579121, 38.128266923667105 ], [ -76.498260902146626, 38.136091925063837 ] ] ], [ [ [ -75.943535729797745, 38.162993949354693 ], [ -75.927419722821114, 38.127055942388239 ], [ -75.959414733369073, 38.136621943319874 ], [ -75.943535729797745, 38.162993949354693 ] ] ], [ [ [ -76.838080015248622, 38.260335939224781 ], [ -76.844463016949518, 38.255047937908067 ], [ -76.86249602336548, 38.269069940190391 ], [ -76.838080015248622, 38.260335939224781 ] ] ], [ [ [ -75.242267502344419, 38.02721694396368 ], [ -75.25064450494915, 38.026636943570715 ], [ -75.087147468875955, 38.323076010958665 ], [ -75.242267502344419, 38.02721694396368 ] ] ], [ [ [ -76.227944829042087, 38.348185978330136 ], [ -76.193746816746881, 38.31946797352655 ], [ -76.177954812587572, 38.334048977088685 ], [ -76.172405810414901, 38.326128975631562 ], [ -76.192392816260067, 38.318330973336174 ], [ -76.160707804872729, 38.291723968878657 ], [ -76.153502799797252, 38.239831958328992 ], [ -76.227944829042087, 38.348185978330136 ] ] ], [ [ [ -75.048941463546981, 38.451272038934334 ], [ -75.085840468524594, 38.324241011244318 ], [ -75.064892468583793, 38.451304038421895 ], [ -75.048941463546981, 38.451272038934334 ] ] ], [ [ [ -76.321691877315189, 38.688696045497437 ], [ -76.338473881515725, 38.669537040976621 ], [ -76.334753883190103, 38.72027405154391 ], [ -76.321691877315189, 38.688696045497437 ] ] ], [ [ [ -76.288957873835116, 38.809979071551588 ], [ -76.342327886110269, 38.729888053259621 ], [ -76.289638874265975, 38.813824072317281 ], [ -76.288957873835116, 38.809979071551588 ] ] ], [ [ [ -76.104537819892457, 38.88295309286957 ], [ -76.18606084450947, 38.864204086222223 ], [ -76.131203829542926, 38.905194096513796 ], [ -76.104537819892457, 38.88295309286957 ] ] ], [ [ [ -76.180270846556581, 38.932818100483956 ], [ -76.177004845410949, 38.930750100172908 ], [ -76.205816850072466, 38.852554083152569 ], [ -76.180270846556581, 38.932818100483956 ] ] ], [ [ [ -76.447683934266848, 38.994720103867827 ], [ -76.450683935222202, 38.994920103803992 ], [ -76.4506839352795, 38.995920104008128 ], [ -76.447683934266848, 38.994720103867827 ] ] ], [ [ [ -76.301029890228619, 39.03201511658883 ], [ -76.24881386749729, 38.921441095788254 ], [ -76.316371891867831, 38.976040104620061 ], [ -76.375867902756013, 38.838093074315687 ], [ -76.301029890228619, 39.03201511658883 ] ] ], [ [ [ -76.21978186591511, 39.054549124008886 ], [ -76.19764685651981, 39.012035116090701 ], [ -76.242538871597915, 39.028436117887587 ], [ -76.21978186591511, 39.054549124008886 ] ] ], [ [ [ -76.360282926098463, 39.330016175143307 ], [ -76.327581914854392, 39.314116173067688 ], [ -76.341481918577713, 39.302716170267892 ], [ -76.360282926098463, 39.330016175143307 ] ] ], [ [ [ -76.288957873835116, 38.809979071551588 ], [ -76.253639865711548, 38.862980083642746 ], [ -76.168730832242545, 38.742709061861142 ], [ -76.122199820082926, 38.787128072588686 ], [ -76.19738584706063, 38.846193082137503 ], [ -76.062956806934423, 38.885456094809406 ], [ -76.101202822131896, 38.941407104965506 ], [ -76.163297839801743, 38.907861095956122 ], [ -76.16682684471084, 38.97505610959351 ], [ -76.180270846556581, 38.932818100483956 ], [ -76.246255869706388, 38.974600106755375 ], [ -76.146752839614933, 38.996765114726813 ], [ -76.150529845501396, 39.079429131486201 ], [ -76.071960819364079, 39.055502129312949 ], [ -76.145388844624762, 39.092500134331708 ], [ -76.000499802289511, 39.151917151457212 ], [ -76.059365824050275, 39.20759316076866 ], [ -76.168378851983036, 39.094401133923583 ], [ -76.120240841436427, 39.175605152145636 ], [ -76.188807863076605, 39.175701149785667 ], [ -76.189254863143219, 39.174405149506178 ], [ -76.191114863421845, 39.169029148346972 ], [ -76.192551863473852, 39.162031146871662 ], [ -76.192853863484558, 39.160558146561137 ], [ -76.194307862943177, 39.143099142953744 ], [ -76.194297862908684, 39.1425551428433 ], [ -76.185795858305994, 39.108957136289128 ], [ -76.226410867901095, 39.05274012340977 ], [ -76.278461889786755, 39.148453141117677 ], [ -76.174303867066499, 39.3244531805273 ], [ -75.967329804394538, 39.371911197355701 ], [ -75.882372777076867, 39.364151198720798 ], [ -76.041347828999108, 39.392712199004173 ], [ -75.86146277570505, 39.455432217958425 ], [ -75.924851797661134, 39.488148222385895 ], [ -75.839150775783978, 39.579097243753914 ], [ -76.005881821060555, 39.449390211721976 ], [ -75.944805810028356, 39.592339242752267 ], [ -76.076032848728119, 39.543504228307242 ], [ -76.133276863634663, 39.488618215212561 ], [ -76.060700838319207, 39.447990209528882 ], [ -76.227878889118514, 39.41281719656314 ], [ -76.22697888517672, 39.349917183851765 ], [ -76.250779899214606, 39.461817205672531 ], [ -76.281779899547161, 39.299417171690791 ], [ -76.366187932294849, 39.404210189960757 ], [ -76.359760929710916, 39.394723188267285 ], [ -76.416084946785105, 39.382716183852381 ], [ -76.360282926098463, 39.330016175143307 ], [ -76.443384952168458, 39.327516171711963 ], [ -76.407483936192818, 39.247616156769325 ], [ -76.505282970446615, 39.306309165231198 ], [ -76.398682932855024, 39.237916155108408 ], [ -76.442455944185852, 39.195399144933887 ], [ -76.474285958748084, 39.273316159635201 ], [ -76.529584974262889, 39.240516151031485 ], [ -76.571261989496307, 39.276493156856858 ], [ -76.579876992276326, 39.277612156778908 ], [ -76.631329007989478, 39.269160153244414 ], [ -76.611614000500822, 39.24732214951473 ], [ -76.589114991409119, 39.212995143344799 ], [ -76.588601991219335, 39.212510143264431 ], [ -76.58327998924625, 39.207417142418322 ], [ -76.595990991765746, 39.181974136802545 ], [ -76.593176990794674, 39.180514136605296 ], [ -76.584622987843218, 39.176078136005628 ], [ -76.599724991459539, 39.156525131499372 ], [ -76.597529990822309, 39.15744513176378 ], [ -76.593787989735674, 39.159015132214876 ], [ -76.582788987209781, 39.175116135874973 ], [ -76.577827987433736, 39.205778142278035 ], [ -76.533083973455831, 39.207744144254811 ], [ -76.551387976636775, 39.163317134583373 ], [ -76.540346972568116, 39.153117132898188 ], [ -76.536407971209158, 39.151074132621211 ], [ -76.521509966070269, 39.143348131573809 ], [ -76.519885965509971, 39.142505131459245 ], [ -76.432982936449932, 39.113218128546364 ], [ -76.426056933152395, 39.09384612484245 ], [ -76.445084939713226, 39.103714126186993 ], [ -76.445323939795543, 39.103837126203814 ], [ -76.546286970556935, 39.086118119055094 ], [ -76.403985922708515, 39.033032113212784 ], [ -76.447683934266848, 38.994720103867827 ], [ -76.619189993200763, 39.081018115453155 ], [ -76.476188942485052, 38.98161910019747 ], [ -76.459481932971599, 38.907122085551215 ], [ -76.606287983136426, 38.977019094705803 ], [ -76.493782943580513, 38.904022083722353 ], [ -76.560082958684205, 38.803424060811743 ], [ -76.526658943600353, 38.722516045371059 ], [ -76.528608943661737, 38.712771043301409 ], [ -76.532774943823412, 38.692470038985093 ], [ -76.506019924892158, 38.504615001209714 ], [ -76.380593878923932, 38.384793980727693 ], [ -76.421557888147376, 38.319081965707241 ], [ -76.48401790828413, 38.329409965715655 ], [ -76.482017913944503, 38.443085989321325 ], [ -76.506347918573383, 38.38902497730114 ], [ -76.646055966710961, 38.467506988718029 ], [ -76.672611983488196, 38.617975018811592 ], [ -76.701757988534766, 38.545445002865371 ], [ -76.700205985404878, 38.49840699322143 ], [ -76.512152916736227, 38.322870963397321 ], [ -76.375024872487487, 38.299426963214145 ], [ -76.380491869414314, 38.211875944836031 ], [ -76.321892841560071, 38.036372910235592 ], [ -76.467754897191483, 38.220169943593476 ], [ -76.467279891985683, 38.127497924326946 ], [ -76.686347966274951, 38.232624938704525 ], [ -76.627546950743593, 38.284487951483186 ], [ -76.718871976464342, 38.232962937657078 ], [ -76.727126983426544, 38.312026953764757 ], [ -76.778626994898119, 38.228478934670214 ], [ -76.871970033022819, 38.388889964651824 ], [ -76.922775048654088, 38.384330961943192 ], [ -76.840869016462605, 38.266490940403905 ], [ -77.014606075958397, 38.359456953604891 ], [ -77.286205160057122, 38.347033941521097 ], [ -77.299405173089156, 38.503229973223149 ], [ -77.256606163019939, 38.560727986552351 ], [ -77.225505155881478, 38.605625996869882 ], [ -77.085802117994447, 38.706624022522149 ], [ -77.040301108390949, 38.787122040609873 ], [ -77.039501108371596, 38.791122041456319 ], [ -77.038601108112701, 38.791522041569984 ], [ -77.038101109350578, 38.815621046514771 ], [ -77.046001113315668, 38.841321051485671 ], [ -77.065103122320863, 38.893250061407251 ], [ -77.119903141895577, 38.934319067827609 ], [ -77.227355178069871, 38.976873072646349 ], [ -77.25429518781155, 38.998919076162053 ], [ -77.328408214534463, 39.058016085495233 ], [ -77.520519278508559, 39.12150609139659 ], [ -77.458886265108347, 39.219835113521931 ], [ -77.677378339926591, 39.324303126575145 ], [ -77.719032352783515, 39.321134124401254 ], [ -77.803252386304067, 39.437144144584884 ], [ -77.765996378249312, 39.495733157711783 ], [ -77.825564396777807, 39.493359155019775 ], [ -77.888948420542974, 39.555958165177017 ], [ -77.837843407645195, 39.606035177092828 ], [ -78.022451466374278, 39.619533172858127 ], [ -78.175804519264517, 39.695986182284408 ], [ -78.264444542195534, 39.620055163810427 ], [ -78.333726564934182, 39.636696164487489 ], [ -78.432027594748661, 39.622087157831793 ], [ -78.468641599484144, 39.516798135469685 ], [ -78.657658659673459, 39.535181131901027 ], [ -78.766643700975663, 39.648396150195858 ], [ -78.956753746813973, 39.440272101487103 ], [ -79.062017781802624, 39.474752104268298 ], [ -79.066999783681879, 39.479835105085257 ], [ -79.271845837542244, 39.327856066877665 ], [ -79.486875896378464, 39.205969034197366 ], [ -79.486136904842439, 39.340232060971026 ], [ -79.476664926956886, 39.721086136747076 ], [ -79.39246190079875, 39.72158614018354 ], [ -79.04555179283733, 39.722892154095454 ], [ -78.931179757159157, 39.722783158540999 ], [ -78.808387718844116, 39.722922163345146 ], [ -78.380337585018907, 39.722697179797045 ], [ -78.342522573172189, 39.722548181213121 ], [ -78.099128496901258, 39.722200190404017 ], [ -78.0700994878095, 39.722346191532168 ], [ -78.063734485816369, 39.722386191781077 ], [ -77.469147298929528, 39.720026213573121 ], [ -77.459428295872556, 39.720036213935053 ], [ -77.21680921949563, 39.72000622287468 ], [ -77.166508203648831, 39.720007224719566 ], [ -76.999606151031671, 39.719909230797079 ], [ -76.956171137362844, 39.720409232477614 ], [ -76.910503122968208, 39.720610234177116 ], [ -76.787099084032775, 39.720811238686942 ], [ -76.5693920152858, 39.721212246602505 ], [ -76.239979911094778, 39.72141325837778 ], [ -76.233279908967603, 39.721313258594741 ], [ -76.135475878012755, 39.721615262110724 ], [ -75.788360767979256, 39.72181927431064 ], [ -75.766669741209427, 39.377224205364911 ], [ -75.760288734856076, 39.30117719012506 ], [ -75.759980734499266, 39.296616189207526 ], [ -75.755955730351758, 39.245967179032789 ], [ -75.74766972193386, 39.143314158376143 ], [ -75.739804713855577, 39.043664138267609 ], [ -75.734850708751608, 38.980286125451315 ], [ -75.722677696621275, 38.830876095175491 ], [ -75.707347681053761, 38.635289055355287 ], [ -75.70156767517598, 38.560744040126494 ], [ -75.693522667197385, 38.460137019538301 ], [ -75.574112629381418, 38.455999022653316 ], [ -75.477577598850502, 38.453680025371213 ], [ -75.34125255579724, 38.451979029515535 ], [ -75.318968548764872, 38.451848030221427 ], [ -75.089752476430277, 38.451301037611302 ], [ -75.102407477149285, 38.389080024235113 ], [ -75.190421507084366, 38.430291029950489 ], [ -75.09289547101632, 38.329340012079967 ], [ -75.377686544301326, 38.015184937044808 ], [ -75.447388565907374, 38.009430933568169 ], [ -75.622991620271748, 37.994360924665472 ], [ -75.624343620688606, 37.994218924591159 ], [ -75.848509687314674, 37.923862902453074 ], [ -75.851701692539123, 38.004015919158881 ], [ -75.898611705627246, 37.973353911180276 ], [ -75.74493466351143, 38.088614940403161 ], [ -75.873615703977165, 38.090168936467485 ], [ -75.74090666638935, 38.166780956879201 ], [ -75.951568733126976, 38.178100952238829 ], [ -75.760713678967605, 38.285948981080921 ], [ -75.920201727903375, 38.264209971234713 ], [ -75.821087708611742, 38.48367102015284 ], [ -75.948737735426363, 38.237502964717542 ], [ -76.018585761219853, 38.309182977295208 ], [ -75.975797750901776, 38.366750990696595 ], [ -76.062654774842798, 38.305298975005698 ], [ -76.032626760620474, 38.216462957525472 ], [ -76.223868830338503, 38.395227988225209 ], [ -76.274874844699184, 38.365285980284568 ], [ -76.328915869122625, 38.500826006503431 ], [ -76.273226848940226, 38.45185699827622 ], [ -76.223272838116955, 38.539912018188367 ], [ -76.122943805976249, 38.528639019273598 ], [ -76.202566834517754, 38.592398029733204 ], [ -76.234958841806119, 38.540251017859816 ], [ -76.238297846256984, 38.601634030418339 ], [ -76.278107854925764, 38.532476014780144 ], [ -76.289556863899321, 38.629278034363551 ], [ -76.022230775717006, 38.554053027944512 ], [ -75.937763755909657, 38.676997056196129 ], [ -75.997237779070446, 38.757127070685748 ], [ -75.950473759735161, 38.673815055108768 ], [ -76.026036778288002, 38.579049032982198 ], [ -76.147977819863314, 38.637560040913577 ], [ -76.091337804854135, 38.688096053262981 ], [ -76.176863831040436, 38.675266047698962 ], [ -76.072158801271499, 38.732226063006046 ], [ -76.115040817280416, 38.777303070814014 ], [ -76.198319837518952, 38.670455045973789 ], [ -76.241063858583331, 38.806682072524694 ], [ -76.271049862526013, 38.708842051383662 ], [ -76.288957873835116, 38.809979071551588 ] ] ] ] } },
{ "type": "Feature", "properties": { "fid": 82, "ID_NUM": 82, "NAME": "Maryland", "ID": "md_state", "VERSION": 2, "START_DATE": "1791-03-30", "END_DATE": "2000-12-31", "CHANGE": "The United States created an unnamed district from land ceded by Maryland and Virginia to be the seat of national government.", "CITATION": "(Richardson, 1:102; Van Zandt, 90)", "START_N": 17910330, "END_N": 20001231, "AREA_SQMI": 9996.0, "TERR_TYPE": "State", "FULL_NAME": "Maryland", "ABBR_NAME": "MD", "NAME_START": "Maryland (1791-03-30)" }, "geometry": { "type": "MultiPolygon", "coordinates": [ [ [ [ -76.017576742457365, 37.964858905454236 ], [ -76.02321474416398, 37.963738905032166 ], [ -76.019250743239027, 37.969711906415455 ], [ -76.017576742457365, 37.964858905454236 ] ] ], [ [ [ -76.030213748025801, 37.995181911386084 ], [ -76.029429747805722, 37.995662911512696 ], [ -76.029256747746231, 37.995562911497636 ], [ -76.030213748025801, 37.995181911386084 ] ] ], [ [ [ -76.030213748025801, 37.995181911386084 ], [ -76.040589749972554, 37.970632905898952 ], [ -76.049086754033226, 37.996958911129703 ], [ -76.030213748025801, 37.995181911386084 ] ] ], [ [ [ -76.498260902146626, 38.136091925063837 ], [ -76.465332890198653, 38.105837919880273 ], [ -76.491416899579121, 38.128266923667105 ], [ -76.498260902146626, 38.136091925063837 ] ] ], [ [ [ -75.943535729797745, 38.162993949354693 ], [ -75.927419722821114, 38.127055942388239 ], [ -75.959414733369073, 38.136621943319874 ], [ -75.943535729797745, 38.162993949354693 ] ] ], [ [ [ -76.838080015248622, 38.260335939224781 ], [ -76.844463016949518, 38.255047937908067 ], [ -76.86249602336548, 38.269069940190391 ], [ -76.838080015248622, 38.260335939224781 ] ] ], [ [ [ -75.242267502344419, 38.02721694396368 ], [ -75.25064450494915, 38.026636943570715 ], [ -75.087147468875955, 38.323076010958665 ], [ -75.242267502344419, 38.02721694396368 ] ] ], [ [ [ -76.227944829042087, 38.348185978330136 ], [ -76.193746816746881, 38.31946797352655 ], [ -76.177954812587572, 38.334048977088685 ], [ -76.172405810414901, 38.326128975631562 ], [ -76.192392816260067, 38.318330973336174 ], [ -76.160707804872729, 38.291723968878657 ], [ -76.153502799797252, 38.239831958328992 ], [ -76.227944829042087, 38.348185978330136 ] ] ], [ [ [ -75.048941463546981, 38.451272038934334 ], [ -75.085840468524594, 38.324241011244318 ], [ -75.064892468583793, 38.451304038421895 ], [ -75.048941463546981, 38.451272038934334 ] ] ], [ [ [ -76.321691877315189, 38.688696045497437 ], [ -76.338473881515725, 38.669537040976621 ], [ -76.334753883190103, 38.72027405154391 ], [ -76.321691877315189, 38.688696045497437 ] ] ], [ [ [ -76.288957873835116, 38.809979071551588 ], [ -76.342327886110269, 38.729888053259621 ], [ -76.289638874265975, 38.813824072317281 ], [ -76.288957873835116, 38.809979071551588 ] ] ], [ [ [ -76.104537819892457, 38.88295309286957 ], [ -76.18606084450947, 38.864204086222223 ], [ -76.131203829542926, 38.905194096513796 ], [ -76.104537819892457, 38.88295309286957 ] ] ], [ [ [ -76.180270846556581, 38.932818100483956 ], [ -76.177004845410949, 38.930750100172908 ], [ -76.205816850072466, 38.852554083152569 ], [ -76.180270846556581, 38.932818100483956 ] ] ], [ [ [ -76.447683934266848, 38.994720103867827 ], [ -76.450683935222202, 38.994920103803992 ], [ -76.4506839352795, 38.995920104008128 ], [ -76.447683934266848, 38.994720103867827 ] ] ], [ [ [ -76.301029890228619, 39.03201511658883 ], [ -76.24881386749729, 38.921441095788254 ], [ -76.316371891867831, 38.976040104620061 ], [ -76.375867902756013, 38.838093074315687 ], [ -76.301029890228619, 39.03201511658883 ] ] ], [ [ [ -76.21978186591511, 39.054549124008886 ], [ -76.19764685651981, 39.012035116090701 ], [ -76.242538871597915, 39.028436117887587 ], [ -76.21978186591511, 39.054549124008886 ] ] ], [ [ [ -76.360282926098463, 39.330016175143307 ], [ -76.327581914854392, 39.314116173067688 ], [ -76.341481918577713, 39.302716170267892 ], [ -76.360282926098463, 39.330016175143307 ] ] ], [ [ [ -76.288957873835116, 38.809979071551588 ], [ -76.253639865711548, 38.862980083642746 ], [ -76.168730832242545, 38.742709061861142 ], [ -76.122199820082926, 38.787128072588686 ], [ -76.19738584706063, 38.846193082137503 ], [ -76.062956806934423, 38.885456094809406 ], [ -76.101202822131896, 38.941407104965506 ], [ -76.163297839801743, 38.907861095956122 ], [ -76.16682684471084, 38.97505610959351 ], [ -76.180270846556581, 38.932818100483956 ], [ -76.246255869706388, 38.974600106755375 ], [ -76.146752839614933, 38.996765114726813 ], [ -76.150529845501396, 39.079429131486201 ], [ -76.071960819364079, 39.055502129312949 ], [ -76.145388844624762, 39.092500134331708 ], [ -76.000499802289511, 39.151917151457212 ], [ -76.059365824050275, 39.20759316076866 ], [ -76.168378851983036, 39.094401133923583 ], [ -76.120240841436427, 39.175605152145636 ], [ -76.188807863076605, 39.175701149785667 ], [ -76.189254863143219, 39.174405149506178 ], [ -76.191114863421845, 39.169029148346972 ], [ -76.192551863473852, 39.162031146871662 ], [ -76.192853863484558, 39.160558146561137 ], [ -76.194307862943177, 39.143099142953744 ], [ -76.194297862908684, 39.1425551428433 ], [ -76.185795858305994, 39.108957136289128 ], [ -76.226410867901095, 39.05274012340977 ], [ -76.278461889786755, 39.148453141117677 ], [ -76.174303867066499, 39.3244531805273 ], [ -75.967329804394538, 39.371911197355701 ], [ -75.882372777076867, 39.364151198720798 ], [ -76.041347828999108, 39.392712199004173 ], [ -75.86146277570505, 39.455432217958425 ], [ -75.924851797661134, 39.488148222385895 ], [ -75.839150775783978, 39.579097243753914 ], [ -76.005881821060555, 39.449390211721976 ], [ -75.944805810028356, 39.592339242752267 ], [ -76.076032848728119, 39.543504228307242 ], [ -76.133276863634663, 39.488618215212561 ], [ -76.060700838319207, 39.447990209528882 ], [ -76.227878889118514, 39.41281719656314 ], [ -76.22697888517672, 39.349917183851765 ], [ -76.250779899214606, 39.461817205672531 ], [ -76.281779899547161, 39.299417171690791 ], [ -76.366187932294849, 39.404210189960757 ], [ -76.359760929710916, 39.394723188267285 ], [ -76.416084946785105, 39.382716183852381 ], [ -76.360282926098463, 39.330016175143307 ], [ -76.443384952168458, 39.327516171711963 ], [ -76.407483936192818, 39.247616156769325 ], [ -76.505282970446615, 39.306309165231198 ], [ -76.398682932855024, 39.237916155108408 ], [ -76.442455944185852, 39.195399144933887 ], [ -76.474285958748084, 39.273316159635201 ], [ -76.529584974262889, 39.240516151031485 ], [ -76.571261989496307, 39.276493156856858 ], [ -76.579876992276326, 39.277612156778908 ], [ -76.631329007989478, 39.269160153244414 ], [ -76.611614000500822, 39.24732214951473 ], [ -76.589114991409119, 39.212995143344799 ], [ -76.588601991219335, 39.212510143264431 ], [ -76.58327998924625, 39.207417142418322 ], [ -76.595990991765746, 39.181974136802545 ], [ -76.593176990794674, 39.180514136605296 ], [ -76.584622987843218, 39.176078136005628 ], [ -76.599724991459539, 39.156525131499372 ], [ -76.597529990822309, 39.15744513176378 ], [ -76.593787989735674, 39.159015132214876 ], [ -76.582788987209781, 39.175116135874973 ], [ -76.577827987433736, 39.205778142278035 ], [ -76.533083973455831, 39.207744144254811 ], [ -76.551387976636775, 39.163317134583373 ], [ -76.540346972568116, 39.153117132898188 ], [ -76.536407971209158, 39.151074132621211 ], [ -76.521509966070269, 39.143348131573809 ], [ -76.519885965509971, 39.142505131459245 ], [ -76.432982936449932, 39.113218128546364 ], [ -76.426056933152395, 39.09384612484245 ], [ -76.445084939713226, 39.103714126186993 ], [ -76.445323939795543, 39.103837126203814 ], [ -76.546286970556935, 39.086118119055094 ], [ -76.403985922708515, 39.033032113212784 ], [ -76.447683934266848, 38.994720103867827 ], [ -76.619189993200763, 39.081018115453155 ], [ -76.476188942485052, 38.98161910019747 ], [ -76.459481932971599, 38.907122085551215 ], [ -76.606287983136426, 38.977019094705803 ], [ -76.493782943580513, 38.904022083722353 ], [ -76.560082958684205, 38.803424060811743 ], [ -76.526658943600353, 38.722516045371059 ], [ -76.528608943661737, 38.712771043301409 ], [ -76.532774943823412, 38.692470038985093 ], [ -76.506019924892158, 38.504615001209714 ], [ -76.380593878923932, 38.384793980727693 ], [ -76.421557888147376, 38.319081965707241 ], [ -76.48401790828413, 38.329409965715655 ], [ -76.482017913944503, 38.443085989321325 ], [ -76.506347918573383, 38.38902497730114 ], [ -76.646055966710961, 38.467506988718029 ], [ -76.672611983488196, 38.617975018811592 ], [ -76.701757988534766, 38.545445002865371 ], [ -76.700205985404878, 38.49840699322143 ], [ -76.512152916736227, 38.322870963397321 ], [ -76.375024872487487, 38.299426963214145 ], [ -76.380491869414314, 38.211875944836031 ], [ -76.321892841560071, 38.036372910235592 ], [ -76.467754897191483, 38.220169943593476 ], [ -76.467279891985683, 38.127497924326946 ], [ -76.686347966274951, 38.232624938704525 ], [ -76.627546950743593, 38.284487951483186 ], [ -76.718871976464342, 38.232962937657078 ], [ -76.727126983426544, 38.312026953764757 ], [ -76.778626994898119, 38.228478934670214 ], [ -76.871970033022819, 38.388889964651824 ], [ -76.922775048654088, 38.384330961943192 ], [ -76.840869016462605, 38.266490940403905 ], [ -77.014606075958397, 38.359456953604891 ], [ -77.286205160057122, 38.347033941521097 ], [ -77.299405173089156, 38.503229973223149 ], [ -77.256606163019939, 38.560727986552351 ], [ -77.225505155881478, 38.605625996869882 ], [ -77.085802117994447, 38.706624022522149 ], [ -77.040301108390949, 38.787122040609873 ], [ -77.039501108371596, 38.791122041456319 ], [ -77.038601108112701, 38.791522041569984 ], [ -76.909398073467926, 38.892820066841765 ], [ -77.00250110689656, 38.965419078346002 ], [ -77.008001108872875, 38.969719079026206 ], [ -77.119903141895577, 38.934319067827609 ], [ -77.227355178069871, 38.976873072646349 ], [ -77.25429518781155, 38.998919076162053 ], [ -77.328408214534463, 39.058016085495233 ], [ -77.520519278508559, 39.12150609139659 ], [ -77.458886265108347, 39.219835113521931 ], [ -77.677378339926591, 39.324303126575145 ], [ -77.719032352783515, 39.321134124401254 ], [ -77.803252386304067, 39.437144144584884 ], [ -77.765996378249312, 39.495733157711783 ], [ -77.825564396777807, 39.493359155019775 ], [ -77.888948420542974, 39.555958165177017 ], [ -77.837843407645195, 39.606035177092828 ], [ -78.022451466374278, 39.619533172858127 ], [ -78.175804519264517, 39.695986182284408 ], [ -78.264444542195534, 39.620055163810427 ], [ -78.333726564934182, 39.636696164487489 ], [ -78.432027594748661, 39.622087157831793 ], [ -78.468641599484144, 39.516798135469685 ], [ -78.657658659673459, 39.535181131901027 ], [ -78.766643700975663, 39.648396150195858 ], [ -78.956753746813973, 39.440272101487103 ], [ -79.062017781802624, 39.474752104268298 ], [ -79.066999783681879, 39.479835105085257 ], [ -79.271845837542244, 39.327856066877665 ], [ -79.486875896378464, 39.205969034197366 ], [ -79.486136904842439, 39.340232060971026 ], [ -79.476664926956886, 39.721086136747076 ], [ -79.39246190079875, 39.72158614018354 ], [ -79.04555179283733, 39.722892154095454 ], [ -78.931179757159157, 39.722783158540999 ], [ -78.808387718844116, 39.722922163345146 ], [ -78.380337585018907, 39.722697179797045 ], [ -78.342522573172189, 39.722548181213121 ], [ -78.099128496901258, 39.722200190404017 ], [ -78.0700994878095, 39.722346191532168 ], [ -78.063734485816369, 39.722386191781077 ], [ -77.469147298929528, 39.720026213573121 ], [ -77.459428295872556, 39.720036213935053 ], [ -77.21680921949563, 39.72000622287468 ], [ -77.166508203648831, 39.720007224719566 ], [ -76.999606151031671, 39.719909230797079 ], [ -76.956171137362844, 39.720409232477614 ], [ -76.910503122968208, 39.720610234177116 ], [ -76.787099084032775, 39.720811238686942 ], [ -76.5693920152858, 39.721212246602505 ], [ -76.239979911094778, 39.72141325837778 ], [ -76.233279908967603, 39.721313258594741 ], [ -76.135475878012755, 39.721615262110724 ], [ -75.788360767979256, 39.72181927431064 ], [ -75.766669741209427, 39.377224205364911 ], [ -75.760288734856076, 39.30117719012506 ], [ -75.759980734499266, 39.296616189207526 ], [ -75.755955730351758, 39.245967179032789 ], [ -75.74766972193386, 39.143314158376143 ], [ -75.739804713855577, 39.043664138267609 ], [ -75.734850708751608, 38.980286125451315 ], [ -75.722677696621275, 38.830876095175491 ], [ -75.707347681053761, 38.635289055355287 ], [ -75.70156767517598, 38.560744040126494 ], [ -75.693522667197385, 38.460137019538301 ], [ -75.574112629381418, 38.455999022653316 ], [ -75.477577598850502, 38.453680025371213 ], [ -75.34125255579724, 38.451979029515535 ], [ -75.318968548764872, 38.451848030221427 ], [ -75.089752476430277, 38.451301037611302 ], [ -75.102407477149285, 38.389080024235113 ], [ -75.190421507084366, 38.430291029950489 ], [ -75.09289547101632, 38.329340012079967 ], [ -75.377686544301326, 38.015184937044808 ], [ -75.447388565907374, 38.009430933568169 ], [ -75.622991620271748, 37.994360924665472 ], [ -75.624343620688606, 37.994218924591159 ], [ -75.848509687314674, 37.923862902453074 ], [ -75.851701692539123, 38.004015919158881 ], [ -75.898611705627246, 37.973353911180276 ], [ -75.74493466351143, 38.088614940403161 ], [ -75.873615703977165, 38.090168936467485 ], [ -75.74090666638935, 38.166780956879201 ], [ -75.951568733126976, 38.178100952238829 ], [ -75.760713678967605, 38.285948981080921 ], [ -75.920201727903375, 38.264209971234713 ], [ -75.821087708611742, 38.48367102015284 ], [ -75.948737735426363, 38.237502964717542 ], [ -76.018585761219853, 38.309182977295208 ], [ -75.975797750901776, 38.366750990696595 ], [ -76.062654774842798, 38.305298975005698 ], [ -76.032626760620474, 38.216462957525472 ], [ -76.223868830338503, 38.395227988225209 ], [ -76.274874844699184, 38.365285980284568 ], [ -76.328915869122625, 38.500826006503431 ], [ -76.273226848940226, 38.45185699827622 ], [ -76.223272838116955, 38.539912018188367 ], [ -76.122943805976249, 38.528639019273598 ], [ -76.202566834517754, 38.592398029733204 ], [ -76.234958841806119, 38.540251017859816 ], [ -76.238297846256984, 38.601634030418339 ], [ -76.278107854925764, 38.532476014780144 ], [ -76.289556863899321, 38.629278034363551 ], [ -76.022230775717006, 38.554053027944512 ], [ -75.937763755909657, 38.676997056196129 ], [ -75.997237779070446, 38.757127070685748 ], [ -75.950473759735161, 38.673815055108768 ], [ -76.026036778288002, 38.579049032982198 ], [ -76.147977819863314, 38.637560040913577 ], [ -76.091337804854135, 38.688096053262981 ], [ -76.176863831040436, 38.675266047698962 ], [ -76.072158801271499, 38.732226063006046 ], [ -76.115040817280416, 38.777303070814014 ], [ -76.198319837518952, 38.670455045973789 ], [ -76.241063858583331, 38.806682072524694 ], [ -76.271049862526013, 38.708842051383662 ], [ -76.288957873835116, 38.809979071551588 ] ] ] ] } },
{ "type": "Feature", "properties": { "fid": 83, "ID_NUM": 83, "NAME": "Maine", "ID": "me_state", "VERSION": 1, "START_DATE": "1820-03-15", "END_DATE": "2000-12-31", "CHANGE": "Maine was separated from Massachusetts and admitted to the Union.", "CITATION": "(U.S. Stat., vol. 3, ch. 19 [1820]/p. 544)", "START_N": 18200315, "END_N": 20001231, "AREA_SQMI": 32564.0, "TERR_TYPE": "State", "FULL_NAME": "Maine", "ABBR_NAME": "ME", "NAME_START": "Maine (1820-03-15)" }, "geometry": { "type": "MultiPolygon", "coordinates": [ [ [ [ -69.904643083955207, 43.858372265540787 ], [ -69.89448207593226, 43.774965250352196 ], [ -69.913691085754238, 43.835917261113714 ], [ -70.006907110513822, 43.717441236393185 ], [ -69.904643083955207, 43.858372265540787 ] ] ], [ [ [ -68.610450655941918, 44.014058330526254 ], [ -68.654432670410245, 44.006362327918744 ], [ -68.624993664766151, 44.089704344133921 ], [ -68.610450655941918, 44.014058330526254 ] ] ], [ [ [ -68.775880714465032, 44.064255335352058 ], [ -68.860834742213072, 44.045843329635204 ], [ -68.887100755268023, 44.125255343589714 ], [ -68.775880714465032, 44.064255335352058 ] ] ], [ [ [ -68.818102733001396, 44.145554349219459 ], [ -68.942790773296608, 44.110121339269845 ], [ -68.824711737373605, 44.18614235652251 ], [ -68.818102733001396, 44.145554349219459 ] ] ], [ [ [ -68.420808600721884, 44.188157367771382 ], [ -68.405567592788415, 44.134064358191722 ], [ -68.503135626666634, 44.15048835862769 ], [ -68.420808600721884, 44.188157367771382 ] ] ], [ [ [ -68.867368761986867, 44.377838390581182 ], [ -68.930244775461475, 44.230965361885119 ], [ -68.911188776158099, 44.36506138703529 ], [ -68.867368761986867, 44.377838390581182 ] ] ], [ [ [ -68.503882638991371, 44.383442401469146 ], [ -68.491010630892717, 44.31169038864175 ], [ -68.533073646103318, 44.329871390854734 ], [ -68.503882638991371, 44.383442401469146 ] ] ], [ [ [ -67.791895402627929, 44.4934604402834 ], [ -67.796657403741833, 44.483314438303502 ], [ -67.81329341087509, 44.512734443263604 ], [ -67.791895402627929, 44.4934604402834 ] ] ], [ [ [ -67.581291332060147, 44.516416449836626 ], [ -67.569297324923383, 44.454333438763328 ], [ -67.611295342580888, 44.522524450197167 ], [ -67.581291332060147, 44.516416449836626 ] ] ], [ [ [ -69.05033499166052, 47.256631891244311 ], [ -68.850314917926184, 47.196195886850148 ], [ -68.445989781621037, 47.28274091286157 ], [ -68.284101729495859, 47.360398930407051 ], [ -68.051368641402561, 47.251798918510943 ], [ -67.78958553802299, 47.049990891403404 ], [ -67.780212473437302, 45.938904699826736 ], [ -67.80602046858084, 45.680833653669183 ], [ -67.722957440139993, 45.684452656467847 ], [ -67.42971533382719, 45.583783646135743 ], [ -67.416461325079837, 45.502157631959854 ], [ -67.503770354437478, 45.488532627321128 ], [ -67.418747319503396, 45.377269609631902 ], [ -67.48933233888215, 45.281292590678781 ], [ -67.345584281747918, 45.126401566485633 ], [ -67.283683263747633, 45.191345579709299 ], [ -67.163251220767265, 45.15820257673824 ], [ -66.983853147254166, 44.911630536611938 ], [ -67.225291230971507, 44.933164534596592 ], [ -67.172516206016709, 44.791619510220563 ], [ -67.10402318755375, 44.894120530508012 ], [ -67.071593172694278, 44.816264517171447 ], [ -67.02342815785974, 44.850431524550174 ], [ -67.061766173693741, 44.90665453381304 ], [ -66.94992613102356, 44.815257519944758 ], [ -67.25760622711212, 44.627101478150379 ], [ -67.296191244199846, 44.707744491904862 ], [ -67.403728281314244, 44.715783490694157 ], [ -67.406248276232418, 44.594471468502469 ], [ -67.428734287425556, 44.666411481072565 ], [ -67.458915294297171, 44.596623467579739 ], [ -67.571964336056851, 44.661608476597749 ], [ -67.565037327292842, 44.532037453105517 ], [ -67.657865360860939, 44.571288457936156 ], [ -67.713435376080866, 44.496677442874571 ], [ -67.736223389796166, 44.616059464117797 ], [ -67.793632404517396, 44.51943544499337 ], [ -67.808996414736214, 44.618826462759557 ], [ -67.899061434112213, 44.394133419321946 ], [ -67.900947439518546, 44.489069436678555 ], [ -67.937265447901041, 44.410122421271559 ], [ -67.991645471142107, 44.504217437105261 ], [ -67.959780454986216, 44.398824418616591 ], [ -68.060356485788304, 44.331998403734183 ], [ -68.101262506939435, 44.474962428896369 ], [ -68.251216561255319, 44.53965243678671 ], [ -68.216647551691921, 44.582196445467389 ], [ -68.295651577198569, 44.555674438536698 ], [ -68.224379548320783, 44.465701423970195 ], [ -68.321776585146694, 44.53761043454476 ], [ -68.270011563464095, 44.45860342146679 ], [ -68.31349257730902, 44.440584417016218 ], [ -68.173608524057443, 44.328406400117814 ], [ -68.294356562923738, 44.287062389339518 ], [ -68.330611579859593, 44.377304404961173 ], [ -68.336571573894204, 44.22167737618431 ], [ -68.431167610626119, 44.312261390344503 ], [ -68.326515581454359, 44.43518741568252 ], [ -68.418082610585969, 44.397243406293619 ], [ -68.42274561737031, 44.497239424477961 ], [ -68.504748645086266, 44.494413421764868 ], [ -68.459349623977843, 44.385374403015462 ], [ -68.565685660738652, 44.398248402523279 ], [ -68.535443641637031, 44.228445372137379 ], [ -68.675305691121068, 44.268682375776493 ], [ -68.564350649549269, 44.192181364680216 ], [ -68.708856696652362, 44.157259354345889 ], [ -68.728360709898766, 44.283945377144498 ], [ -68.827420744968322, 44.312443379680069 ], [ -68.811376747782916, 44.46752940853321 ], [ -68.993490807320228, 44.425808395887699 ], [ -68.949849787931527, 44.34025038142093 ], [ -69.028326809621333, 44.249048362505874 ], [ -69.079660820043671, 44.119287337186819 ], [ -69.080977820392604, 44.117484336817675 ], [ -69.073810814172774, 44.046164323844359 ], [ -69.26108787050201, 43.917496294817198 ], [ -69.174221849585876, 44.074364326268842 ], [ -69.286380881208672, 43.958211301656121 ], [ -69.353212906799882, 44.014917310274967 ], [ -69.376499918787971, 44.091191323706482 ], [ -69.380336919989048, 44.089457323278204 ], [ -69.513784950986505, 43.831308271716793 ], [ -69.543545965941192, 43.922353287763187 ], [ -69.590700975952501, 43.814387266390973 ], [ -69.664816002045242, 43.835692268235711 ], [ -69.654240995798475, 43.786281259357679 ], [ -69.690171009847134, 43.822359265035153 ], [ -69.677328006450935, 43.839288268545509 ], [ -69.716352020192616, 43.850506269510312 ], [ -69.782230037195916, 43.756431250142846 ], [ -69.854847058738301, 43.704330238356164 ], [ -69.868832074819906, 43.910905276312221 ], [ -70.025149117381105, 43.730872238360881 ], [ -69.947204098807404, 43.868125266112862 ], [ -70.099117148440541, 43.842511256929662 ], [ -70.277527198665254, 43.670129219655109 ], [ -70.196643165716438, 43.565345202497355 ], [ -70.353208216480596, 43.535444192300616 ], [ -70.333586205008459, 43.447397176411378 ], [ -70.559178273074266, 43.316111145101274 ], [ -70.672366297141025, 43.070742095497671 ], [ -70.825001353669862, 43.17269511015644 ], [ -70.809641351522842, 43.22541712054467 ], [ -70.881704378205157, 43.272492127215052 ], [ -70.985965419110173, 43.380032144209885 ], [ -70.962182420450674, 43.541042175017843 ], [ -70.989068444095949, 43.792449220896572 ], [ -70.99432745480604, 43.944187248764976 ], [ -71.00068246480437, 44.076516272916834 ], [ -71.010031480445619, 44.284771310762338 ], [ -71.045547527424773, 44.854973412915129 ], [ -71.084335569055057, 45.30530249204368 ], [ -70.993963540454345, 45.338639500828492 ], [ -70.885030496822893, 45.234882485862883 ], [ -70.834384482301957, 45.277692495062468 ], [ -70.811597483289603, 45.415904520271724 ], [ -70.722734451709513, 45.395280519412438 ], [ -70.621330417609471, 45.402539523862742 ], [ -70.722845459181812, 45.512782540172715 ], [ -70.552794410939597, 45.667845572787847 ], [ -70.400405362092997, 45.719844586647042 ], [ -70.41744537266662, 45.794900599277817 ], [ -70.259117324444574, 45.890764620929346 ], [ -70.315202351947377, 46.020964641899553 ], [ -70.2326823404115, 46.284438690113411 ], [ -70.056433288019747, 46.415570718135946 ], [ -70.023231286719081, 46.573973746342027 ], [ -69.997087285501252, 46.695239767870582 ], [ -69.721808207740594, 46.970840823097625 ], [ -69.582140168015272, 47.109079850669019 ], [ -69.327666095217026, 47.35908290028064 ], [ -69.20439205802775, 47.452396919531161 ], [ -69.043373999983118, 47.427323920062982 ], [ -69.05033499166052, 47.256631891244311 ] ] ] ] } },
{ "type": "Feature", "properties": { "fid": 117, "ID_NUM": 117, "NAME": "North Carolina", "ID": "nc_state", "VERSION": 2, "START_DATE": "1790-04-02", "END_DATE": "2000-12-31", "CHANGE": "Congress accepted North Carolina's cession of its western lands (i.e. present Tennessee).", "CITATION": "(Terr. Papers U.S., 4:13-17; U.S. Stat., vol. 1, ch. 6[1790], pp. 106-109)", "START_N": 17900402, "END_N": 20001231, "AREA_SQMI": 49365.0, "TERR_TYPE": "State", "FULL_NAME": "North Carolina", "ABBR_NAME": "NC", "NAME_START": "North Carolina (1790-04-02)" }, "geometry": { "type": "MultiPolygon", "coordinates": [ [ [ [ -78.523018313508416, 33.858820931400473 ], [ -78.543857319582628, 33.853521929563819 ], [ -78.530552315910271, 33.861547931782319 ], [ -78.523018313508416, 33.858820931400473 ] ] ], [ [ [ -78.520224313033808, 33.867200933374228 ], [ -78.545600320640062, 33.865466932200498 ], [ -78.528248315673807, 33.871944934195028 ], [ -78.520224313033808, 33.867200933374228 ] ] ], [ [ [ -78.383977273300232, 33.901947945400615 ], [ -78.477362300449187, 33.876119936705287 ], [ -78.435879288747216, 33.895619942376463 ], [ -78.383977273300232, 33.901947945400615 ] ] ], [ [ [ -77.947256141144592, 33.910184960623944 ], [ -77.959786141878041, 33.839817944343586 ], [ -78.009482157873506, 33.860542947518269 ], [ -77.977694149328528, 33.885902954214224 ], [ -77.989438153234417, 33.893648955606174 ], [ -77.968443146928848, 33.895281956613957 ], [ -77.968486146852953, 33.893248956153343 ], [ -77.947256141144592, 33.910184960623944 ] ] ], [ [ [ -78.237909229782858, 33.919376953817221 ], [ -78.379553272050757, 33.904008946001142 ], [ -78.369555269349945, 33.911449947984927 ], [ -78.237909229782858, 33.919376953817221 ] ] ], [ [ [ -78.169195209336081, 33.928466957972979 ], [ -78.014463160791223, 33.892666954622484 ], [ -78.236091229257397, 33.919967954006331 ], [ -78.169195209336081, 33.928466957972979 ] ] ], [ [ [ -77.517999033909462, 34.440530093024265 ], [ -77.654631071480551, 34.348723068251509 ], [ -77.526853037066303, 34.450684095026531 ], [ -77.341976984589891, 34.539630120614831 ], [ -77.517999033909462, 34.440530093024265 ] ] ], [ [ [ -77.241688956056748, 34.587105134311258 ], [ -77.338100983055725, 34.531824118986719 ], [ -77.244953957356159, 34.593819135712856 ], [ -77.241688956056748, 34.587105134311258 ] ] ], [ [ [ -77.115331919818431, 34.641195150276765 ], [ -77.173387936774049, 34.623061144444875 ], [ -77.126646923224598, 34.639913149643803 ], [ -77.115331919818431, 34.641195150276765 ] ] ], [ [ [ -76.655965781140509, 34.688735174882659 ], [ -76.656464781232771, 34.687361174559875 ], [ -76.656852781394477, 34.688323174763426 ], [ -76.655965781140509, 34.688735174882659 ] ] ], [ [ [ -76.803036826895152, 34.70304017362816 ], [ -76.803426826766781, 34.697471172370541 ], [ -76.818170831307171, 34.697897172018088 ], [ -76.803036826895152, 34.70304017362816 ] ] ], [ [ [ -76.676313787580767, 34.693158175257686 ], [ -77.103669916398445, 34.644542151381785 ], [ -76.739866807670566, 34.706449176308062 ], [ -76.676313787580767, 34.693158175257686 ] ] ], [ [ [ -76.691563792806974, 34.705478177554248 ], [ -76.696858794230465, 34.700943176378793 ], [ -76.703626796642681, 34.708499177864972 ], [ -76.691563792806974, 34.705478177554248 ] ] ], [ [ [ -76.577873758254782, 34.713263182733066 ], [ -76.525415740907221, 34.68520817802932 ], [ -76.581556758741215, 34.698699179360517 ], [ -76.577873758254782, 34.713263182733066 ] ] ], [ [ [ -76.670792786959311, 34.717339180837314 ], [ -76.672538787389996, 34.714973180254972 ], [ -76.672191787491371, 34.719656181313525 ], [ -76.670792786959311, 34.717339180837314 ] ] ], [ [ [ -76.416691710844873, 34.760883198251186 ], [ -76.416330710690403, 34.759898198041626 ], [ -76.417690711143692, 34.760700198180238 ], [ -76.416691710844873, 34.760883198251186 ] ] ], [ [ [ -76.404560707503379, 34.769651200578934 ], [ -76.405532707792133, 34.769423200498764 ], [ -76.405032707666678, 34.770064200657245 ], [ -76.404560707503379, 34.769651200578934 ] ] ], [ [ [ -76.341549690698628, 34.827775215480685 ], [ -76.536480739755177, 34.581740154486447 ], [ -76.553115746965105, 34.62965716474141 ], [ -76.543309744358851, 34.638840167095879 ], [ -76.656935781608695, 34.692583175714894 ], [ -76.539950743882059, 34.651434170021119 ], [ -76.536145742454892, 34.645549168815784 ], [ -76.444874718187663, 34.731018190715808 ], [ -76.445383718355998, 34.731290190761392 ], [ -76.444312718038105, 34.731545190850625 ], [ -76.341549690698628, 34.827775215480685 ] ] ], [ [ [ -76.212771655817349, 34.934961243311299 ], [ -76.313833683383493, 34.855125222430807 ], [ -76.314528683808234, 34.859888223474776 ], [ -76.212771655817349, 34.934961243311299 ] ] ], [ [ [ -76.185628648767974, 34.964463250715411 ], [ -76.182986647755015, 34.959974249792701 ], [ -76.185517648593489, 34.961302250012999 ], [ -76.185628648767974, 34.964463250715411 ] ] ], [ [ [ -76.176949646102059, 34.964623251012156 ], [ -76.177450646183161, 34.962974250628854 ], [ -76.177950646367506, 34.963661250767203 ], [ -76.176949646102059, 34.964623251012156 ] ] ], [ [ [ -76.183764648297682, 34.966799251292855 ], [ -76.180593647047431, 34.960638250012913 ], [ -76.186073648939526, 34.965241250875508 ], [ -76.183764648297682, 34.966799251292855 ] ] ], [ [ [ -76.173972645343625, 34.96819525189904 ], [ -76.176142645857468, 34.964714251056776 ], [ -76.175780645882114, 34.967783251752742 ], [ -76.173972645343625, 34.96819525189904 ] ] ], [ [ [ -76.148058638481388, 34.993428258310345 ], [ -76.148979638624866, 34.990268257577483 ], [ -76.150302639084202, 34.991436257798398 ], [ -76.148058638481388, 34.993428258310345 ] ] ], [ [ [ -76.158056640749962, 34.975155253931483 ], [ -76.212938655932788, 34.936404243628672 ], [ -76.188481649203538, 34.954480248400664 ], [ -76.195198651343276, 34.956080248555956 ], [ -76.188049649366107, 34.961142249901187 ], [ -76.187822649022081, 34.954967248529243 ], [ -76.126653632185963, 35.000175260459763 ], [ -76.158056640749962, 34.975155253931483 ] ] ], [ [ [ -76.137919635920184, 35.006092261441154 ], [ -76.14165563680838, 35.000175260008476 ], [ -76.143765637595308, 35.003254260632104 ], [ -76.137919635920184, 35.006092261441154 ] ] ], [ [ [ -76.31132968921095, 35.003444255618113 ], [ -76.297177681299431, 34.923672238248223 ], [ -76.382669707945055, 34.931287237366355 ], [ -76.336238696460612, 34.994089252778799 ], [ -76.296513684903999, 35.009138257335465 ], [ -76.30153268636316, 35.007210256753943 ], [ -76.303785687018106, 35.006343256492457 ], [ -76.30723568802091, 35.005017256092536 ], [ -76.31132968921095, 35.003444255618113 ] ] ], [ [ [ -76.075885619271688, 35.061638275695081 ], [ -76.075939618965052, 35.054378274075049 ], [ -76.085074621890328, 35.056827274346197 ], [ -76.075885619271688, 35.061638275695081 ] ] ], [ [ [ -76.040789608532137, 35.063470277159155 ], [ -76.040650608445446, 35.062486276943943 ], [ -76.041680608800789, 35.063333277101727 ], [ -76.040789608532137, 35.063470277159155 ] ] ], [ [ [ -76.039704607904284, 35.056873275720825 ], [ -76.125981632023809, 35.001185260705476 ], [ -76.047333610807925, 35.06926627825446 ], [ -76.039704607904284, 35.056873275720825 ] ] ], [ [ [ -76.054326612775412, 35.065028277099501 ], [ -76.073768618578185, 35.060722275554582 ], [ -76.061429615210258, 35.070525278111148 ], [ -76.054326612775412, 35.065028277099501 ] ] ], [ [ [ -76.068644617490861, 35.071784278174476 ], [ -76.07571861939762, 35.065623276588376 ], [ -76.07538561950085, 35.070249277629642 ], [ -76.068644617490861, 35.071784278174476 ] ] ], [ [ [ -75.822981545823907, 35.164806306277654 ], [ -76.014186600450316, 35.066211278569682 ], [ -75.824049546258195, 35.167153306768576 ], [ -75.763427528782941, 35.19529231485042 ], [ -75.822981545823907, 35.164806306277654 ] ] ], [ [ [ -75.524099457922929, 35.265994337735812 ], [ -75.528744457491314, 35.223724328184566 ], [ -75.750707524594532, 35.189470313934521 ], [ -75.752267525290137, 35.194280314958952 ], [ -75.524099457922929, 35.265994337735812 ] ] ], [ [ [ -75.524099457922929, 35.265994337735812 ], [ -75.522990458026584, 35.276083340014424 ], [ -75.523583458286851, 35.277814340382044 ], [ -75.522889458036175, 35.27700534022263 ], [ -75.496548460570082, 35.516689394223981 ], [ -75.519650456608261, 35.26739233817964 ], [ -75.524099457922929, 35.265994337735812 ] ] ], [ [ [ -75.496548460570082, 35.516689394223981 ], [ -75.482186463109542, 35.671674428929272 ], [ -75.530971482941439, 35.775048450250331 ], [ -75.479522462280727, 35.671616428996806 ], [ -75.496548460570082, 35.516689394223981 ] ] ], [ [ [ -75.999639634122943, 35.903309464070112 ], [ -75.999639633914569, 35.89885346309341 ], [ -76.003791635243275, 35.899772463166435 ], [ -75.999639634122943, 35.903309464070112 ] ] ], [ [ [ -75.812936577121732, 35.921449473810426 ], [ -75.861262594693542, 35.976995484492093 ], [ -75.811058576555837, 35.921796473944369 ], [ -75.812936577121732, 35.921449473810426 ] ] ], [ [ [ -75.922048640890353, 36.550661607437441 ], [ -75.924389638321145, 36.48258059262907 ], [ -76.013351669261155, 36.550560604527107 ], [ -75.983850660094021, 36.550561605461517 ], [ -75.952849650459299, 36.550561606442301 ], [ -75.922048640890353, 36.550661607437441 ] ] ], [ [ [ -75.773238579359727, 36.231556542826503 ], [ -75.689775545705146, 36.066995509480776 ], [ -75.539968485740374, 35.775233450018092 ], [ -75.643591523664185, 35.901083474537337 ], [ -75.625852514387262, 35.819140457070894 ], [ -75.709790545998231, 35.939956481039566 ], [ -75.65413852752792, 35.913893477026889 ], [ -75.728493554788486, 36.004196494543208 ], [ -75.699756548485112, 36.060192507684974 ], [ -75.776065580210627, 36.230988542614782 ], [ -75.77889658106298, 36.230420542403174 ], [ -75.783744582522488, 36.229448542040622 ], [ -75.784727582818306, 36.229251541967017 ], [ -75.787714583717488, 36.22865254174377 ], [ -75.879746627744098, 36.550762608794464 ], [ -75.867045623794894, 36.550762609194962 ], [ -75.773238579359727, 36.231556542826503 ] ] ], [ [ [ -75.812936577121732, 35.921449473810426 ], [ -75.728849546580108, 35.82480045517076 ], [ -75.761154549819807, 35.677449421746473 ], [ -75.769129551931314, 35.669620419777551 ], [ -75.784310553242562, 35.59539840293828 ], [ -75.815597562859139, 35.593935401663956 ], [ -75.818316563694765, 35.593806401552612 ], [ -75.857375575697844, 35.591981399960531 ], [ -75.891062588579402, 35.645685410779983 ], [ -75.888348585190116, 35.590006398580364 ], [ -76.142134652647883, 35.349463337651073 ], [ -76.532870775508826, 35.401302337118537 ], [ -76.586738797111991, 35.509290359266899 ], [ -76.467766762586692, 35.555609373167002 ], [ -76.629573810558412, 35.514586359099745 ], [ -76.575123787928291, 35.388367332954132 ], [ -77.060799944678138, 35.544077352045846 ], [ -77.061974944942023, 35.542017351556183 ], [ -77.021358930388544, 35.49832534323928 ], [ -77.070937946329423, 35.51310034492117 ], [ -76.80262385807832, 35.390868326436276 ], [ -76.6877418211091, 35.356013322317054 ], [ -76.617498798235047, 35.328901318502282 ], [ -76.46875875022512, 35.280809312446465 ], [ -76.494936755371214, 35.216915297483453 ], [ -76.593858786871337, 35.239893299534579 ], [ -76.518241761885747, 35.202428293555698 ], [ -76.585446782792957, 35.207311292573607 ], [ -76.584198782574759, 35.210943293417024 ], [ -76.584108782559056, 35.211204293477785 ], [ -76.765408835242184, 35.143903272970377 ], [ -76.700503814938656, 35.136215273265883 ], [ -76.536751765243366, 35.151001281577514 ], [ -76.661444800489889, 35.082607262565269 ], [ -76.591569779229019, 35.087573265810931 ], [ -76.803761838864276, 34.964612231963798 ], [ -76.955150889238041, 35.050278246337129 ], [ -77.087853935282936, 35.16584926782533 ], [ -76.775680826093534, 34.872660212342545 ], [ -76.753224819338797, 34.875745213716179 ], [ -76.7067628086469, 34.955154232830246 ], [ -76.626482781345373, 34.896475222202739 ], [ -76.676223799931364, 34.969925237052877 ], [ -76.568747765718044, 34.943613234469908 ], [ -76.552649759649952, 34.918639229391445 ], [ -76.543641757023963, 34.921829230376723 ], [ -76.560618763553322, 34.951054236375597 ], [ -76.510338750161281, 34.997077248159421 ], [ -76.43555772991634, 35.058450264098688 ], [ -76.45382673083634, 34.953734240218211 ], [ -76.454779731110122, 34.953302240092874 ], [ -76.31330568548114, 34.906084233834285 ], [ -76.515500739346095, 34.718823185858774 ], [ -76.608059770900113, 34.789330198838513 ], [ -76.660175783523528, 34.713345180264888 ], [ -76.669910787113182, 34.726903183004247 ], [ -76.683938790551366, 34.707379178210445 ], [ -76.686989792176718, 34.722895181590246 ], [ -76.670011787150415, 34.727044183032589 ], [ -76.721353806095067, 34.798550197459917 ], [ -76.779573821966423, 34.753905185714444 ], [ -76.694531794163112, 34.715508179708891 ], [ -77.092239914167322, 34.67284415805829 ], [ -77.152140936986328, 34.77226117841122 ], [ -77.116780922335892, 34.687427160564852 ], [ -77.204937946521667, 34.625169143949449 ], [ -77.195811943430286, 34.6184961427372 ], [ -77.17731993785695, 34.620382143725458 ], [ -77.23100495323348, 34.597020136856287 ], [ -77.206979946795983, 34.617357142140463 ], [ -77.203326945695139, 34.61773014233578 ], [ -77.205249946607267, 34.624948143890443 ], [ -77.246071957801206, 34.596119136192968 ], [ -77.401954004746784, 34.580358127880189 ], [ -77.314284980319442, 34.633017142345075 ], [ -77.434888022550822, 34.751271164994918 ], [ -77.370264997692047, 34.638727141896105 ], [ -77.447519020010645, 34.610120133125022 ], [ -77.3604049903483, 34.542462120682963 ], [ -77.535734040175086, 34.459577096744574 ], [ -77.687753081245404, 34.341310065571328 ], [ -77.671804076265602, 34.33865006546516 ], [ -77.712657086850058, 34.296849054833203 ], [ -77.703674085544293, 34.328924062304445 ], [ -77.720269090024587, 34.316014058898887 ], [ -77.712718087697752, 34.315435059000968 ], [ -77.731990092673499, 34.295355053904018 ], [ -77.727032091850191, 34.31075205751069 ], [ -77.739777095290449, 34.300837054894771 ], [ -77.743743096164877, 34.293359053095074 ], [ -77.716710087935326, 34.293494053955762 ], [ -77.764558100755437, 34.254111043646688 ], [ -77.937210138897214, 33.928564965079254 ], [ -77.932958141821629, 34.024532986852499 ], [ -78.022682164285627, 33.915442959513676 ], [ -78.221361226225326, 33.952479961784185 ], [ -78.478140301189384, 33.887499939244428 ], [ -78.470051298751642, 33.887781939557605 ], [ -78.483043302167687, 33.876071936519452 ], [ -78.483218302417811, 33.880518937515689 ], [ -78.485171302835099, 33.876589936570312 ], [ -78.499957307552123, 33.881978937328036 ], [ -78.501151307900301, 33.881676937223077 ], [ -78.48331130213451, 33.873491935929856 ], [ -78.526035314524378, 33.861134931828616 ], [ -78.505193309079118, 33.880653936867972 ], [ -78.559373324875196, 33.866942932107435 ], [ -78.650327355851672, 33.94424994668033 ], [ -78.879412433936139, 34.138309983005641 ], [ -78.977485467372546, 34.220654998291025 ], [ -79.02535948370307, 34.260842005728321 ], [ -79.070796499205471, 34.29893601276315 ], [ -79.071171499333275, 34.299248012820698 ], [ -79.235573555495591, 34.437629038286403 ], [ -79.450037629006758, 34.62104407188577 ], [ -79.461756632997449, 34.630440073574945 ], [ -79.464559633938563, 34.632408073917233 ], [ -79.504944647740231, 34.665764079946356 ], [ -79.687505709615863, 34.804894104515306 ], [ -79.927620782146406, 34.806563096884581 ], [ -79.999787803975536, 34.808092094805396 ], [ -80.320412900802268, 34.814016085317036 ], [ -80.522472961706839, 34.817351079199419 ], [ -80.561660973484408, 34.817488077897032 ], [ -80.797547044391479, 34.819794070350952 ], [ -80.782045045601478, 34.935790096114459 ], [ -80.840284066429874, 35.001713108418102 ], [ -80.906556090156471, 35.076771122386369 ], [ -80.934954100253066, 35.107417128030299 ], [ -81.041493128971567, 35.044710110757251 ], [ -81.033199131853209, 35.148692133524413 ], [ -81.328001220943179, 35.163466126364668 ], [ -81.366694232597965, 35.164900125309117 ], [ -81.398666242225389, 35.166067124431777 ], [ -81.594501301176336, 35.173656119129575 ], [ -81.609560305711099, 35.174325118738615 ], [ -81.707752335260125, 35.178529116148667 ], [ -81.768062353368109, 35.180501114421943 ], [ -81.874436385297074, 35.18412111139758 ], [ -81.969329413758445, 35.187293108677601 ], [ -82.216220487753588, 35.19605110166453 ], [ -82.353619528338754, 35.190835095578116 ], [ -82.362995531137329, 35.191045095283336 ], [ -82.574911591624314, 35.145495077859778 ], [ -82.76446764366149, 35.068184054453525 ], [ -82.811579658163595, 35.07833305490302 ], [ -82.896651682157554, 35.056248047085603 ], [ -82.8975026823977, 35.056029047007755 ], [ -82.969229702624204, 35.037614040458642 ], [ -83.008710713754738, 35.027526036863371 ], [ -83.108539741813573, 35.000778027505582 ], [ -83.188165765259981, 34.999476024309928 ], [ -83.483282851964347, 34.993299012132155 ], [ -83.549385871390768, 34.99249900951866 ], [ -83.554740872965994, 34.992469009314057 ], [ -83.577221879578104, 34.992342008455189 ], [ -83.610806889454096, 34.992152007171043 ], [ -83.936649984986886, 34.987491994064641 ], [ -84.005414005163189, 34.987342991463983 ], [ -84.129560041587041, 34.987511986850983 ], [ -84.249922076888851, 34.988049982444743 ], [ -84.321874097979205, 34.988415979813603 ], [ -84.302242100573395, 35.13765401202901 ], [ -84.295832101042961, 35.179371021053512 ], [ -84.295181101043681, 35.182771021793691 ], [ -84.292325101555875, 35.206685026932441 ], [ -84.029115029141749, 35.292190054918315 ], [ -83.961061018870154, 35.463746093547847 ], [ -83.952886016287962, 35.460643093209228 ], [ -83.911272004964815, 35.476821098191252 ], [ -83.868705994919921, 35.520374108950712 ], [ -83.723463954493013, 35.561881123198333 ], [ -83.662960937063517, 35.569146127028397 ], [ -83.568520908932456, 35.564561129659012 ], [ -83.437814872971984, 35.611080144391501 ], [ -83.39662986146034, 35.622728148400462 ], [ -83.392656860420757, 35.625103149049842 ], [ -83.254235823492351, 35.695814169148115 ], [ -83.255492824957756, 35.714982173123673 ], [ -83.159211799285828, 35.764900187251868 ], [ -83.089137779457388, 35.781466193385569 ], [ -82.961643742177387, 35.791062200226186 ], [ -82.919899737657673, 35.928808230698579 ], [ -82.8985097322375, 35.945108234925286 ], [ -82.785194699356722, 35.959239242186193 ], [ -82.653968665887888, 36.056612267556986 ], [ -82.636382661183973, 36.065910270170413 ], [ -82.602880649703323, 36.039840265981063 ], [ -82.610892647942975, 35.967417250495117 ], [ -82.505388617092677, 35.97768725662884 ], [ -82.416673596070353, 36.072847279936362 ], [ -82.355161580159049, 36.115617291222037 ], [ -82.24505654814925, 36.131018298600964 ], [ -82.222055542757175, 36.156919304896583 ], [ -82.080447497333751, 36.103027298908088 ], [ -82.02904448314699, 36.124030305244005 ], [ -81.976049471866204, 36.204521324123974 ], [ -81.932998462419178, 36.264888338396013 ], [ -81.918174459244668, 36.287032343592216 ], [ -81.71258440036361, 36.335927361548315 ], [ -81.728681408363713, 36.39117137251516 ], [ -81.677538404373095, 36.58812541558472 ], [ -81.35332630599332, 36.574731424984549 ], [ -80.912634172268, 36.562043438720487 ], [ -80.901730168956249, 36.561759439063898 ], [ -80.857769155564554, 36.559947440306729 ], [ -80.837957149529316, 36.55915044087017 ], [ -80.823280145124158, 36.559732441533484 ], [ -80.612156081131616, 36.557846448896079 ], [ -80.440104028601496, 36.550638453666593 ], [ -80.085764920625451, 36.542557464809242 ], [ -80.053463910808176, 36.542492465959647 ], [ -80.027272902850186, 36.542502466904935 ], [ -79.952267880053469, 36.542545469611127 ], [ -79.714857807786487, 36.541945477982175 ], [ -79.550476757657989, 36.540972483624962 ], [ -79.510649745505702, 36.540746484989889 ], [ -79.47016273316639, 36.540830486442033 ], [ -79.384744707140968, 36.541341489570847 ], [ -79.342689694310693, 36.541373491062068 ], [ -79.218640656456571, 36.541647495487524 ], [ -79.137938631810911, 36.541747498341117 ], [ -78.960901577710587, 36.542092504603872 ], [ -78.796303527324326, 36.541721510249502 ], [ -78.734163508309791, 36.541955512452802 ], [ -78.45697342338012, 36.54248152212142 ], [ -78.373565397835719, 36.543358525168124 ], [ -78.330200384546771, 36.543754526736443 ], [ -78.323915382620754, 36.543816526964576 ], [ -78.284257370464388, 36.54417652839652 ], [ -78.25692136208157, 36.544385529373976 ], [ -78.050833298745772, 36.544148536331392 ], [ -78.046205297323851, 36.544164536491856 ], [ -77.899773252311832, 36.544671541551189 ], [ -77.793461219622074, 36.545281545261759 ], [ -77.767119211519173, 36.545429546178582 ], [ -77.655843177237543, 36.545291549880069 ], [ -77.50186512977244, 36.545209555003282 ], [ -77.296877066508259, 36.544823561724279 ], [ -77.283069062246028, 36.544831562182637 ], [ -77.164503025707504, 36.546338566419379 ], [ -77.032610984850436, 36.544354570327428 ], [ -76.916046948780405, 36.543822574028042 ], [ -76.915899949150514, 36.552100575813924 ], [ -76.658074869281023, 36.550773583916389 ], [ -76.624675858931056, 36.550681584977688 ], [ -76.54168983320055, 36.550319587581072 ], [ -76.491511817667785, 36.550719589284917 ], [ -76.313216762366196, 36.550559594975816 ], [ -76.122356703121895, 36.550560601066614 ], [ -76.034752675915399, 36.550660603870242 ], [ -76.083254688504866, 36.499805591335793 ], [ -75.945243638965692, 36.36147556571165 ], [ -75.924056635446149, 36.425131580189792 ], [ -75.794021578281772, 36.071823507318626 ], [ -76.047063670400107, 36.357879561728183 ], [ -75.910935618922736, 36.164485523921734 ], [ -76.217147720419973, 36.301156544046201 ], [ -76.061300664659328, 36.145688515128981 ], [ -76.187914702932559, 36.125534506767067 ], [ -76.289611739035777, 36.221544524459894 ], [ -76.192911703537959, 36.105776502303463 ], [ -76.456995789989662, 36.203523515237499 ], [ -76.303103737348891, 36.099341497436306 ], [ -76.411766769825348, 36.075374488786181 ], [ -76.513894798080258, 36.006010470436948 ], [ -76.677695850634478, 36.046474474059202 ], [ -76.683917864929953, 36.300781529083551 ], [ -76.696009868840321, 36.304265529449381 ], [ -76.794019901886912, 36.359899538326388 ], [ -76.723090874252037, 36.243826515484578 ], [ -76.729510876236574, 36.243829515279174 ], [ -76.731317876794591, 36.243818515218678 ], [ -76.695002850964855, 35.942286450799443 ], [ -76.385947755153154, 35.935158458997257 ], [ -76.367513749245546, 35.930761458614441 ], [ -76.360920747501609, 35.936966460177835 ], [ -76.134069679843833, 35.990430478962594 ], [ -76.012340639029091, 35.924094468231047 ], [ -76.041991636502416, 35.672481412057294 ], [ -76.013055627396909, 35.669091412200075 ], [ -75.986832629501308, 35.889287461392755 ], [ -75.812936577121732, 35.921449473810426 ] ] ] ] } },
{ "type": "Feature", "properties": { "fid": 128, "ID_NUM": 128, "NAME": "New Hampshire", "ID": "nh_state", "VERSION": 1, "START_DATE": "1783-09-03", "END_DATE": "2000-12-31", "CHANGE": "New Hampshire became an independent state on 4 July 1776. The map depicts state boundaries as of 3 September 1783.", "CITATION": "(Declaration of Independence)", "START_N": 17830903, "END_N": 20001231, "AREA_SQMI": 9266.0, "TERR_TYPE": "State", "FULL_NAME": "New Hampshire", "ABBR_NAME": "NH", "NAME_START": "New Hampshire (1783-09-03)" }, "geometry": { "type": "MultiPolygon", "coordinates": [ [ [ [ -71.084335569055057, 45.30530249204368 ], [ -71.045547527424773, 44.854973412915129 ], [ -71.010031480445619, 44.284771310762338 ], [ -71.00068246480437, 44.076516272916834 ], [ -70.99432745480604, 43.944187248764976 ], [ -70.989068444095949, 43.792449220896572 ], [ -70.962182420450674, 43.541042175017843 ], [ -70.985965419110173, 43.380032144209885 ], [ -70.881704378205157, 43.272492127215052 ], [ -70.809641351522842, 43.22541712054467 ], [ -70.825001353669862, 43.17269511015644 ], [ -70.917569382175046, 43.131589099612349 ], [ -70.890621370467912, 43.082974091255252 ], [ -70.840041351363382, 43.042385085112585 ], [ -70.813024346543685, 43.116853099989434 ], [ -70.711719308675214, 43.04255308899323 ], [ -70.825397336938053, 42.870700053022333 ], [ -71.185204451926666, 42.791698027131766 ], [ -71.245505469148839, 42.742599015951868 ], [ -71.25595447224552, 42.736112014397833 ], [ -71.38699551353335, 42.698804003275022 ], [ -71.854118668693602, 42.71029399090753 ], [ -71.898716683497611, 42.711427989714856 ], [ -71.928811693489223, 42.71224398891777 ], [ -72.221562790620879, 42.719976981047793 ], [ -72.282981810984893, 42.721557979370928 ], [ -72.458519869210278, 42.726861974692703 ], [ -72.557247909376741, 42.853028995337255 ], [ -72.443763881178469, 43.006254027932577 ], [ -72.452101893401974, 43.161423056790539 ], [ -72.433701891716851, 43.233284070844974 ], [ -72.396361891406613, 43.428883108554579 ], [ -72.329621879883845, 43.600211142554429 ], [ -72.250931862434072, 43.740150171017518 ], [ -72.205014849059751, 43.770952178210194 ], [ -72.040083818196408, 44.155759254240955 ], [ -72.042802819161494, 44.156622254309269 ], [ -72.033136826347445, 44.320374284454743 ], [ -71.837657762504307, 44.34781029585082 ], [ -71.764746741744815, 44.406644308911019 ], [ -71.539898677624834, 44.588840349190079 ], [ -71.632095719058, 44.75152137552314 ], [ -71.487923686385358, 45.001041424919045 ], [ -71.50248769210944, 45.013376426648733 ], [ -71.397811668949601, 45.2035624639093 ], [ -71.442589686405142, 45.238397468638631 ], [ -71.284397636859453, 45.302444485116986 ], [ -71.147067586172497, 45.239771478413097 ], [ -71.084335569055057, 45.30530249204368 ] ] ] ] } },
{ "type": "Feature", "properties": { "fid": 129, "ID_NUM": 129, "NAME": "New Jersey", "ID": "nj_state", "VERSION": 1, "START_DATE": "1783-09-03", "END_DATE": "2000-12-31", "CHANGE": "New Jersey became an independent state on 4 July 1776. The map depicts state boundaries as of 3 September 1783.", "CITATION": "(Declaration of Independence)", "START_N": 17830903, "END_N": 20001231, "AREA_SQMI": 7545.0, "TERR_TYPE": "State", "FULL_NAME": "New Jersey", "ABBR_NAME": "NJ", "NAME_START": "New Jersey (1783-09-03)" }, "geometry": { "type": "MultiPolygon", "coordinates": [ [ [ [ -74.846112428775527, 39.00323615984103 ], [ -74.83839042538456, 38.985749156494542 ], [ -74.85153543017995, 38.997392158460116 ], [ -74.846112428775527, 39.00323615984103 ] ] ], [ [ [ -74.822256421158826, 39.002288160428662 ], [ -74.833729424398442, 38.994882158527723 ], [ -74.829083423558615, 39.006644161101292 ], [ -74.822256421158826, 39.002288160428662 ] ] ], [ [ [ -74.79277041125215, 38.991975159271398 ], [ -74.864459431210406, 38.940419146301537 ], [ -74.795826413993012, 39.024893165947333 ], [ -74.79277041125215, 38.991975159271398 ] ] ], [ [ [ -74.800786415517322, 39.023978165596333 ], [ -74.812317418134228, 39.004660161242775 ], [ -74.811670419137172, 39.027082165877999 ], [ -74.800786415517322, 39.023978165596333 ] ] ], [ [ [ -74.783085410815247, 39.04093516966509 ], [ -74.791746412916865, 39.028943166914246 ], [ -74.8003144157571, 39.031209167099668 ], [ -74.783085410815247, 39.04093516966509 ] ] ], [ [ [ -74.649237377428634, 39.209755208719841 ], [ -74.716298393879953, 39.119982188101119 ], [ -74.69929639111912, 39.168805198680523 ], [ -74.649237377428634, 39.209755208719841 ] ] ], [ [ [ -74.555352352260073, 39.29629422952128 ], [ -74.653813379287612, 39.21722721010147 ], [ -74.624451372130395, 39.257403219295647 ], [ -74.594117363409211, 39.274476223785776 ], [ -74.595410363838596, 39.274811223811867 ], [ -74.593915363351144, 39.274590223815785 ], [ -74.555352352260073, 39.29629422952128 ] ] ], [ [ [ -74.532495345959092, 39.314231233940127 ], [ -74.539099347968076, 39.312524233374681 ], [ -74.530899345759849, 39.319924235157167 ], [ -74.532495345959092, 39.314231233940127 ] ] ], [ [ [ -74.464596326907511, 39.361524245832655 ], [ -74.499323337732491, 39.357235243820696 ], [ -74.485799334228801, 39.372022247285607 ], [ -74.464596326907511, 39.361524245832655 ] ] ], [ [ [ -74.41269431034037, 39.360825247383183 ], [ -74.537881347124127, 39.304102231691012 ], [ -74.430095317307106, 39.387125252192384 ], [ -74.41269431034037, 39.360825247383183 ] ] ], [ [ [ -74.366992298009038, 39.402025257294724 ], [ -74.418394313324967, 39.382425251613462 ], [ -74.335790290224153, 39.441925266461418 ], [ -74.366992298009038, 39.402025257294724 ] ] ], [ [ [ -74.182644253115129, 39.658511315574415 ], [ -74.186661254167461, 39.654273314581964 ], [ -74.188979254930857, 39.654689314591216 ], [ -74.182644253115129, 39.658511315574415 ] ] ], [ [ [ -74.190786255299898, 39.650867313755143 ], [ -74.20162125868012, 39.649379313099878 ], [ -74.19792725814942, 39.661289315641305 ], [ -74.190786255299898, 39.650867313755143 ] ] ], [ [ [ -74.104216233818235, 39.764330339615114 ], [ -74.256154270116184, 39.539532288964907 ], [ -74.25892027141478, 39.547190290435246 ], [ -74.104216233818235, 39.764330339615114 ] ] ], [ [ [ -74.194792340490324, 41.126604608347961 ], [ -73.995337270889067, 41.038918597850277 ], [ -73.893981235708608, 40.997206593027904 ], [ -73.918082238872117, 40.917507576509344 ], [ -73.933582241822791, 40.882008568983863 ], [ -73.9849242535104, 40.797526550570794 ], [ -74.025187261217312, 40.705929531084308 ], [ -74.038491265114629, 40.699157529298439 ], [ -74.039186265422089, 40.700611529563879 ], [ -74.043686266716833, 40.697911528878549 ], [ -74.040490265700186, 40.69813952903008 ], [ -74.145829296538906, 40.644517514877762 ], [ -74.082053281531515, 40.740503536041693 ], [ -74.120979293052471, 40.722836531240986 ], [ -74.160189303622957, 40.687210522867915 ], [ -74.184515308721373, 40.639846512657499 ], [ -74.193278311499668, 40.639123512220948 ], [ -74.211207314762774, 40.595631502984041 ], [ -74.251489322101293, 40.497915482200604 ], [ -74.235088317272044, 40.505628484284159 ], [ -74.248970319155191, 40.460610474852551 ], [ -74.222917310303217, 40.452198474044572 ], [ -74.014056240809225, 40.410571472663818 ], [ -74.017185245501565, 40.475715485563953 ], [ -73.978284230980776, 40.440216479764366 ], [ -73.988633230579296, 40.374090466210298 ], [ -73.978845227538244, 40.37595946690633 ], [ -73.993609230390263, 40.342297459686279 ], [ -74.031398229033385, 40.100855409988931 ], [ -74.097902231892462, 39.766047340168726 ], [ -74.079301235311831, 39.936839375348811 ], [ -74.198386274209994, 39.950674374241963 ], [ -74.105083243187522, 39.929926373109708 ], [ -74.158510248264832, 39.71098532702112 ], [ -74.283012282786061, 39.614791303411693 ], [ -74.307185284667867, 39.507670280807908 ], [ -74.416041322221744, 39.55962728783495 ], [ -74.462009336683039, 39.556000285588361 ], [ -74.391913308191519, 39.443357264923797 ], [ -74.597828366377414, 39.307416230405956 ], [ -74.660396386304342, 39.307872228445085 ], [ -74.648868381676067, 39.290200225208679 ], [ -74.736776400116185, 39.11505018641715 ], [ -74.727411397163749, 39.115442186804465 ], [ -74.740598400918302, 39.107435184727535 ], [ -74.752598403436906, 39.08352617942154 ], [ -74.746085402001896, 39.095242182042618 ], [ -74.726102396017424, 39.101910184067705 ], [ -74.731468397863239, 39.104541184432293 ], [ -74.728058396794069, 39.104792184595766 ], [ -74.725161395735796, 39.102224184163092 ], [ -74.722805395030122, 39.103010184401775 ], [ -74.729909397607685, 39.108975185394414 ], [ -74.720179394267433, 39.104328184758579 ], [ -74.720791394426811, 39.103682184605766 ], [ -74.707002390296736, 39.108284186002855 ], [ -74.788052411249396, 39.019741165141774 ], [ -74.767608406744216, 39.056521173377888 ], [ -74.963462462085701, 38.931202141150166 ], [ -74.914680460003439, 39.177840193438868 ], [ -75.033208499588255, 39.21379519686861 ], [ -75.139137531329084, 39.180030186428077 ], [ -75.416901630962826, 39.387335219375792 ], [ -75.541362674931264, 39.46677023127171 ], [ -75.527448674380935, 39.534508245481078 ], [ -75.527633674446164, 39.5346242454983 ], [ -75.530617675499911, 39.536498245775825 ], [ -75.513615671718838, 39.564729252075345 ], [ -75.559447689999558, 39.629821263668539 ], [ -75.492142673276959, 39.710622282299155 ], [ -75.461716666637287, 39.763138293935796 ], [ -75.448136662945856, 39.773977296587368 ], [ -75.415043654029532, 39.8017953033293 ], [ -75.210426592601578, 39.865921323252067 ], [ -75.140222571517796, 39.88822133013592 ], [ -75.060518552017385, 39.991020353520021 ], [ -74.974714527956408, 40.04871936802374 ], [ -74.72430645358078, 40.147018396219885 ], [ -74.77070747232861, 40.214917408245427 ], [ -74.85651050339979, 40.27741641781995 ], [ -74.868210508177953, 40.295215420974053 ], [ -74.943112534865605, 40.341814427706048 ], [ -75.047177572413716, 40.414076438512801 ], [ -75.068617586869678, 40.542231463207656 ], [ -75.190293628824151, 40.59218946887232 ], [ -75.196805631893525, 40.608588471888027 ], [ -75.196534640429235, 40.751640500129454 ], [ -75.051031600643029, 40.86567152765604 ], [ -75.120436629180873, 40.968311545375087 ], [ -75.11481162931743, 41.000103551801892 ], [ -75.069279615859415, 41.01935755717075 ], [ -75.025778603121822, 41.039814562701054 ], [ -74.96692558753206, 41.094529575466915 ], [ -74.991720595375, 41.092293574161395 ], [ -74.860400560750847, 41.217463603201274 ], [ -74.694916515949387, 41.357432636239295 ], [ -74.365899400311932, 41.202903617462155 ], [ -74.234475354276341, 41.142891610194226 ], [ -74.213292346905675, 41.13400360917128 ], [ -74.194792340490324, 41.126604608347961 ] ] ] ] } },
{ "type": "Feature", "properties": { "fid": 144, "ID_NUM": 144, "NAME": "New York", "ID": "ny_state", "VERSION": 2, "START_DATE": "1855-01-11", "END_DATE": "2000-12-31", "CHANGE": "New York acquired the southwestern corner of Massachusetts (Boston Corner).", "CITATION": "(Pratt, 2:223; Van Zandt, 70, 76)", "START_N": 18550111, "END_N": 20001231, "AREA_SQMI": 48623.0, "TERR_TYPE": "State", "FULL_NAME": "New York", "ABBR_NAME": "NY", "NAME_START": "New York (1855-01-11)" }, "geometry": { "type": "MultiPolygon", "coordinates": [ [ [ [ -73.575372109855778, 40.593998523634426 ], [ -73.754778167160637, 40.584413515866238 ], [ -73.60317411890766, 40.595511523030765 ], [ -73.575372109855778, 40.593998523634426 ] ] ], [ [ [ -73.661443138286856, 40.605986523216515 ], [ -73.662202138021883, 40.596920521386231 ], [ -73.668750140554636, 40.604412522664354 ], [ -73.661443138286856, 40.605986523216515 ] ] ], [ [ [ -73.833301194899377, 40.627412521843482 ], [ -73.834011194334067, 40.613407519034546 ], [ -73.833263194978258, 40.629016522163845 ], [ -73.833301194899377, 40.627412521843482 ] ] ], [ [ [ -74.235088317272044, 40.505628484284159 ], [ -74.251489322101293, 40.497915482200604 ], [ -74.211207314762774, 40.595631502984041 ], [ -74.193278311499668, 40.639123512220948 ], [ -74.184515308721373, 40.639846512657499 ], [ -74.078371275055957, 40.648606517939271 ], [ -74.068186268082613, 40.584113505462476 ], [ -74.235088317272044, 40.505628484284159 ] ] ], [ [ [ -73.289365020312729, 40.643908542830189 ], [ -73.30586502560412, 40.643208542160025 ], [ -73.293365021882195, 40.648908543697701 ], [ -73.289365020312729, 40.643908542830189 ] ] ], [ [ [ -73.264074012943723, 40.658379546526376 ], [ -73.251749008232053, 40.645209544298119 ], [ -73.279764017333051, 40.646108543577384 ], [ -73.264074012943723, 40.658379546526376 ] ] ], [ [ [ -74.043286266116752, 40.689711527265253 ], [ -74.044486266422851, 40.688311526947636 ], [ -74.047186267413295, 40.690411527274357 ], [ -74.043286266116752, 40.689711527265253 ] ] ], [ [ [ -74.015515257017171, 40.687052527661542 ], [ -74.027269260640594, 40.684204526705656 ], [ -74.015065257195687, 40.692690528795183 ], [ -74.015515257017171, 40.687052527661542 ] ] ], [ [ [ -74.040490265700186, 40.69813952903008 ], [ -74.043686266716833, 40.697911528878549 ], [ -74.039186265422089, 40.700611529563879 ], [ -74.038491265114629, 40.699157529298439 ], [ -74.038086264935671, 40.698311529144306 ], [ -74.040490265700186, 40.69813952903008 ] ] ], [ [ [ -73.085253955163736, 40.658771552327899 ], [ -73.31410902746353, 40.628717539006978 ], [ -73.301828023665067, 40.631755540007582 ], [ -73.423750061781632, 40.609215531583565 ], [ -73.572663108725237, 40.589408522807858 ], [ -73.424016062177969, 40.614793532686676 ], [ -73.283794018086866, 40.636216541476493 ], [ -73.201994992775411, 40.656450548134124 ], [ -73.204550993686127, 40.657981548357334 ], [ -73.199441991985267, 40.65708254834172 ], [ -72.755510854341736, 40.766894584313931 ], [ -73.085253955163736, 40.658771552327899 ] ] ], [ [ [ -73.957007241911086, 40.752394542562023 ], [ -73.96038424289722, 40.750610542096368 ], [ -73.939983237582851, 40.772609547132241 ], [ -73.957007241911086, 40.752394542562023 ] ] ], [ [ [ -73.897892225378158, 40.796491553258512 ], [ -73.897776225313521, 40.796018553168643 ], [ -73.898889225694788, 40.796406553208563 ], [ -73.897892225378158, 40.796491553258512 ] ] ], [ [ [ -73.88787322225582, 40.798408553970411 ], [ -73.87118121620486, 40.78680955222675 ], [ -73.889352222096733, 40.78732455172652 ], [ -73.88787322225582, 40.798408553970411 ] ] ], [ [ [ -73.89779722563496, 40.801495554252291 ], [ -73.898393225743746, 40.800042553944778 ], [ -73.898626225915947, 40.801731554271598 ], [ -73.89779722563496, 40.801495554252291 ] ] ], [ [ [ -73.914463230530345, 40.793122552041574 ], [ -73.936083236974611, 40.783909549499661 ], [ -73.925383234563981, 40.802009553438332 ], [ -73.914463230530345, 40.793122552041574 ] ] ], [ [ [ -72.477678768360775, 40.842958608149495 ], [ -72.753113853384406, 40.763578583729092 ], [ -72.730520846918907, 40.779307587571239 ], [ -72.477678768360775, 40.842958608149495 ] ] ], [ [ [ -73.786118192479407, 40.851866567918272 ], [ -73.784052190933295, 40.836530564952405 ], [ -73.791787194609725, 40.857095568765097 ], [ -73.786118192479407, 40.851866567918272 ] ] ], [ [ [ -73.767978186755712, 40.854208568981072 ], [ -73.769173186591715, 40.844607567042061 ], [ -73.772678188588685, 40.859708569913529 ], [ -73.767978186755712, 40.854208568981072 ] ] ], [ [ [ -73.768173188481754, 40.88321157470962 ], [ -73.774775190556937, 40.88221057429341 ], [ -73.770374189462459, 40.887910575565655 ], [ -73.768173188481754, 40.88321157470962 ] ] ], [ [ [ -73.780384192706762, 40.888101575272259 ], [ -73.783141193223813, 40.881596573895436 ], [ -73.786578194420812, 40.883108574080588 ], [ -73.780384192706762, 40.888101575272259 ] ] ], [ [ [ -73.659973158401712, 40.968406595108554 ], [ -73.671174161931745, 40.966806594423247 ], [ -73.657073158256154, 40.98220659792689 ], [ -73.659973158401712, 40.968406595108554 ] ] ], [ [ [ -72.077487652043033, 41.099372671411565 ], [ -72.097923655893183, 41.047101660430208 ], [ -72.119537666534441, 41.114140673040254 ], [ -72.077487652043033, 41.099372671411565 ] ] ], [ [ [ -72.458490769323305, 40.97578963512732 ], [ -72.452445766341484, 40.9570466315988 ], [ -72.466973771987966, 40.974097634527197 ], [ -72.639496824862633, 40.916234617645415 ], [ -72.473404770042379, 40.899725619566667 ], [ -72.316532726529161, 41.037713651818166 ], [ -72.373551745846271, 41.051916652857663 ], [ -72.323815732338844, 41.101115664140039 ], [ -72.275136712764436, 41.032194652008499 ], [ -72.096484652429723, 40.991147649377055 ], [ -71.856246578471726, 41.071566672664595 ], [ -72.474317767033881, 40.838588607384672 ], [ -72.412907748894838, 40.871927615924982 ], [ -73.424169064636061, 40.658009541289331 ], [ -73.737666162215561, 40.594525518440726 ], [ -73.940352224666171, 40.544292501770855 ], [ -73.754910168643178, 40.609928520941736 ], [ -73.766010172521462, 40.615241521634765 ], [ -73.76640717265218, 40.615292521631829 ], [ -73.767118173182794, 40.62062152266892 ], [ -73.743875166638972, 40.637416526772597 ], [ -73.860400205137637, 40.653892526214385 ], [ -73.85929120469541, 40.652404525955184 ], [ -73.857469203967071, 40.649920525521807 ], [ -73.917182222172968, 40.631712519931064 ], [ -73.879281207025883, 40.580013510897949 ], [ -74.001898246003876, 40.571116505076134 ], [ -74.006936254249609, 40.686991527934694 ], [ -74.005901253957774, 40.687716528112844 ], [ -74.004933253684712, 40.68839452827946 ], [ -74.003989253416592, 40.689021528435234 ], [ -74.003418253272869, 40.689722528593492 ], [ -74.003025253180624, 40.690324528725959 ], [ -74.002705253117256, 40.691017528874092 ], [ -74.002423253055525, 40.691524528984004 ], [ -74.001986252959895, 40.692311529154566 ], [ -74.001549252864322, 40.69309952932543 ], [ -74.001054252755935, 40.693990529518651 ], [ -74.000540252643461, 40.694917529719731 ], [ -73.999965252520354, 40.696000529953693 ], [ -73.999757252475789, 40.696395530038863 ], [ -73.999316252375436, 40.697122530197845 ], [ -73.998832252269523, 40.697993530386775 ], [ -73.998331252159929, 40.698896530582509 ], [ -73.997989252085105, 40.699512530716 ], [ -73.997662252013413, 40.700101530843824 ], [ -73.996079251667055, 40.702953531462079 ], [ -73.962493242744415, 40.736106539151898 ], [ -73.747050175807288, 40.780866555149558 ], [ -73.713676170126561, 40.870108573917854 ], [ -73.649862145588457, 40.801258562386181 ], [ -73.633110145937977, 40.902405582956675 ], [ -73.464068088847952, 40.859504580001584 ], [ -73.485582098746718, 40.911412589572535 ], [ -73.484766098499534, 40.911706589657456 ], [ -73.428765081266548, 40.927306594569927 ], [ -73.4844320983931, 40.911734589673806 ], [ -72.636018827324762, 40.981867630767859 ], [ -72.279413721014095, 41.158666676894427 ], [ -72.433689761778069, 40.985260637778829 ], [ -72.461522770315923, 40.975925635059639 ], [ -72.458490769323305, 40.97578963512732 ] ] ], [ [ [ -71.922619611914541, 41.292171714247317 ], [ -72.037966647258571, 41.249659702322553 ], [ -72.020830643074248, 41.275659707976509 ], [ -71.922619611914541, 41.292171714247317 ] ] ], [ [ [ -78.958365000124132, 42.961465772585044 ], [ -78.956763999396117, 42.958765772162295 ], [ -78.963465001725027, 42.961065772292464 ], [ -78.958365000124132, 42.961465772585044 ] ] ], [ [ [ -79.062470042912395, 43.079264789485869 ], [ -79.071670045826664, 43.078864789014226 ], [ -79.071270046061812, 43.083364789847465 ], [ -79.062470042912395, 43.079264789485869 ] ] ], [ [ [ -76.94698037468865, 43.259338910689635 ], [ -76.947010374202833, 43.252753909484404 ], [ -76.953581376504644, 43.254993909629682 ], [ -76.94698037468865, 43.259338910689635 ] ] ], [ [ [ -76.944323374692047, 43.270839912898609 ], [ -76.94325737352122, 43.259887910939739 ], [ -76.946731375145092, 43.266472912003586 ], [ -76.944323374692047, 43.270839912898609 ] ] ], [ [ [ -76.480885239695482, 43.481465969851747 ], [ -76.486767242000397, 43.486628970558748 ], [ -76.486646241971727, 43.486771970589452 ], [ -76.480885239695482, 43.481465969851747 ] ] ], [ [ [ -76.309405215510594, 43.903471053143257 ], [ -76.356415229000902, 43.878378046745375 ], [ -76.300261213613268, 43.917898056107205 ], [ -76.309405215510594, 43.903471053143257 ] ] ], [ [ [ -76.376586238861023, 43.920948053610779 ], [ -76.446428259323682, 43.889387045131116 ], [ -76.388416242736128, 43.920931053134687 ], [ -76.376586238861023, 43.920948053610779 ] ] ], [ [ [ -76.347292239464849, 44.053955078691892 ], [ -76.359040241752439, 44.0336020745683 ], [ -76.38325324999505, 44.03748807429541 ], [ -76.347292239464849, 44.053955078691892 ] ] ], [ [ [ -76.264793221981648, 44.178510104311712 ], [ -76.311406236567237, 44.169032100748034 ], [ -76.286301229943533, 44.190041105512066 ], [ -76.264793221981648, 44.178510104311712 ] ] ], [ [ [ -76.0444091579743, 44.28874613280918 ], [ -76.058766162285437, 44.283327131270262 ], [ -76.043007158014774, 44.295262134028263 ], [ -76.0444091579743, 44.28874613280918 ] ] ], [ [ [ -76.0756401692081, 44.301001133753303 ], [ -76.122131180696428, 44.251527123066097 ], [ -76.161522194511406, 44.262517123456725 ], [ -76.0756401692081, 44.301001133753303 ] ] ], [ [ [ -76.480885239695482, 43.481465969851747 ], [ -76.228704161219838, 43.532995989205197 ], [ -76.182875157140899, 43.679254017604656 ], [ -76.29740020795704, 43.855898045040831 ], [ -76.204721177175358, 43.850456047737268 ], [ -76.061106141059867, 43.995736079615668 ], [ -76.200355184682735, 43.968225069145632 ], [ -76.118919163001934, 44.034579084314245 ], [ -76.206537195271977, 44.080230089030337 ], [ -76.281070210602763, 43.960904064616145 ], [ -76.324405230155762, 44.03056807540986 ], [ -76.338086234811428, 44.032739075252216 ], [ -76.329703232548724, 44.039085076727183 ], [ -76.370082250806448, 44.10399708675051 ], [ -76.025297151959776, 44.292403134222162 ], [ -76.0576851646763, 44.318907137663373 ], [ -75.925886124103911, 44.356200149552464 ], [ -75.966085134938041, 44.324759142349485 ], [ -75.83967609855361, 44.393835159675014 ], [ -75.268251944736534, 44.85512826390584 ], [ -74.99275786239825, 44.977458296153017 ], [ -74.726231774793249, 44.994870309452772 ], [ -74.661480753526703, 44.999602312754575 ], [ -74.360275652364351, 44.993124322996358 ], [ -74.027391541133611, 44.995695335845838 ], [ -73.343125312666345, 45.010849363400105 ], [ -73.35436229840694, 44.755305317543396 ], [ -73.361485287429673, 44.563590282969827 ], [ -73.35992428682016, 44.562331282799036 ], [ -73.33863227862804, 44.546853280773668 ], [ -73.313396250804146, 44.26408223066646 ], [ -73.43774227736624, 44.045015186517041 ], [ -73.373422242440256, 43.843006151874825 ], [ -73.379280242082203, 43.808401145328503 ], [ -73.362669232904025, 43.753154135769492 ], [ -73.422160241334367, 43.582139102224161 ], [ -73.306236205944415, 43.628028114706453 ], [ -73.248642182013313, 43.553867103009793 ], [ -73.254635168521048, 43.314684058470824 ], [ -73.26503115864152, 43.106410019277142 ], [ -73.274295151395577, 42.943660988461176 ], [ -73.290945147977538, 42.801929961227174 ], [ -73.277348140268643, 42.750087951908 ], [ -73.276423139711596, 42.746027951172735 ], [ -73.264958135937036, 42.745948951545785 ], [ -73.352529150066047, 42.510011903904442 ], [ -73.479755170532854, 42.164404833688359 ], [ -73.508144175056898, 42.086266817749475 ], [ -73.496881169161497, 42.049683811103762 ], [ -73.487315166035899, 42.049646811418349 ], [ -73.510040156582818, 41.768947756533514 ], [ -73.518066153122746, 41.666838736481516 ], [ -73.530068148773779, 41.5272037089441 ], [ -73.536270146228716, 41.449602693615255 ], [ -73.544730144105728, 41.36638467708454 ], [ -73.502269122805316, 41.236913653135879 ], [ -73.727777187968954, 41.100704618926443 ], [ -73.657061158634193, 40.988858599239435 ], [ -73.722959176801822, 40.934225586282189 ], [ -73.793082196532552, 40.883304573904127 ], [ -73.789979191048403, 40.805109558536564 ], [ -73.884396222526931, 40.822657558885162 ], [ -73.928435235654405, 40.80385155370152 ], [ -74.025187261217312, 40.705929531084308 ], [ -73.9849242535104, 40.797526550570794 ], [ -73.933582241822791, 40.882008568983863 ], [ -73.918082238872117, 40.917507576509344 ], [ -73.893981235708608, 40.997206593027904 ], [ -73.995337270889067, 41.038918597850277 ], [ -74.194792340490324, 41.126604608347961 ], [ -74.213292346905675, 41.13400360917128 ], [ -74.234475354276341, 41.142891610194226 ], [ -74.365899400311932, 41.202903617462155 ], [ -74.694916515949387, 41.357432636239295 ], [ -74.726953528612782, 41.39511064244585 ], [ -74.754691539414679, 41.4249816472771 ], [ -74.953743606984716, 41.477906650537783 ], [ -74.999614623641946, 41.507408654624918 ], [ -75.069698652233896, 41.602014670413084 ], [ -75.053433656536413, 41.752546699982915 ], [ -75.146447692929087, 41.850908715524859 ], [ -75.260528730667104, 41.863808713879664 ], [ -75.359581771548918, 41.999453736201779 ], [ -75.483422811605237, 41.999259731638411 ], [ -76.105842012599481, 41.998867708460914 ], [ -76.146852025816059, 41.998771706899923 ], [ -76.183689037678405, 41.998578705475097 ], [ -76.275802067350341, 41.998386701958729 ], [ -76.473526131076753, 41.999157694591752 ], [ -76.499667139512567, 41.999482693655715 ], [ -76.513029143823928, 41.999646693176281 ], [ -76.558120158368467, 42.000163691549979 ], [ -76.927086277069847, 42.001682677611058 ], [ -76.965688289436571, 42.001282676035174 ], [ -77.532411471002121, 41.99977865346758 ], [ -77.609817495743599, 41.999375650310789 ], [ -77.749933540512288, 41.998790644600653 ], [ -77.842407570046788, 41.998507640835712 ], [ -78.052291637153829, 41.999662632580517 ], [ -78.206606686377398, 41.999604626298328 ], [ -78.308130718727696, 41.999423622118961 ], [ -78.552066796452308, 41.999977612200034 ], [ -78.918858912914558, 41.998127596616946 ], [ -78.947965922182604, 41.998473595463821 ], [ -79.061267958202819, 41.999267590860015 ], [ -79.144919984746849, 41.999396587363492 ], [ -79.610076131992827, 41.998663567460945 ], [ -79.761377179846747, 41.999076561039651 ], [ -79.761954201161899, 42.269869611129785 ], [ -79.137060026226379, 42.569935693313525 ], [ -78.85345795249296, 42.78396974468685 ], [ -78.936241993754223, 42.970405775163997 ], [ -78.946167995860066, 42.956962772290296 ], [ -79.0212670247126, 43.017064779981411 ], [ -78.895662985144853, 43.025365786906114 ], [ -78.912991988821673, 43.001895781893246 ], [ -78.881613980504767, 43.023638787196461 ], [ -78.884072981357775, 43.024451787238519 ], [ -78.885662981796486, 43.023565787008955 ], [ -78.88602898203635, 43.025098787271943 ], [ -79.069773045783023, 43.085849790362751 ], [ -79.06467305850741, 43.262762822573947 ], [ -78.465480874640917, 43.371467868061259 ], [ -77.994841722269527, 43.365268886888011 ], [ -77.603016587242649, 43.258456883802104 ], [ -77.551006568666466, 43.235773881812783 ], [ -77.374716514702087, 43.276278896429851 ], [ -76.963370378558494, 43.240063906505874 ], [ -76.722358307894126, 43.341928934783319 ], [ -76.722482308047347, 43.343433935053135 ], [ -76.722522308095009, 43.343897935136276 ], [ -76.616959279314486, 43.418325952930765 ], [ -76.512785248814055, 43.464322965461044 ], [ -76.480885239695482, 43.481465969851747 ] ] ] ] } },
{ "type": "Feature", "properties": { "fid": 156, "ID_NUM": 156, "NAME": "Pennsylvania", "ID": "pa_state", "VERSION": 2, "START_DATE": "1792-03-03", "END_DATE": "2000-12-31", "CHANGE": "Pennsylvania purchased from the federal government the Erie Triangle, a small area immediately north of Pennsylvania and west of New York, giving Pennsylvania an outlet to Lake Erie.", "CITATION": "(Van Zandt, 83-84)", "START_N": 17920303, "END_N": 20001231, "AREA_SQMI": 45301.0, "TERR_TYPE": "State", "FULL_NAME": "Pennsylvania", "ABBR_NAME": "PA", "NAME_START": "Pennsylvania (1792-03-03)" }, "geometry": { "type": "MultiPolygon", "coordinates": [ [ [ [ -79.761377179846747, 41.999076561039651 ], [ -79.610076131992827, 41.998663567460945 ], [ -79.144919984746849, 41.999396587363492 ], [ -79.061267958202819, 41.999267590860015 ], [ -78.947965922182604, 41.998473595463821 ], [ -78.918858912914558, 41.998127596616946 ], [ -78.552066796452308, 41.999977612200034 ], [ -78.308130718727696, 41.999423622118961 ], [ -78.206606686377398, 41.999604626298328 ], [ -78.052291637153829, 41.999662632580517 ], [ -77.842407570046788, 41.998507640835712 ], [ -77.749933540512288, 41.998790644600653 ], [ -77.609817495743599, 41.999375650310789 ], [ -77.532411471002121, 41.99977865346758 ], [ -76.965688289436571, 42.001282676035174 ], [ -76.927086277069847, 42.001682677611058 ], [ -76.558120158368467, 42.000163691549979 ], [ -76.513029143823928, 41.999646693176281 ], [ -76.499667139512567, 41.999482693655715 ], [ -76.473526131076753, 41.999157694591752 ], [ -76.275802067350341, 41.998386701958729 ], [ -76.183689037678405, 41.998578705475097 ], [ -76.146852025816059, 41.998771706899923 ], [ -76.105842012599481, 41.998867708460914 ], [ -75.483422811605237, 41.999259731638411 ], [ -75.359581771548918, 41.999453736201779 ], [ -75.260528730667104, 41.863808713879664 ], [ -75.146447692929087, 41.850908715524859 ], [ -75.053433656536413, 41.752546699982915 ], [ -75.069698652233896, 41.602014670413084 ], [ -74.999614623641946, 41.507408654624918 ], [ -74.953743606984716, 41.477906650537783 ], [ -74.754691539414679, 41.4249816472771 ], [ -74.726953528612782, 41.39511064244585 ], [ -74.694916515949387, 41.357432636239295 ], [ -74.860400560750847, 41.217463603201274 ], [ -74.991720595375, 41.092293574161395 ], [ -74.96692558753206, 41.094529575466915 ], [ -75.025778603121822, 41.039814562701054 ], [ -75.069279615859415, 41.01935755717075 ], [ -75.11481162931743, 41.000103551801892 ], [ -75.120436629180873, 40.968311545375087 ], [ -75.051031600643029, 40.86567152765604 ], [ -75.196534640429235, 40.751640500129454 ], [ -75.196805631893525, 40.608588471888027 ], [ -75.190293628824151, 40.59218946887232 ], [ -75.068617586869678, 40.542231463207656 ], [ -75.047177572413716, 40.414076438512801 ], [ -74.943112534865605, 40.341814427706048 ], [ -74.868210508177953, 40.295215420974053 ], [ -74.85651050339979, 40.27741641781995 ], [ -74.77070747232861, 40.214917408245427 ], [ -74.72430645358078, 40.147018396219885 ], [ -74.974714527956408, 40.04871936802374 ], [ -75.060518552017385, 39.991020353520021 ], [ -75.140222571517796, 39.88822133013592 ], [ -75.210426592601578, 39.865921323252067 ], [ -75.415043654029532, 39.8017953033293 ], [ -75.577229707740187, 39.838692305158979 ], [ -75.579850708564067, 39.838534305036312 ], [ -75.594031713006515, 39.837414304319893 ], [ -75.595757713540735, 39.837164304209999 ], [ -75.739228755380452, 39.773128286349063 ], [ -75.788360767979256, 39.72181927431064 ], [ -76.135475878012755, 39.721615262110724 ], [ -76.233279908967603, 39.721313258594741 ], [ -76.239979911094778, 39.72141325837778 ], [ -76.5693920152858, 39.721212246602505 ], [ -76.787099084032775, 39.720811238686942 ], [ -76.910503122968208, 39.720610234177116 ], [ -76.956171137362844, 39.720409232477614 ], [ -76.999606151031671, 39.719909230797079 ], [ -77.166508203648831, 39.720007224719566 ], [ -77.21680921949563, 39.72000622287468 ], [ -77.459428295872556, 39.720036213935053 ], [ -77.469147298929528, 39.720026213573121 ], [ -78.063734485816369, 39.722386191781077 ], [ -78.0700994878095, 39.722346191532168 ], [ -78.099128496901258, 39.722200190404017 ], [ -78.342522573172189, 39.722548181213121 ], [ -78.380337585018907, 39.722697179797045 ], [ -78.808387718844116, 39.722922163345146 ], [ -78.931179757159157, 39.722783158540999 ], [ -79.04555179283733, 39.722892154095454 ], [ -79.39246190079875, 39.72158614018354 ], [ -79.476664926956886, 39.721086136747076 ], [ -79.713884000665217, 39.720986127274358 ], [ -79.763777016141916, 39.720785125237157 ], [ -79.916284063461532, 39.720786119111445 ], [ -80.421392219890762, 39.721198098686479 ], [ -80.421523219931132, 39.721198098681121 ], [ -80.519346250177833, 39.721412094713344 ], [ -80.519222266858307, 39.962433141741073 ], [ -80.519123270607452, 40.016419152240005 ], [ -80.519107280695152, 40.159680180022995 ], [ -80.519165289065441, 40.277266202750674 ], [ -80.519165289066081, 40.277275202752506 ], [ -80.517994297405281, 40.398876226238635 ], [ -80.519042303383742, 40.477371241285816 ], [ -80.518998314953222, 40.637011271889016 ], [ -80.518997314985469, 40.637456271974123 ], [ -80.518994315083191, 40.638810272233371 ], [ -80.519023330696214, 40.851346312781502 ], [ -80.519768334519881, 40.899866321976511 ], [ -80.518795340736091, 40.987568338666954 ], [ -80.518963341750322, 41.000468341105488 ], [ -80.519016351098301, 41.125066364684955 ], [ -80.519171351769629, 41.133352366243884 ], [ -80.519221378838822, 41.489022433130508 ], [ -80.519229379680752, 41.499933435172373 ], [ -80.519372385193876, 41.570827448422072 ], [ -80.519365406928912, 41.849590500309631 ], [ -80.51942941705255, 41.977532523994704 ], [ -80.451371397409332, 41.999707531095297 ], [ -79.761954201161899, 42.269869611129785 ], [ -79.761377179846747, 41.999076561039651 ] ] ] ] } },
{ "type": "Feature", "properties": { "fid": 158, "ID_NUM": 158, "NAME": "Rhode Island", "ID": "ri_state", "VERSION": 2, "START_DATE": "1862-03-01", "END_DATE": "2000-12-31", "CHANGE": "NEWPORT lost to BRISTOL (Mass.) and PROVIDENCE gained from BRISTOL (Mass.) when Massachusetts and Rhode Island implemented the U. S. Supreme Court settlement (31 December 1861) of their boundary to the Atlantic Ocean.", "CITATION": "(Bayles, Providence, 1:29; R.I. Acts and Resolves, 1861, ch. 379, sec. 2/p. 4; Ullman, 83-84; Van Zandt, 68)", "START_N": 18620301, "END_N": 20001231, "AREA_SQMI": 1089.0, "TERR_TYPE": "State", "FULL_NAME": "Rhode Island", "ABBR_NAME": "RI", "NAME_START": "Rhode Island (1862-03-01)" }, "geometry": { "type": "MultiPolygon", "coordinates": [ [ [ [ -71.546537481801877, 41.154219698390044 ], [ -71.608981502022132, 41.151075695892672 ], [ -71.568636492769997, 41.225519711834714 ], [ -71.546537481801877, 41.154219698390044 ] ] ], [ [ [ -71.32451442793402, 41.510202775251791 ], [ -71.325686427955702, 41.503349773870426 ], [ -71.329699429834719, 41.514013775845285 ], [ -71.32451442793402, 41.510202775251791 ] ] ], [ [ [ -71.361141440762466, 41.525791777217279 ], [ -71.399843449351806, 41.448619760892861 ], [ -71.372335446988529, 41.573929786326822 ], [ -71.361141440762466, 41.525791777217279 ] ] ], [ [ [ -71.217804400021762, 41.64399980467909 ], [ -71.239291398213638, 41.476213771111766 ], [ -71.356303435162388, 41.449925762452757 ], [ -71.32771342791348, 41.489987771184261 ], [ -71.327627428056019, 41.493216771821501 ], [ -71.327026427739256, 41.490950771394012 ], [ -71.217804400021762, 41.64399980467909 ] ] ], [ [ [ -71.280845420934696, 41.648250803629011 ], [ -71.27225041751457, 41.636959801675211 ], [ -71.28553642187633, 41.6370088012875 ], [ -71.280845420934696, 41.648250803629011 ] ] ], [ [ [ -71.304201427046991, 41.619086797218877 ], [ -71.326029432067969, 41.578843788678128 ], [ -71.337318439947225, 41.657322803713001 ], [ -71.304201427046991, 41.619086797218877 ] ] ], [ [ [ -71.357411446716696, 41.660643803759655 ], [ -71.360509447168312, 41.650068801597286 ], [ -71.367071449880612, 41.660544803450065 ], [ -71.357411446716696, 41.660643803759655 ] ] ], [ [ [ -71.120571360410679, 41.497457778809164 ], [ -71.195829382825011, 41.454377768106454 ], [ -71.195691394411924, 41.67511081142851 ], [ -71.131618369094724, 41.593926797427258 ], [ -71.120571360410679, 41.497457778809164 ] ] ], [ [ [ -71.225792406238597, 41.711710817689443 ], [ -71.301194427705283, 41.650010803364651 ], [ -71.283894427991982, 41.761809825737316 ], [ -71.225792406238597, 41.711710817689443 ] ] ], [ [ [ -71.381700467200034, 41.893208848394615 ], [ -71.317796439892888, 41.776109827510211 ], [ -71.286194428800925, 41.762809825863485 ], [ -71.319516440368204, 41.774439827132767 ], [ -71.320392440626819, 41.773898827000792 ], [ -71.322353441199624, 41.772571826682871 ], [ -71.302095430975498, 41.705810814252736 ], [ -71.351493449714795, 41.752927821972889 ], [ -71.355310450640843, 41.746827820667143 ], [ -71.355586450687625, 41.746011820499611 ], [ -71.384287466923055, 41.872380844264597 ], [ -71.400306468658897, 41.807095831066896 ], [ -71.389875462928231, 41.764304823036994 ], [ -71.373003452470371, 41.672583805626971 ], [ -71.455002478034601, 41.647709798290734 ], [ -71.441735473486588, 41.644028797970776 ], [ -71.480448471084529, 41.360757741177238 ], [ -71.859917592964308, 41.320447721738347 ], [ -71.793255581165013, 41.505562760165411 ], [ -71.789356584847397, 41.596918778182292 ], [ -71.787872586703813, 41.639921786638112 ], [ -71.787650586852351, 41.643981787438548 ], [ -71.78967859193142, 41.724742803144522 ], [ -71.799243610715862, 42.008074857909889 ], [ -71.528710522175913, 42.015006867571842 ], [ -71.498006512198472, 42.017206868935077 ], [ -71.381301472051803, 41.985007866238568 ], [ -71.381400467393775, 41.898608849453794 ], [ -71.381700467200034, 41.893208848394615 ] ] ] ] } },
{ "type": "Feature", "properties": { "fid": 159, "ID_NUM": 159, "NAME": "South Carolina", "ID": "sc_state", "VERSION": 1, "START_DATE": "1783-09-03", "END_DATE": "2000-12-31", "CHANGE": "South Carolina became an independent state on 4 July 1776. The map depicts state boundaries as of 3 September 1783.", "CITATION": "(Declaration of Independence)", "START_N": 17830903, "END_N": 20001231, "AREA_SQMI": 30951.0, "TERR_TYPE": "State", "FULL_NAME": "South Carolina", "ABBR_NAME": "SC", "NAME_START": "South Carolina (1783-09-03)" }, "geometry": { "type": "MultiPolygon", "coordinates": [ [ [ [ -80.842123935001183, 32.147623471466609 ], [ -80.872984941434183, 32.082123455509773 ], [ -80.903231950799949, 32.091624456780025 ], [ -80.842123935001183, 32.147623471466609 ] ] ], [ [ [ -80.669164886523191, 32.216731492527238 ], [ -80.823727927951197, 32.109365463243876 ], [ -80.726115905712675, 32.270990503239688 ], [ -80.669164886523191, 32.216731492527238 ] ] ], [ [ [ -80.751259911921579, 32.240914495591291 ], [ -80.787625921957087, 32.22266649031166 ], [ -80.752273913538716, 32.272320502752272 ], [ -80.751259911921579, 32.240914495591291 ] ] ], [ [ [ -80.453425826801862, 32.322977523385411 ], [ -80.583936863596847, 32.274384508312941 ], [ -80.478735835244024, 32.344699527598223 ], [ -80.453425826801862, 32.322977523385411 ] ] ], [ [ [ -80.683146896823544, 32.363268525656217 ], [ -80.664160888157767, 32.291386509784395 ], [ -80.737739912579286, 32.352149521455402 ], [ -80.683146896823544, 32.363268525656217 ] ] ], [ [ [ -80.437118825734416, 32.413265544552992 ], [ -80.451244828333728, 32.375039535376509 ], [ -80.437166823900469, 32.369268534480561 ], [ -80.479817835771698, 32.34960252868845 ], [ -80.474891835780141, 32.384733536880319 ], [ -80.458993830773849, 32.378216535869619 ], [ -80.463335832481803, 32.388104538001585 ], [ -80.437118825734416, 32.413265544552992 ] ] ], [ [ [ -80.457064831506045, 32.409295543040741 ], [ -80.631649877000925, 32.255698502590995 ], [ -80.655452894330267, 32.498796557451307 ], [ -80.457064831506045, 32.409295543040741 ] ] ], [ [ [ -80.478436840270348, 32.466219555408415 ], [ -80.53862885794571, 32.460486552268343 ], [ -80.531749857560783, 32.499715561436652 ], [ -80.478436840270348, 32.466219555408415 ] ] ], [ [ [ -79.886291672928834, 32.68722562387098 ], [ -79.962119693751276, 32.643578611601619 ], [ -79.964935694716658, 32.646503612184794 ], [ -79.886291672928834, 32.68722562387098 ] ] ], [ [ [ -79.813536654816303, 32.77329664572941 ], [ -79.848130664402206, 32.755287640569485 ], [ -79.866063670211986, 32.765738642409531 ], [ -79.813536654816303, 32.77329664572941 ] ] ], [ [ [ -79.716737627565067, 32.813931657939321 ], [ -79.810975654172481, 32.776182646465756 ], [ -79.764487641621997, 32.808255655194884 ], [ -79.787957648135873, 32.796220651736448 ], [ -79.787566648780498, 32.81410265582717 ], [ -79.756914639577019, 32.81348065661679 ], [ -79.737010634202079, 32.827212660353354 ], [ -79.716737627565067, 32.813931657939321 ] ] ], [ [ [ -79.699214623455106, 32.840668664570423 ], [ -79.721624629528037, 32.825659660466442 ], [ -79.712298627888131, 32.852716666920237 ], [ -79.699214623455106, 32.840668664570423 ] ] ], [ [ [ -82.216220487753588, 35.19605110166453 ], [ -81.969329413758445, 35.187293108677601 ], [ -81.874436385297074, 35.18412111139758 ], [ -81.768062353368109, 35.180501114421943 ], [ -81.707752335260125, 35.178529116148667 ], [ -81.609560305711099, 35.174325118738615 ], [ -81.594501301176336, 35.173656119129575 ], [ -81.398666242225389, 35.166067124431777 ], [ -81.366694232597965, 35.164900125309117 ], [ -81.328001220943179, 35.163466126364668 ], [ -81.033199131853209, 35.148692133524413 ], [ -81.041493128971567, 35.044710110757251 ], [ -80.934954100253066, 35.107417128030299 ], [ -80.906556090156471, 35.076771122386369 ], [ -80.840284066429874, 35.001713108418102 ], [ -80.782045045601478, 34.935790096114459 ], [ -80.797547044391479, 34.819794070350952 ], [ -80.561660973484408, 34.817488077897032 ], [ -80.522472961706839, 34.817351079199419 ], [ -80.320412900802268, 34.814016085317036 ], [ -79.999787803975536, 34.808092094805396 ], [ -79.927620782146406, 34.806563096884581 ], [ -79.687505709615863, 34.804894104515306 ], [ -79.504944647740231, 34.665764079946356 ], [ -79.464559633938563, 34.632408073917233 ], [ -79.461756632997449, 34.630440073574945 ], [ -79.450037629006758, 34.62104407188577 ], [ -79.235573555495591, 34.437629038286403 ], [ -79.071171499333275, 34.299248012820698 ], [ -79.070796499205471, 34.29893601276315 ], [ -79.02535948370307, 34.260842005728321 ], [ -78.977485467372546, 34.220654998291025 ], [ -78.879412433936139, 34.138309983005641 ], [ -78.650327355851672, 33.94424994668033 ], [ -78.559373324875196, 33.866942932107435 ], [ -78.558355324527994, 33.866060931940353 ], [ -78.550817321957439, 33.859559930709104 ], [ -79.002230445658469, 33.572183851954897 ], [ -79.139645479470047, 33.398824808516117 ], [ -79.171823480817764, 33.206720763953903 ], [ -79.257993513077849, 33.352597794408851 ], [ -79.292805521113053, 33.296700780673937 ], [ -79.203320490542481, 33.212470764299518 ], [ -79.241394498607619, 33.133899745279038 ], [ -79.290840512447133, 33.110045738347658 ], [ -79.430022552793275, 33.075907726341185 ], [ -79.412383544906518, 33.015570713146467 ], [ -79.492876568408676, 33.000176707192395 ], [ -79.453855559833201, 33.073204724999215 ], [ -79.532869581898964, 33.0348567138658 ], [ -79.615120603480037, 32.9629286949882 ], [ -79.576009589327597, 32.906242683264423 ], [ -79.738743636627632, 32.871883670484706 ], [ -79.791401650371554, 32.82448865807892 ], [ -79.91510468652028, 32.804139649673665 ], [ -79.92387668832103, 32.784871645014292 ], [ -79.934836690670068, 32.763098639715992 ], [ -79.868466669566729, 32.733655635014685 ], [ -79.968108695806123, 32.64984361285196 ], [ -80.001594705115096, 32.633359608070805 ], [ -80.249627774772179, 32.529695576861222 ], [ -80.295041787224733, 32.503918569591356 ], [ -80.300562788689362, 32.499621568441725 ], [ -80.320423794504691, 32.497139567272114 ], [ -80.326605796206834, 32.493812566324046 ], [ -80.333541798345209, 32.495500566499487 ], [ -80.353745804259944, 32.492976565309746 ], [ -80.514082852903741, 32.513904565214141 ], [ -80.732536918415505, 32.526045561304016 ], [ -80.661851893601352, 32.436817543110415 ], [ -80.742074913853742, 32.351823521249095 ], [ -80.81070993942798, 32.473983547041996 ], [ -80.754011924851056, 32.527238560917255 ], [ -80.784055933853026, 32.528908560375491 ], [ -80.844312951947131, 32.533282559519982 ], [ -80.852859954472109, 32.532948559181079 ], [ -80.827906944057816, 32.462737543951256 ], [ -80.758800915710282, 32.277867503824368 ], [ -80.90057695084387, 32.111624461448358 ], [ -80.909451950795642, 32.047050446361219 ], [ -81.0777730028219, 32.098501453091259 ], [ -81.144238027874309, 32.226306480318883 ], [ -81.143806027912788, 32.230253481233817 ], [ -81.18843305098882, 32.461593532600581 ], [ -81.257554074067954, 32.52179754414162 ], [ -81.281327082613629, 32.556471551272942 ], [ -81.38934211630442, 32.595442556740387 ], [ -81.405057127516201, 32.74496559007018 ], [ -81.430126139235284, 32.841901611151343 ], [ -81.451354146712816, 32.868590616492483 ], [ -81.529128177486811, 33.040817652734461 ], [ -81.541834181470691, 33.045660653413577 ], [ -81.614035205110071, 33.095257662211637 ], [ -81.704037232719514, 33.116258664009798 ], [ -81.721125238228552, 33.126116665663133 ], [ -81.757038252161863, 33.198154680602201 ], [ -81.773691258142492, 33.220990685159784 ], [ -81.852139282586634, 33.247551688528695 ], [ -81.866837290008107, 33.313814702813694 ], [ -82.010042342552268, 33.530441746199564 ], [ -82.012546343374495, 33.532157746496431 ], [ -82.028242348625113, 33.544941748805499 ], [ -82.115332376847832, 33.5966207573343 ], [ -82.192005400950137, 33.626517761372185 ], [ -82.218653411700899, 33.686307773669185 ], [ -82.358255460347337, 33.838445802422797 ], [ -82.564585527071173, 33.95581782109069 ], [ -82.594759538864665, 34.013924832753069 ], [ -82.740960591816631, 34.208914870163113 ], [ -82.773192605398407, 34.288948886413138 ], [ -82.828090625293129, 34.361059900110064 ], [ -82.835805628451936, 34.378227903554496 ], [ -82.876868645582888, 34.475309923089689 ], [ -82.992072679789544, 34.47930791985457 ], [ -83.051849698178614, 34.493878920865122 ], [ -83.103566715666148, 34.536754928252854 ], [ -83.293186777737731, 34.654302946685654 ], [ -83.338603792481663, 34.680049950559813 ], [ -83.338387792787671, 34.687001952057265 ], [ -83.338565792937416, 34.688834952443422 ], [ -83.352489798484868, 34.716000957755874 ], [ -83.108539741813573, 35.000778027505582 ], [ -83.008710713754738, 35.027526036863371 ], [ -82.969229702624204, 35.037614040458642 ], [ -82.8975026823977, 35.056029047007755 ], [ -82.896651682157554, 35.056248047085603 ], [ -82.811579658163595, 35.07833305490302 ], [ -82.76446764366149, 35.068184054453525 ], [ -82.574911591624314, 35.145495077859778 ], [ -82.362995531137329, 35.191045095283336 ], [ -82.353619528338754, 35.190835095578116 ], [ -82.216220487753588, 35.19605110166453 ] ] ] ] } },
{ "type": "Feature", "properties": { "fid": 199, "ID_NUM": 199, "NAME": "Virginia", "ID": "va_state", "VERSION": 5, "START_DATE": "1846-09-07", "END_DATE": "1863-06-19", "CHANGE": "The District of Columbia ceded ALEXANDRIA (now ARLINGTON) to Virginia.", "CITATION": "(U.S. Stat., vol. 9, ch. 35[1846]/pp. 35-37 and appendix 3/p. 1000)", "START_N": 18460907, "END_N": 18630619, "AREA_SQMI": 64208.0, "TERR_TYPE": "State", "FULL_NAME": "Virginia", "ABBR_NAME": "VA", "NAME_START": "Virginia (1846-09-07)" }, "geometry": { "type": "MultiPolygon", "coordinates": [ [ [ [ -75.9548436777294, 37.090253722402394 ], [ -75.976275684192544, 37.085921720785954 ], [ -75.976654685058463, 37.10080272395345 ], [ -75.9548436777294, 37.090253722402394 ] ] ], [ [ [ -76.27556978864483, 37.305743757884024 ], [ -76.278693789573509, 37.304873757596788 ], [ -76.278433789658564, 37.3081027582909 ], [ -76.27556978864483, 37.305743757884024 ] ] ], [ [ [ -76.293600805179253, 37.516506801943095 ], [ -76.261445792845791, 37.472260793647962 ], [ -76.315299810529908, 37.489278795469176 ], [ -76.293600805179253, 37.516506801943095 ] ] ], [ [ [ -75.509024575302064, 37.817263891137493 ], [ -75.518674577214099, 37.795633886263857 ], [ -75.532402582132306, 37.807496888319484 ], [ -75.509024575302064, 37.817263891137493 ] ] ], [ [ [ -75.998346729416653, 37.831908878188266 ], [ -75.978848721789959, 37.802891872730825 ], [ -75.998301728390032, 37.81263387413734 ], [ -75.998346729416653, 37.831908878188266 ] ] ], [ [ [ -75.420796551119523, 37.885291908331766 ], [ -75.508038575335164, 37.823901892568649 ], [ -75.461612563958411, 37.885747907103273 ], [ -75.420796551119523, 37.885291908331766 ] ] ], [ [ [ -75.420352553631133, 37.936570919137324 ], [ -75.432174557199943, 37.933779918166273 ], [ -75.425265555432816, 37.94156192002751 ], [ -75.420352553631133, 37.936570919137324 ] ] ], [ [ [ -75.377686544301326, 38.015184937044808 ], [ -75.430497557276908, 37.945432920671415 ], [ -75.422026554739062, 37.947810921446646 ], [ -75.432000557215076, 37.935128918455639 ], [ -75.436841558835283, 37.937053918703235 ], [ -75.687036620260074, 37.606604840869991 ], [ -75.674674612464884, 37.529851825015733 ], [ -75.804254649988252, 37.470879808312588 ], [ -75.728312631564464, 37.575082832858612 ], [ -75.789366648333854, 37.529553821233613 ], [ -75.971289684178075, 37.116556727491947 ], [ -76.0158027088046, 37.328586771225964 ], [ -75.888840676881713, 37.479705807434868 ], [ -75.963296699891131, 37.474696803946351 ], [ -75.938623695728438, 37.543633819350887 ], [ -75.835988664203754, 37.554646825030673 ], [ -75.941442697614661, 37.563113823380171 ], [ -75.622991620271748, 37.994360924665472 ], [ -75.447388565907374, 38.009430933568169 ], [ -75.377686544301326, 38.015184937044808 ] ] ], [ [ [ -75.242267502344419, 38.02721694396368 ], [ -75.345950529716234, 37.926100919347334 ], [ -75.349304530411132, 37.91914491777473 ], [ -75.35517953215151, 37.917100917154315 ], [ -75.399774543915612, 37.873609906552936 ], [ -75.358525533142668, 37.915936916801144 ], [ -75.407792547732939, 37.898794911596326 ], [ -75.318243523977543, 37.983569932331832 ], [ -75.343337529175017, 37.931521920572727 ], [ -75.301123518144507, 37.974838931050812 ], [ -75.304331519159419, 37.974962930973064 ], [ -75.297390517187935, 37.979036932054349 ], [ -75.297611517226741, 37.978442931922324 ], [ -75.25064450494915, 38.026636943570715 ], [ -75.242267502344419, 38.02721694396368 ] ] ], [ [ [ -80.519346250177833, 39.721412094713344 ], [ -80.421523219931132, 39.721198098681121 ], [ -80.421392219890762, 39.721198098686479 ], [ -79.916284063461532, 39.720786119111445 ], [ -79.763777016141916, 39.720785125237157 ], [ -79.713884000665217, 39.720986127274358 ], [ -79.476664926956886, 39.721086136747076 ], [ -79.486136904842439, 39.340232060971026 ], [ -79.486875896378464, 39.205969034197366 ], [ -79.271845837542244, 39.327856066877665 ], [ -79.066999783681879, 39.479835105085257 ], [ -79.062017781802624, 39.474752104268298 ], [ -78.956753746813973, 39.440272101487103 ], [ -78.766643700975663, 39.648396150195858 ], [ -78.657658659673459, 39.535181131901027 ], [ -78.468641599484144, 39.516798135469685 ], [ -78.432027594748661, 39.622087157831793 ], [ -78.333726564934182, 39.636696164487489 ], [ -78.264444542195534, 39.620055163810427 ], [ -78.175804519264517, 39.695986182284408 ], [ -78.022451466374278, 39.619533172858127 ], [ -77.837843407645195, 39.606035177092828 ], [ -77.888948420542974, 39.555958165177017 ], [ -77.825564396777807, 39.493359155019775 ], [ -77.765996378249312, 39.495733157711783 ], [ -77.803252386304067, 39.437144144584884 ], [ -77.719032352783515, 39.321134124401254 ], [ -77.677378339926591, 39.324303126575145 ], [ -77.458886265108347, 39.219835113521931 ], [ -77.520519278508559, 39.12150609139659 ], [ -77.328408214534463, 39.058016085495233 ], [ -77.25429518781155, 38.998919076162053 ], [ -77.227355178069871, 38.976873072646349 ], [ -77.119903141895577, 38.934319067827609 ], [ -77.065103122320863, 38.893250061407251 ], [ -77.046001113315668, 38.841321051485671 ], [ -77.038101109350578, 38.815621046514771 ], [ -77.038601108112701, 38.791522041569984 ], [ -77.039501108371596, 38.791122041456319 ], [ -77.040301108390949, 38.787122040609873 ], [ -77.085802117994447, 38.706624022522149 ], [ -77.225505155881478, 38.605625996869882 ], [ -77.256606163019939, 38.560727986552351 ], [ -77.299405173089156, 38.503229973223149 ], [ -77.286205160057122, 38.347033941521097 ], [ -77.014606075958397, 38.359456953604891 ], [ -77.059765086104591, 38.289000937465175 ], [ -77.029139075265761, 38.266242933822525 ], [ -76.957799051699027, 38.243191931527136 ], [ -77.012294066254668, 38.199064920490493 ], [ -76.771315989271997, 38.168012922368128 ], [ -76.734336973875685, 38.098138909106702 ], [ -76.610579937980688, 38.148963923915211 ], [ -76.548224911815822, 38.026577900538314 ], [ -76.236744807015086, 37.888651882176717 ], [ -76.30461881982383, 37.730050846604001 ], [ -76.340944833081053, 37.766141852979935 ], [ -76.302546817011404, 37.689007838035799 ], [ -76.359966835904572, 37.707243839960839 ], [ -76.366452834137121, 37.635341824605156 ], [ -76.279508805890899, 37.614273823052343 ], [ -76.45401286222382, 37.649823824735677 ], [ -76.408381852425023, 37.733758843919674 ], [ -76.477966872568018, 37.70402183533858 ], [ -76.483478877608093, 37.766462848274344 ], [ -76.510189879351486, 37.642331821279889 ], [ -76.629467924985732, 37.800443850487341 ], [ -76.849541000930856, 37.935269871213542 ], [ -76.682938940055905, 37.77046184239294 ], [ -76.542237887984513, 37.616613814791741 ], [ -76.297904808711266, 37.558445810660693 ], [ -76.542832885191658, 37.560216802886572 ], [ -76.438159850004141, 37.511530796099379 ], [ -76.279136798490825, 37.474693793578908 ], [ -76.275510788845295, 37.310001758790229 ], [ -76.442797848455683, 37.454264783841808 ], [ -76.405947832512922, 37.368543766914129 ], [ -76.50073086462065, 37.418146774278739 ], [ -76.489449858053689, 37.359524762240632 ], [ -76.402357829749434, 37.336787760300176 ], [ -76.488697855206823, 37.309190751595011 ], [ -76.38322182064546, 37.275909748010477 ], [ -76.477448848747002, 37.251994739826635 ], [ -76.399506822060175, 37.204837732369086 ], [ -76.41138282219076, 37.135256717168751 ], [ -76.29173778446976, 37.125714719048709 ], [ -76.384469812324866, 37.106028711821892 ], [ -76.361468802209174, 37.047853700163145 ], [ -76.274464777508726, 37.09455171296581 ], [ -76.336770792822037, 37.014222693785648 ], [ -76.340665794085211, 37.015247693878003 ], [ -76.387433807319482, 36.989406686832439 ], [ -76.394691809289, 36.983742685385366 ], [ -76.396020809645449, 36.982621685102572 ], [ -76.397194809927115, 36.980975684712504 ], [ -76.40657381232009, 36.97065568220075 ], [ -76.426236818324895, 36.968546681108769 ], [ -76.447484826142485, 36.99247968552978 ], [ -76.451077827494643, 36.997116686402983 ], [ -76.610902885819684, 37.166011717147484 ], [ -76.684169909980412, 37.192842720424785 ], [ -76.671928903543431, 37.141928710008216 ], [ -76.664287896323444, 37.047771690213757 ], [ -76.576349867632516, 37.020891687375233 ], [ -76.621969879814756, 36.981975677571562 ], [ -76.501099841439256, 36.965609678036664 ], [ -76.511093843743652, 36.949840674339725 ], [ -76.499161839073906, 36.930843670667784 ], [ -76.523215845326092, 36.906779664734955 ], [ -76.549376849693317, 36.832481647973829 ], [ -76.407618808914734, 36.896806666366516 ], [ -76.341065786396882, 36.860252660694606 ], [ -76.391268801699184, 36.854355657803097 ], [ -76.396078800755788, 36.805769647227805 ], [ -76.363566791202757, 36.81665565061634 ], [ -76.3410397859369, 36.851240658763373 ], [ -76.321849779376635, 36.839322656828706 ], [ -76.320076778737189, 36.837552656506396 ], [ -76.293240769866387, 36.826928655094697 ], [ -76.294943769052679, 36.800042649268875 ], [ -76.295026769016388, 36.798797648998757 ], [ -76.292932768293767, 36.797355648756934 ], [ -76.283768766711418, 36.822698654492719 ], [ -76.277332765313631, 36.834755657287801 ], [ -76.24475475520228, 36.835050658402594 ], [ -76.227761749860079, 36.833855658694048 ], [ -76.194919739486878, 36.830591659051656 ], [ -76.229267751442094, 36.856163663431971 ], [ -76.242984754828754, 36.838589659219046 ], [ -76.262963761292269, 36.843655659661188 ], [ -76.314060778300359, 36.866152662833926 ], [ -76.316462780205185, 36.889233667702705 ], [ -76.294999773631815, 36.891196668818381 ], [ -76.280461768974661, 36.888454668701499 ], [ -76.331634788669334, 36.963674683146735 ], [ -76.214162750812847, 36.937411681333934 ], [ -76.181792740372444, 36.930027680798474 ], [ -76.177096738913448, 36.930070680959268 ], [ -75.981795675411036, 36.875489675532194 ], [ -75.969680669457588, 36.83141566645228 ], [ -75.867045623794894, 36.550762609194962 ], [ -75.879746627744098, 36.550762608794464 ], [ -75.942151655563848, 36.7232586440566 ], [ -75.983850660094021, 36.550561605461517 ], [ -76.013351669261155, 36.550560604527107 ], [ -76.049354683650122, 36.616152617551926 ], [ -76.034752675915399, 36.550660603870242 ], [ -76.122356703121895, 36.550560601066614 ], [ -76.313216762366196, 36.550559594975816 ], [ -76.491511817667785, 36.550719589284917 ], [ -76.54168983320055, 36.550319587581072 ], [ -76.624675858931056, 36.550681584977688 ], [ -76.658074869281023, 36.550773583916389 ], [ -76.915899949150514, 36.552100575813924 ], [ -76.916046948780405, 36.543822574028042 ], [ -77.032610984850436, 36.544354570327428 ], [ -77.164503025707504, 36.546338566419379 ], [ -77.283069062246028, 36.544831562182637 ], [ -77.296877066508259, 36.544823561724279 ], [ -77.50186512977244, 36.545209555003282 ], [ -77.655843177237543, 36.545291549880069 ], [ -77.767119211519173, 36.545429546178582 ], [ -77.793461219622074, 36.545281545261759 ], [ -77.899773252311832, 36.544671541551189 ], [ -78.046205297323851, 36.544164536491856 ], [ -78.050833298745772, 36.544148536331392 ], [ -78.25692136208157, 36.544385529373976 ], [ -78.284257370464388, 36.54417652839652 ], [ -78.323915382620754, 36.543816526964576 ], [ -78.330200384546771, 36.543754526736443 ], [ -78.373565397835719, 36.543358525168124 ], [ -78.45697342338012, 36.54248152212142 ], [ -78.734163508309791, 36.541955512452802 ], [ -78.796303527324326, 36.541721510249502 ], [ -78.960901577710587, 36.542092504603872 ], [ -79.137938631810911, 36.541747498341117 ], [ -79.218640656456571, 36.541647495487524 ], [ -79.342689694310693, 36.541373491062068 ], [ -79.384744707140968, 36.541341489570847 ], [ -79.47016273316639, 36.540830486442033 ], [ -79.510649745505702, 36.540746484989889 ], [ -79.550476757657989, 36.540972483624962 ], [ -79.714857807786487, 36.541945477982175 ], [ -79.952267880053469, 36.542545469611127 ], [ -80.027272902850186, 36.542502466904935 ], [ -80.053463910808176, 36.542492465959647 ], [ -80.085764920625451, 36.542557464809242 ], [ -80.440104028601496, 36.550638453666593 ], [ -80.612156081131616, 36.557846448896079 ], [ -80.823280145124158, 36.559732441533484 ], [ -80.837957149529316, 36.55915044087017 ], [ -80.857769155564554, 36.559947440306729 ], [ -80.901730168956249, 36.561759439063898 ], [ -80.912634172268, 36.562043438720487 ], [ -81.35332630599332, 36.574731424984549 ], [ -81.677538404373095, 36.58812541558472 ], [ -81.646904396542709, 36.611925421704079 ], [ -81.766009432413853, 36.61286241738955 ], [ -81.82674545074677, 36.614223415367356 ], [ -82.146074545442772, 36.59473139913424 ], [ -82.169189552363946, 36.594599398221405 ], [ -82.173005553508432, 36.594611398077632 ], [ -82.172998553511491, 36.594700398096414 ], [ -82.191422559062246, 36.595191397492179 ], [ -82.206455563595199, 36.595665397014052 ], [ -82.215996566464938, 36.595846396685559 ], [ -82.243562574713138, 36.595662395589294 ], [ -82.294154589869464, 36.59570639365468 ], [ -82.609180684012401, 36.594107381160342 ], [ -82.830437750053903, 36.593769372487124 ], [ -82.889735767723622, 36.593481370113444 ], [ -82.985127796176144, 36.593737366435825 ], [ -83.190304857284701, 36.593905358414773 ], [ -83.224629867498578, 36.593928357067689 ], [ -83.472111941259683, 36.597291347976515 ], [ -83.524485956810111, 36.597306345900869 ], [ -83.602888980109114, 36.5978453428948 ], [ -83.645590992908126, 36.600010341638836 ], [ -83.675417001802444, 36.60082234061683 ], [ -83.460812942036426, 36.664893362310842 ], [ -82.87845378254643, 36.893275432274379 ], [ -82.869187784749727, 36.974190449230655 ], [ -82.749243751923586, 37.023556464096565 ], [ -82.749052751873322, 37.023670464127534 ], [ -82.722475745241596, 37.045108469570778 ], [ -82.726833750857921, 37.114868483670875 ], [ -82.676768737110166, 37.134972489769879 ], [ -82.592769714753629, 37.180399502390351 ], [ -82.565333707502461, 37.196126506693084 ], [ -82.554535704650718, 37.202358508395129 ], [ -82.553839704472267, 37.202848508523005 ], [ -82.314697638437892, 37.295857537003741 ], [ -82.215094612795625, 37.365341555134734 ], [ -81.968301549172125, 37.537805600071593 ], [ -81.964974548494624, 37.543033601268363 ], [ -82.13330259988291, 37.553003596617252 ], [ -82.333353672092613, 37.741208626774068 ], [ -82.333154673531766, 37.76464363151949 ], [ -82.377396689325138, 37.803017637483222 ], [ -82.40220269742133, 37.812685638430402 ], [ -82.399166697343333, 37.825685641175951 ], [ -82.41462670392508, 37.855513646563757 ], [ -82.497304734673278, 37.945515661315376 ], [ -82.600118776925939, 38.117392691567112 ], [ -82.604760778492846, 38.119930691883432 ], [ -82.604233786780796, 38.247311717349625 ], [ -82.594901790308455, 38.342286736660022 ], [ -82.597197791088632, 38.343589736823873 ], [ -82.599628795028124, 38.391353746223579 ], [ -82.593676795280231, 38.42181775252574 ], [ -82.507682768560258, 38.410789753912844 ], [ -82.305570712913848, 38.492539778555191 ], [ -82.287273713445089, 38.582790797238488 ], [ -82.218971693345381, 38.591690801841388 ], [ -82.22157070739101, 38.787194840445309 ], [ -82.146170688039803, 38.839088853845588 ], [ -82.098969681870827, 38.958386879345717 ], [ -82.003465657635189, 39.028485897148279 ], [ -81.908648618502014, 38.878468871524305 ], [ -81.759998576449689, 38.925835887055364 ], [ -81.764091583289655, 39.007919903090382 ], [ -81.813459602431848, 39.067606912794837 ], [ -81.813158603218085, 39.080385915322886 ], [ -81.747256584145376, 39.095385921025141 ], [ -81.753070590986994, 39.168997935259185 ], [ -81.755957592640698, 39.180183937336018 ], [ -81.753957592271789, 39.183684938107206 ], [ -81.725488585778066, 39.215507945547301 ], [ -81.456147516816984, 39.409281994803649 ], [ -81.371263486146063, 39.341932985141376 ], [ -81.210836441201891, 39.403571003899721 ], [ -81.121537417522774, 39.457783018234842 ], [ -81.038715397739423, 39.539894037755865 ], [ -80.958293377004765, 39.597810052424421 ], [ -80.943785373170854, 39.606935054810876 ], [ -80.870812353018252, 39.640441064386167 ], [ -80.833517347101136, 39.72082108163692 ], [ -80.821283352342107, 39.849990107324473 ], [ -80.733308338064177, 40.033281146599251 ], [ -80.702957337471631, 40.15731217188344 ], [ -80.682012332994589, 40.185503178210226 ], [ -80.602092317152028, 40.31039520566614 ], [ -80.632200332474554, 40.393676220434401 ], [ -80.595497326976741, 40.475275237660739 ], [ -80.664456355286376, 40.570184252937267 ], [ -80.667960357274055, 40.582504255146482 ], [ -80.518994315083191, 40.638810272233371 ], [ -80.518997314985469, 40.637456271974123 ], [ -80.518998314953222, 40.637011271889016 ], [ -80.519042303383742, 40.477371241285816 ], [ -80.517994297405281, 40.398876226238635 ], [ -80.519165289066081, 40.277275202752506 ], [ -80.519165289065441, 40.277266202750674 ], [ -80.519107280695152, 40.159680180022995 ], [ -80.519123270607452, 40.016419152240005 ], [ -80.519222266858307, 39.962433141741073 ], [ -80.519346250177833, 39.721412094713344 ] ] ] ] } },
{ "type": "Feature", "properties": { "fid": 203, "ID_NUM": 203, "NAME": "Vermont Republic", "ID": "vt_republic", "VERSION": 1, "START_DATE": "1783-09-03", "END_DATE": "1791-03-03", "CHANGE": "Vermont declared its independence from New York in 1777. Although not recognized as a separate state by the Continental Congress, Vermont functioned as an independent republic until statehood in 1791. Map depicts Vermont boundaries as of 3 Sep 1783.", "CITATION": "(Slade, 70-73; Van Zandt, 64; Williamson, C., 82-84, map facing 95, 100-102, 112-113)", "START_N": 17830903, "END_N": 17910303, "AREA_SQMI": 9614.0, "TERR_TYPE": "Other", "FULL_NAME": "Vermont Republic", "ABBR_NAME": "VT Rep", "NAME_START": "Vermont Republic (1783-09-03)" }, "geometry": { "type": "MultiPolygon", "coordinates": [ [ [ [ -72.518445034921697, 45.008128391796575 ], [ -72.326064969814539, 45.004723397753729 ], [ -72.124545901869979, 45.005680404728132 ], [ -71.897608825397242, 45.008359412781417 ], [ -71.50248769210944, 45.013376426648733 ], [ -71.487923686385358, 45.001041424919045 ], [ -71.632095719058, 44.75152137552314 ], [ -71.539898677624834, 44.588840349190079 ], [ -71.764746741744815, 44.406644308911019 ], [ -71.837657762504307, 44.34781029585082 ], [ -72.033136826347445, 44.320374284454743 ], [ -72.042802819161494, 44.156622254309269 ], [ -72.040083818196408, 44.155759254240955 ], [ -72.205014849059751, 43.770952178210194 ], [ -72.250931862434072, 43.740150171017518 ], [ -72.329621879883845, 43.600211142554429 ], [ -72.396361891406613, 43.428883108554579 ], [ -72.433701891716851, 43.233284070844974 ], [ -72.452101893401974, 43.161423056790539 ], [ -72.443763881178469, 43.006254027932577 ], [ -72.557247909376741, 42.853028995337255 ], [ -72.458519869210278, 42.726861974692703 ], [ -72.897200014479424, 42.738603962491304 ], [ -72.93025902540667, 42.739302961523741 ], [ -72.950662032148117, 42.739701960919682 ], [ -73.022904056015165, 42.741141958780219 ], [ -73.037973060987085, 42.741350958315437 ], [ -73.107763084047477, 42.742913956271373 ], [ -73.264958135937036, 42.745948951545785 ], [ -73.276423139711596, 42.746027951172735 ], [ -73.277348140268643, 42.750087951908 ], [ -73.290945147977538, 42.801929961227174 ], [ -73.274295151395577, 42.943660988461176 ], [ -73.26503115864152, 43.106410019277142 ], [ -73.254635168521048, 43.314684058470824 ], [ -73.248642182013313, 43.553867103009793 ], [ -73.306236205944415, 43.628028114706453 ], [ -73.422160241334367, 43.582139102224161 ], [ -73.362669232904025, 43.753154135769492 ], [ -73.379280242082203, 43.808401145328503 ], [ -73.373422242440256, 43.843006151874825 ], [ -73.43774227736624, 44.045015186517041 ], [ -73.313396250804146, 44.26408223066646 ], [ -73.33863227862804, 44.546853280773668 ], [ -73.35992428682016, 44.562331282799036 ], [ -73.361485287429673, 44.563590282969827 ], [ -73.35436229840694, 44.755305317543396 ], [ -73.343125312666345, 45.010849363400105 ], [ -73.19192926204407, 45.013624369277153 ], [ -72.554361047038967, 45.008281390591236 ], [ -72.518445034921697, 45.008128391796575 ] ] ] ] } },
{ "type": "Feature", "properties": { "fid": 204, "ID_NUM": 204, "NAME": "Vermont", "ID": "vt_state", "VERSION": 1, "START_DATE": "1791-03-04", "END_DATE": "2000-12-31", "CHANGE": "The state of Vermont was admitted to the Union. The boundary with New York was settled by a joint commission before statehood.", "CITATION": "(Slade, 193; U.S. Stat., vol. 1, ch. 7 [1791]/p. 191)", "START_N": 17910304, "END_N": 20001231, "AREA_SQMI": 9614.0, "TERR_TYPE": "State", "FULL_NAME": "Vermont", "ABBR_NAME": "VT", "NAME_START": "Vermont (1791-03-04)" }, "geometry": { "type": "MultiPolygon", "coordinates": [ [ [ [ -72.518445034921697, 45.008128391796575 ], [ -72.326064969814539, 45.004723397753729 ], [ -72.124545901869979, 45.005680404728132 ], [ -71.897608825397242, 45.008359412781417 ], [ -71.50248769210944, 45.013376426648733 ], [ -71.487923686385358, 45.001041424919045 ], [ -71.632095719058, 44.75152137552314 ], [ -71.539898677624834, 44.588840349190079 ], [ -71.764746741744815, 44.406644308911019 ], [ -71.837657762504307, 44.34781029585082 ], [ -72.033136826347445, 44.320374284454743 ], [ -72.042802819161494, 44.156622254309269 ], [ -72.040083818196408, 44.155759254240955 ], [ -72.205014849059751, 43.770952178210194 ], [ -72.250931862434072, 43.740150171017518 ], [ -72.329621879883845, 43.600211142554429 ], [ -72.396361891406613, 43.428883108554579 ], [ -72.433701891716851, 43.233284070844974 ], [ -72.452101893401974, 43.161423056790539 ], [ -72.443763881178469, 43.006254027932577 ], [ -72.557247909376741, 42.853028995337255 ], [ -72.458519869210278, 42.726861974692703 ], [ -72.897200014479424, 42.738603962491304 ], [ -72.93025902540667, 42.739302961523741 ], [ -72.950662032148117, 42.739701960919682 ], [ -73.022904056015165, 42.741141958780219 ], [ -73.037973060987085, 42.741350958315437 ], [ -73.107763084047477, 42.742913956271373 ], [ -73.264958135937036, 42.745948951545785 ], [ -73.276423139711596, 42.746027951172735 ], [ -73.277348140268643, 42.750087951908 ], [ -73.290945147977538, 42.801929961227174 ], [ -73.274295151395577, 42.943660988461176 ], [ -73.26503115864152, 43.106410019277142 ], [ -73.254635168521048, 43.314684058470824 ], [ -73.248642182013313, 43.553867103009793 ], [ -73.306236205944415, 43.628028114706453 ], [ -73.422160241334367, 43.582139102224161 ], [ -73.362669232904025, 43.753154135769492 ], [ -73.379280242082203, 43.808401145328503 ], [ -73.373422242440256, 43.843006151874825 ], [ -73.43774227736624, 44.045015186517041 ], [ -73.313396250804146, 44.26408223066646 ], [ -73.33863227862804, 44.546853280773668 ], [ -73.35992428682016, 44.562331282799036 ], [ -73.361485287429673, 44.563590282969827 ], [ -73.35436229840694, 44.755305317543396 ], [ -73.343125312666345, 45.010849363400105 ], [ -73.19192926204407, 45.013624369277153 ], [ -72.554361047038967, 45.008281390591236 ], [ -72.518445034921697, 45.008128391796575 ] ] ] ] } },
{ "type": "Feature", "properties": { "fid": 218, "ID_NUM": 218, "NAME": "West Virginia", "ID": "wv_state", "VERSION": 3, "START_DATE": "1863-11-02", "END_DATE": "2000-12-31", "CHANGE": "JEFFERSON was separated from Virginia and became a county in the state of West Virginia.", "CITATION": "(U.S. Rpts., 78:39 [Wallace, vol. 11]; U.S. Stat., vol. 14, res. 12 [1866]/ p. 350; W.Va. Acts 1863, 1st sess., ch. 90, sec. 1/pp. 103-105)", "START_N": 18631102, "END_N": 20001231, "AREA_SQMI": 24230.0, "TERR_TYPE": "State", "FULL_NAME": "West Virginia", "ABBR_NAME": "WV", "NAME_START": "West Virginia (1863-11-02)" }, "geometry": { "type": "MultiPolygon", "coordinates": [ [ [ [ -80.519346250177833, 39.721412094713344 ], [ -80.421523219931132, 39.721198098681121 ], [ -80.421392219890762, 39.721198098686479 ], [ -79.916284063461532, 39.720786119111445 ], [ -79.763777016141916, 39.720785125237157 ], [ -79.713884000665217, 39.720986127274358 ], [ -79.476664926956886, 39.721086136747076 ], [ -79.486136904842439, 39.340232060971026 ], [ -79.486875896378464, 39.205969034197366 ], [ -79.271845837542244, 39.327856066877665 ], [ -79.066999783681879, 39.479835105085257 ], [ -79.062017781802624, 39.474752104268298 ], [ -78.956753746813973, 39.440272101487103 ], [ -78.766643700975663, 39.648396150195858 ], [ -78.657658659673459, 39.535181131901027 ], [ -78.468641599484144, 39.516798135469685 ], [ -78.432027594748661, 39.622087157831793 ], [ -78.333726564934182, 39.636696164487489 ], [ -78.264444542195534, 39.620055163810427 ], [ -78.175804519264517, 39.695986182284408 ], [ -78.022451466374278, 39.619533172858127 ], [ -77.837843407645195, 39.606035177092828 ], [ -77.888948420542974, 39.555958165177017 ], [ -77.825564396777807, 39.493359155019775 ], [ -77.765996378249312, 39.495733157711783 ], [ -77.803252386304067, 39.437144144584884 ], [ -77.719032352783515, 39.321134124401254 ], [ -77.828159375433501, 39.132337082321754 ], [ -78.032844447505198, 39.264411101357879 ], [ -78.228769516619593, 39.39124111947136 ], [ -78.347089558292382, 39.466020129957059 ], [ -78.403700557283187, 39.167459067984275 ], [ -78.508135584934934, 39.088638048196024 ], [ -78.544092594148793, 39.056661040403135 ], [ -78.593225604202303, 38.971983021482835 ], [ -78.620069612944036, 38.978360021759748 ], [ -78.629767616102015, 38.980664021859404 ], [ -78.869278677058716, 38.762999968858715 ], [ -78.994000721108279, 38.850109981750691 ], [ -79.057255735216259, 38.761421961435993 ], [ -79.129459751021201, 38.655324937228926 ], [ -79.223738769320889, 38.478481897777563 ], [ -79.224344769469596, 38.477852897626839 ], [ -79.296033787961491, 38.418193882787243 ], [ -79.312279792589976, 38.411883880889938 ], [ -79.521472864621472, 38.533925897729695 ], [ -79.649077907546783, 38.591523904502367 ], [ -79.688207910842607, 38.450483874442213 ], [ -79.795924932588207, 38.265560832758389 ], [ -79.932923964535206, 38.100046793804125 ], [ -79.959567970507877, 38.0639357854173 ], [ -79.959847970579673, 38.063705785359552 ], [ -80.056058993278327, 37.95196775885799 ], [ -80.216820031824639, 37.775870716666688 ], [ -80.296141051000248, 37.691790696391315 ], [ -80.220988024218656, 37.627774686067532 ], [ -80.259359033997754, 37.595316677934861 ], [ -80.296459044312101, 37.578399673049155 ], [ -80.328507053250775, 37.564322668938566 ], [ -80.28238903734794, 37.533524664330251 ], [ -80.366842060214566, 37.484886651113037 ], [ -80.363174058806706, 37.480008650244542 ], [ -80.475605089676804, 37.422957634226997 ], [ -80.497283097575036, 37.444786637913751 ], [ -80.511394104069311, 37.481680644989119 ], [ -80.580776123870294, 37.459485637784546 ], [ -80.635904138912693, 37.430428629702917 ], [ -80.636852139176355, 37.430011629580925 ], [ -80.770086176246849, 37.372371612634588 ], [ -80.858363206407205, 37.428176620772774 ], [ -80.859560206854951, 37.429576621015251 ], [ -80.849454198836753, 37.346917604365977 ], [ -80.98014923526685, 37.292751588213974 ], [ -80.981326235712245, 37.294229588473954 ], [ -80.987013237864033, 37.301374589731154 ], [ -81.034972251765254, 37.290627585684454 ], [ -81.056224258040643, 37.287824584294917 ], [ -81.225108306032183, 37.234881566916968 ], [ -81.362159353706133, 37.337695582816337 ], [ -81.556123404468096, 37.207421548528501 ], [ -81.557750405024777, 37.20850454868863 ], [ -81.557961405097032, 37.208644548709266 ], [ -81.626323425441882, 37.203750545059286 ], [ -81.740127461846541, 37.237759547638731 ], [ -81.928466526159013, 37.360468565438424 ], [ -81.996581553895595, 37.476713586500765 ], [ -81.927874535372695, 37.512125596436377 ], [ -81.968301549172125, 37.537805600071593 ], [ -81.964974548494624, 37.543033601268363 ], [ -82.13330259988291, 37.553003596617252 ], [ -82.333353672092613, 37.741208626774068 ], [ -82.333154673531766, 37.76464363151949 ], [ -82.377396689325138, 37.803017637483222 ], [ -82.40220269742133, 37.812685638430402 ], [ -82.399166697343333, 37.825685641175951 ], [ -82.41462670392508, 37.855513646563757 ], [ -82.497304734673278, 37.945515661315376 ], [ -82.600118776925939, 38.117392691567112 ], [ -82.604760778492846, 38.119930691883432 ], [ -82.604233786780796, 38.247311717349625 ], [ -82.594901790308455, 38.342286736660022 ], [ -82.597197791088632, 38.343589736823873 ], [ -82.599628795028124, 38.391353746223579 ], [ -82.593676795280231, 38.42181775252574 ], [ -82.507682768560258, 38.410789753912844 ], [ -82.305570712913848, 38.492539778555191 ], [ -82.287273713445089, 38.582790797238488 ], [ -82.218971693345381, 38.591690801841388 ], [ -82.22157070739101, 38.787194840445309 ], [ -82.146170688039803, 38.839088853845588 ], [ -82.098969681870827, 38.958386879345717 ], [ -82.003465657635189, 39.028485897148279 ], [ -81.908648618502014, 38.878468871524305 ], [ -81.759998576449689, 38.925835887055364 ], [ -81.764091583289655, 39.007919903090382 ], [ -81.813459602431848, 39.067606912794837 ], [ -81.813158603218085, 39.080385915322886 ], [ -81.747256584145376, 39.095385921025141 ], [ -81.753070590986994, 39.168997935259185 ], [ -81.755957592640698, 39.180183937336018 ], [ -81.753957592271789, 39.183684938107206 ], [ -81.725488585778066, 39.215507945547301 ], [ -81.456147516816984, 39.409281994803649 ], [ -81.371263486146063, 39.341932985141376 ], [ -81.210836441201891, 39.403571003899721 ], [ -81.121537417522774, 39.457783018234842 ], [ -81.038715397739423, 39.539894037755865 ], [ -80.958293377004765, 39.597810052424421 ], [ -80.943785373170854, 39.606935054810876 ], [ -80.870812353018252, 39.640441064386167 ], [ -80.833517347101136, 39.72082108163692 ], [ -80.821283352342107, 39.849990107324473 ], [ -80.733308338064177, 40.033281146599251 ], [ -80.702957337471631, 40.15731217188344 ], [ -80.682012332994589, 40.185503178210226 ], [ -80.602092317152028, 40.31039520566614 ], [ -80.632200332474554, 40.393676220434401 ], [ -80.595497326976741, 40.475275237660739 ], [ -80.664456355286376, 40.570184252937267 ], [ -80.667960357274055, 40.582504255146482 ], [ -80.518994315083191, 40.638810272233371 ], [ -80.518997314985469, 40.637456271974123 ], [ -80.518998314953222, 40.637011271889016 ], [ -80.519042303383742, 40.477371241285816 ], [ -80.517994297405281, 40.398876226238635 ], [ -80.519165289066081, 40.277275202752506 ], [ -80.519165289065441, 40.277266202750674 ], [ -80.519107280695152, 40.159680180022995 ], [ -80.519123270607452, 40.016419152240005 ], [ -80.519222266858307, 39.962433141741073 ], [ -80.519346250177833, 39.721412094713344 ] ] ] ] } }
]
}
