{
"type": "FeatureCollection",
"name": "ioa_full_cession_footprint",
"crs": { "type": "name", "properties": { "name": "urn:ogc:def:crs:OGC:1.3:CRS84" } },
"features": [
{ "type": "Feature", "properties": { "layer_type": "full_cession_footprint", "description": "Full footprint of recorded Indigenous land cessions in the dataset", "area_sqmi": 2379718 }, "geometry": { "type": "MultiPolygon", "coordinates": [ [ [ [ -114.813400268197014, 32.49469757055904 ], [ -114.701570595682, 32.745627082429081 ], [ -114.621885222448313, 32.733595136435937 ], [ -114.463230663376009, 32.900523275752398 ], [ -114.520118611342994, 33.029979035262194 ], [ -114.707807569055021, 33.091097038178923 ], [ -114.70879854735702, 33.396949414011289 ], [ -114.524587571778, 33.552225967113436 ], [ -114.527982500171007, 33.948506261220686 ], [ -114.420487545651, 34.103460892284851 ], [ -114.131477589076994, 34.260381861198049 ], [ -114.387395523996005, 34.460486847167829 ], [ -114.470973490744996, 34.71221082181269 ], [ -114.635164447510007, 34.87499780953052 ], [ -114.646747423598015, 35.101866784179364 ], [ -114.568734435593001, 35.172723766252105 ], [ -114.599759414017015, 35.341104748388993 ], [ -114.625690403095007, 35.407970745968193 ], [ -114.657315553716089, 35.440686698254225 ], [ -114.595570309335002, 35.317611842783712 ], [ -114.834149923837018, 35.282745977977903 ], [ -115.290882184627009, 34.931406624991489 ], [ -115.58978106354698, 34.828205864182287 ], [ -115.746085981723994, 34.868464197106093 ], [ -116.132734990746016, 35.219028489865615 ], [ -116.530901203006991, 35.888987258804953 ], [ -117.026689640474004, 36.014425643974235 ], [ -117.215172848980231, 36.289449096428434 ], [ -117.088313596451016, 35.751290129846161 ], [ -116.897275133657999, 35.592188026141969 ], [ -116.782514416474001, 35.254703819227295 ], [ -117.538262408137015, 34.672167132275966 ], [ -117.65754774088002, 34.406744345569514 ], [ -117.477317201223002, 34.342753326992508 ], [ -116.829063118440004, 34.362764910604909 ], [ -116.485740735920999, 34.266752006922879 ], [ -116.479159476028997, 34.010244776619395 ], [ -116.110060494285008, 33.789778372418716 ], [ -115.876425773944021, 33.510888409216776 ], [ -114.902813412553996, 32.706063544871192 ], [ -116.061106974455015, 32.622135989410189 ], [ -115.940593056322982, 32.981092988798572 ], [ -116.073188811072001, 33.321152397246323 ], [ -115.949916507162996, 33.361386450276875 ], [ -116.088122962208999, 33.321825530839767 ], [ -116.67275819936502, 33.973876537351003 ], [ -116.946977355260003, 33.969891905015913 ], [ -116.896521030315995, 33.867350616609777 ], [ -117.079699425713983, 33.908153515460604 ], [ -116.876777251537007, 33.746050094179317 ], [ -117.232165276743999, 33.544586042088987 ], [ -117.131252627755018, 33.443531735137014 ], [ -116.918009528718002, 33.410231440103409 ], [ -116.722117648108011, 33.172147882514381 ], [ -116.580894782390999, 33.183253925088479 ], [ -116.382286028951995, 32.594029676701382 ], [ -117.12545416968301, 32.5303790058055 ], [ -117.226684570754003, 32.699249267761338 ], [ -117.100303649499011, 32.624214172212 ], [ -117.18120574971401, 32.726116180493307 ], [ -117.238441466968993, 32.707683563284782 ], [ -117.246177673754005, 32.66547393788764 ], [ -117.275154113343021, 32.9925956725505 ], [ -117.508880615455013, 33.335102081024225 ], [ -118.205197739685005, 33.832536028528189 ], [ -118.185623169370004, 33.738777160440037 ], [ -118.40979003918001, 33.741111755423056 ], [ -118.522705077782007, 34.029914856284584 ], [ -118.806747436174021, 33.999691009239122 ], [ -119.128166198917995, 34.099807739120479 ], [ -119.562782287756008, 34.413021087688492 ], [ -120.455459595134016, 34.444557189605952 ], [ -120.651931762263999, 34.578166961414091 ], [ -120.638056889238996, 35.130328044565552 ], [ -120.857276916442004, 35.209945678563358 ], [ -120.894149780042014, 35.442844391053001 ], [ -121.283805847375007, 35.665004730417145 ], [ -121.502609253017994, 35.996875763245704 ], [ -121.904922485686015, 36.307968139898399 ], [ -121.979545592931018, 36.580459594575402 ], [ -121.851875305377007, 36.622035980260435 ], [ -121.772270202651001, 36.815425872808419 ], [ -121.909538269466012, 36.971500396478895 ], [ -122.154663086382996, 36.978153228747949 ], [ -122.339782715058007, 37.118175506527606 ], [ -122.521766662843007, 37.534206390524211 ], [ -122.517280578721994, 37.781017303363257 ], [ -122.411735534308008, 37.80806350698635 ], [ -122.377067565809995, 37.606185913353826 ], [ -122.06463623009202, 37.444934844908566 ], [ -121.932828125371017, 37.4447866703701 ], [ -122.113143920537993, 37.505119323973297 ], [ -122.22116851815602, 37.760765075364851 ], [ -122.431831360151008, 37.962211609156824 ], [ -122.241516113027998, 38.058216094992012 ], [ -122.150764465422981, 38.022575378066996 ], [ -121.701461792157005, 38.006538390925691 ], [ -121.609497070372996, 38.100185394629115 ], [ -121.606552124275012, 38.017726898158976 ], [ -121.565513611005997, 38.096401214474604 ], [ -121.605613708197012, 38.107505798517536 ], [ -121.678329467514999, 38.093544006576614 ], [ -121.788368225442994, 38.039402007947118 ], [ -121.706794738758006, 38.087142944253102 ], [ -121.659675598501011, 38.175472259758514 ], [ -121.669960257677246, 38.177843238831734 ], [ -121.799613952413992, 38.062767028711335 ], [ -121.859596252479989, 38.073413848525107 ], [ -121.929611206236004, 38.05073928837718 ], [ -122.058915537377004, 38.13812683216036 ], [ -122.164360045937997, 38.043136596465807 ], [ -122.278785705895004, 38.116321564060492 ], [ -122.289009094377008, 38.247127532902091 ], [ -122.326484679921009, 38.185058593428231 ], [ -122.254241943786994, 38.070171356460975 ], [ -122.407806396680002, 38.152778625456094 ], [ -122.498611450026019, 38.110691070317792 ], [ -122.441490173646997, 37.882175445588466 ], [ -122.530906676804008, 37.815139770520695 ], [ -122.933670043583007, 38.090213775601413 ], [ -123.024452209653006, 37.99420928962828 ], [ -122.995826721184997, 38.24084472688147 ], [ -122.829986572541998, 38.087631225237899 ], [ -122.925666808987003, 38.220142364342166 ], [ -123.72852325454798, 38.917823791449429 ], [ -123.854316711742001, 39.83321762114069 ], [ -124.36465454112998, 40.259368896565789 ], [ -124.411186218226007, 40.436016082481196 ], [ -124.235816894660999, 40.75467263486329 ], [ -124.223716587784011, 40.682464699032522 ], [ -124.088341035913999, 40.83184405230039 ], [ -124.153686735469009, 40.863983230872897 ], [ -124.230750957905002, 40.760765242694077 ], [ -124.049377171912013, 41.532825755221403 ], [ -124.258392119198007, 41.780685673585324 ], [ -124.211956546566014, 41.998338452221589 ], [ -124.111235385506191, 41.998967962843949 ], [ -124.352416992339002, 42.10243225082251 ], [ -124.402122497283003, 42.626144409237398 ], [ -124.566024780432002, 42.836795806938603 ], [ -124.385963439356999, 43.327972412683522 ], [ -124.305961609161017, 43.282501220677936 ], [ -124.238204956249007, 43.425613403398629 ], [ -124.166061401307999, 43.362522125727502 ], [ -124.194419861067018, 43.467838287384879 ], [ -124.335388183758994, 43.358600616864329 ], [ -124.200233459345014, 43.669021606693526 ], [ -124.152503966853018, 43.699962615802704 ], [ -124.134765624843993, 43.735538482865529 ], [ -124.108421325395, 43.704822540063283 ], [ -123.914421081178006, 43.663055420340761 ], [ -124.135536194305018, 43.750099182211869 ], [ -124.202445982940006, 43.674880981251015 ], [ -124.135711669415997, 44.015357971069719 ], [ -124.125686645117995, 43.970500945685345 ], [ -124.106132507882009, 43.961460114168766 ], [ -124.022941589257016, 43.987857817836641 ], [ -124.13807678174399, 44.023952483972465 ], [ -124.085700988803012, 44.418964386304651 ], [ -123.999744856096115, 44.415094356900894 ], [ -124.083648682434003, 44.428600311083684 ], [ -124.067848205917997, 44.614761352227198 ], [ -124.026084900436999, 44.614044189331892 ], [ -124.040512084648995, 44.595405578494081 ], [ -124.020675659920002, 44.608707427432897 ], [ -124.025703429953992, 44.582103728903427 ], [ -123.985366820722007, 44.571296691542088 ], [ -123.967338562725999, 44.569938660105279 ], [ -123.949577331643013, 44.586376190703177 ], [ -124.067637756699014, 44.691649819812113 ], [ -123.737809847511997, 44.695829586729957 ], [ -123.723593919109177, 43.88240365072879 ], [ -123.726155591554033, 44.999491182108578 ], [ -123.741923135282008, 45.07324550820708 ], [ -124.016616821734004, 45.04901885938002 ], [ -123.935035705657995, 45.171760559064971 ], [ -124.007232666340016, 45.339481353448072 ], [ -123.725607094964005, 45.347815229260611 ], [ -123.992160104581004, 45.345554074178992 ], [ -123.962738036831013, 45.520351409989537 ], [ -123.857696533167001, 45.501506804991308 ], [ -123.959632873507985, 45.573493957759958 ], [ -123.881813049339996, 45.695339203471377 ], [ -123.938003539929994, 45.659145354914365 ], [ -123.979927063535996, 45.762874603205887 ], [ -123.911079406711011, 46.012321472102641 ], [ -124.01307678218501, 46.230548858286383 ], [ -123.778160094966992, 46.094371795832373 ], [ -123.862258911205004, 46.187156677463392 ], [ -123.509025573361001, 46.236652374392612 ], [ -123.384040832585995, 46.144973755312186 ], [ -123.244122960262004, 46.136272601420622 ], [ -123.177406311208998, 46.182174682896616 ], [ -122.906295776253017, 46.078685759949174 ], [ -122.793083190477006, 45.858158111916339 ], [ -122.865341186292994, 45.79468154891569 ], [ -122.792297363130999, 45.854507445970029 ], [ -122.779197967961011, 45.641143511566419 ], [ -122.684074402226969, 45.604225157898348 ], [ -122.261787414881013, 45.540882110479302 ], [ -121.90904998749798, 45.655208588302358 ], [ -122.233055114929016, 45.56162643454126 ], [ -122.645935058706002, 45.612869262977789 ], [ -122.761848449146001, 45.669982910198328 ], [ -122.785140991014018, 45.950546264765393 ], [ -122.894088745028995, 46.103889465178291 ], [ -123.126548767219006, 46.1916694648271 ], [ -123.322998046174007, 46.160713195789121 ], [ -123.680313110378989, 46.311847687099302 ], [ -123.871704101732988, 46.24354553165275 ], [ -124.015060424927981, 46.31738662662427 ], [ -124.084808349974011, 46.267898560298939 ], [ -124.066490173296017, 46.636180877360779 ], [ -123.951393127768014, 46.371730803847051 ], [ -123.93612670956999, 46.458320617646081 ], [ -123.925666809047001, 46.434738158595451 ], [ -123.839469909190001, 46.399730683111322 ], [ -123.960060119442986, 46.637992858951989 ], [ -123.849617004653979, 46.704063415036124 ], [ -123.805992126697006, 46.666114807216665 ], [ -123.766281127585998, 46.679454803536018 ], [ -123.893722534286994, 46.750251770169285 ], [ -124.096092224800998, 46.729946136560955 ], [ -124.138977050864, 46.906497955368501 ], [ -124.021369934564987, 46.8319587705845 ], [ -124.039535522509979, 46.898071288987865 ], [ -123.806129454849994, 46.972316742263217 ], [ -124.108673096218993, 47.044181823901212 ], [ -124.172714232673997, 46.927639007613138 ], [ -124.220844251611993, 47.24908526518098 ], [ -124.075522779292001, 47.251828469468606 ], [ -124.117752529594014, 47.393981892616814 ], [ -124.337402344067982, 47.403057098427901 ], [ -124.421607971789996, 47.734901427484267 ], [ -124.639144897511017, 47.906444549221696 ], [ -124.734367370453015, 48.165988922070625 ], [ -124.541594745039006, 48.441023777498515 ], [ -123.878532763942999, 48.258893450438535 ], [ -123.221534721832001, 48.3036261440364 ], [ -123.133027085570006, 48.406095283243502 ], [ -123.260193720084004, 48.671330776665826 ], [ -122.991662577989999, 48.80749589235176 ], [ -123.33512219793198, 49.002419838820316 ], [ -116.828035000190994, 48.999686999869112 ], [ -116.853960106751472, 48.955330738735128 ], [ -113.897538603960001, 48.998676047774055 ], [ -113.590413591472, 48.422800595589379 ], [ -113.698767260012957, 48.118251851834188 ], [ -112.852763776377998, 48.158273502522619 ], [ -112.321182381436998, 48.320098008751934 ], [ -112.225691936193599, 48.486318305298241 ], [ -112.349402255401998, 48.615169093384608 ], [ -112.341723905511003, 48.998866485497096 ], [ -104.048665848729001, 48.999547929798744 ], [ -104.045445388435994, 48.199743271874659 ], [ -104.331403847041003, 48.198406898518392 ], [ -104.331251133443004, 48.04594476095361 ], [ -104.592117400375002, 48.108108535872645 ], [ -104.721683659590994, 48.232378724700119 ], [ -104.450688887831006, 48.657523376100904 ], [ -106.519906491672003, 48.66510595581218 ], [ -106.376021086826, 48.156934317070679 ], [ -106.251707726232993, 48.08297290746345 ], [ -106.496685041576995, 47.955332687315334 ], [ -106.743709365198697, 47.740086692830282 ], [ -104.042801085529348, 47.778341804745608 ], [ -103.985464959560005, 47.984027448027597 ], [ -103.819816885098007, 47.980030559018907 ], [ -103.685665008426994, 48.121115405275681 ], [ -103.563672256724004, 48.120185585131154 ], [ -103.487279568082002, 47.991778792781631 ], [ -103.109797151476002, 48.146220351216613 ], [ -102.692606272600003, 48.084916319444936 ], [ -102.717509878250993, 48.536369802659458 ], [ -101.838911705523003, 48.532639492953173 ], [ -101.837053171151013, 48.006529390730677 ], [ -102.785493203957003, 47.996546509211917 ], [ -102.785493203957003, 47.578241191168694 ], [ -102.669521526329007, 47.567027905245524 ], [ -102.653068377047006, 47.483941756591669 ], [ -102.499505649818005, 47.594497807032155 ], [ -102.40352894507501, 47.439783655079154 ], [ -101.409307746151995, 47.518899072834209 ], [ -101.343905901892001, 47.29387687096726 ], [ -100.981892702650001, 47.252799059252077 ], [ -100.912091359285995, 46.908738045629605 ], [ -100.784699152414007, 46.68797719778852 ], [ -100.561025110944996, 46.587839313302908 ], [ -100.592654411213019, 46.466243926544799 ], [ -100.560681810353287, 46.387098387441732 ], [ -100.455273895985997, 46.515411931936306 ], [ -100.024434779149999, 46.215860085707611 ], [ -100.022592403673002, 46.022647155884556 ], [ -99.000230010627405, 46.022647155884556 ], [ -99.00127439123392, 45.044310148826554 ], [ -98.935336806853996, 45.112147373430687 ], [ -98.649235972462407, 44.979094101091988 ], [ -98.544841125547606, 45.039814951545829 ], [ -98.499156903819994, 44.955749253686051 ], [ -97.228375930255496, 44.962914526459016 ], [ -98.315769047349221, 45.346966356039538 ], [ -98.216108341744601, 45.524468260864133 ], [ -98.338446489385703, 45.633780988192811 ], [ -98.111881333362504, 46.165168699773012 ], [ -98.269556812965604, 46.237126102899531 ], [ -98.2329814103026, 46.316690756818829 ], [ -98.571596334170707, 46.612660943570731 ], [ -98.568510693933305, 46.866622511295333 ], [ -98.715967579363095, 46.899890852138405 ], [ -98.859860554311595, 47.203391091055217 ], [ -98.758718444158504, 47.528042322420063 ], [ -99.307064269898603, 47.735838596461726 ], [ -99.506195025366793, 47.670573619863902 ], [ -99.804213619088202, 47.71969803784696 ], [ -99.267648366459397, 48.097245465004903 ], [ -99.235211641549299, 48.116739656504805 ], [ -98.979639389131805, 48.138945829914121 ], [ -98.311850786491235, 48.006219502513737 ], [ -98.052367534361196, 48.20039105050332 ], [ -98.080886798843807, 49.000367492352716 ], [ -95.284243796064203, 49.000175218663209 ], [ -96.032545012306016, 48.324120268511955 ], [ -95.305146939650399, 48.981218052721694 ], [ -95.212694405717102, 48.906470022436288 ], [ -95.041581653006403, 48.992029491052818 ], [ -94.880340790583318, 48.873601074039676 ], [ -94.71663195424091, 48.8689072523539 ], [ -94.7742179767273, 48.832310366796406 ], [ -94.685876364401196, 48.84925121530248 ], [ -94.531448364618797, 48.701206206602777 ], [ -93.838966369321597, 48.626972198620393 ], [ -93.795706754483575, 48.49489213285117 ], [ -93.246490246497004, 48.642830017871802 ], [ -92.951347075558402, 48.629966616580319 ], [ -92.636886757328895, 48.54248803890524 ], [ -92.716804253686504, 48.465412124133934 ], [ -92.508315943736307, 48.4470136985477 ], [ -92.367485047113604, 48.220836639887501 ], [ -92.270133972088303, 48.245368957784805 ], [ -92.271499633204002, 48.351928711104605 ], [ -92.056762695138104, 48.361412047979755 ], [ -91.954605102438407, 48.232086181760224 ], [ -91.558586120624497, 48.105419159063487 ], [ -91.568504333438199, 48.045181273663808 ], [ -91.265312194671793, 48.077980041402228 ], [ -90.886642455889998, 48.246154785406631 ], [ -90.752861022882499, 48.091865540078857 ], [ -90.132278441991105, 48.110523223806467 ], [ -89.8980560294181, 47.990322112892009 ], [ -89.499961853059602, 48.004344939841204 ], [ -90.757034301943406, 47.61154174854159 ], [ -92.088500976321598, 46.792579651455313 ], [ -92.008636474277594, 46.679740906294001 ], [ -91.395324707277297, 46.777671814354782 ], [ -90.869644164876405, 46.960605620551704 ], [ -90.756553650265801, 46.885032654386023 ], [ -90.952453613017994, 46.588603972756324 ], [ -90.690582275013597, 46.650741577477639 ], [ -90.757003784376593, 46.700138092399442 ], [ -90.441276550542298, 46.56006622260751 ], [ -90.018661499352703, 46.678165435174712 ], [ -89.818756103258806, 46.810287476312261 ], [ -89.407768249523798, 46.846229552903203 ], [ -88.967788696518497, 47.004497528162794 ], [ -88.655143737832603, 47.225643158555741 ], [ -88.635452269749294, 47.133602142031613 ], [ -88.4393081655641, 46.990455627891315 ], [ -88.4880218504845, 46.754768371742621 ], [ -88.143524170637804, 46.967216491796805 ], [ -88.2930068971704, 46.818939209393378 ], [ -88.076614380205598, 46.920719146865011 ], [ -87.813690185247196, 46.89043426437248 ], [ -87.592178345547893, 46.782245635651179 ], [ -87.5833816533153, 46.730480194805686 ], [ -87.380897521925803, 46.592063903653759 ], [ -87.394027710445201, 46.536964417228752 ], [ -87.313097068957404, 46.478143567594202 ], [ -87.004493713379702, 46.53299713165066 ], [ -86.870613098279904, 46.437637328896407 ], [ -86.754104614387501, 46.479606628746929 ], [ -86.640510559025898, 46.412410735853975 ], [ -86.156829834147302, 46.672454834087702 ], [ -85.520339966154907, 46.675842285690102 ], [ -84.952316284502999, 46.772457122298967 ], [ -85.0381011963091, 46.490901946976592 ], [ -84.631126403510905, 46.48503494222301 ], [ -84.576477050943296, 46.413223266384733 ], [ -84.303062438793106, 46.488864898608114 ], [ -84.219253540337704, 46.297740936200768 ], [ -84.179481506092401, 46.24987792933797 ], [ -84.271308898826206, 46.19781112665698 ], [ -84.026626586628296, 46.134498596797464 ], [ -83.909484863224094, 45.957397461128956 ], [ -84.467613220237297, 46.009460449185937 ], [ -84.527145386192899, 45.968219756907786 ], [ -84.659011840085199, 46.052932739712929 ], [ -84.756439209027604, 45.837722778802778 ], [ -85.006095886415807, 46.009113311480583 ], [ -85.510482788474803, 46.096561432652791 ], [ -85.657081604043498, 45.966171264402014 ], [ -86.269180297762205, 45.944774627557386 ], [ -86.615989685093112, 45.599136352511451 ], [ -86.721694945835395, 45.676731110029678 ], [ -86.558219909520304, 45.772480010820658 ], [ -86.536750794067402, 45.883193970175597 ], [ -86.780479431403606, 45.860485076984716 ], [ -86.966011047231405, 45.667869568474593 ], [ -86.975601196201595, 45.914844512922393 ], [ -87.061485290099895, 45.706832885454254 ], [ -87.603172301694201, 45.150516510062623 ], [ -87.6335220335868, 44.981826781723413 ], [ -87.842521668189903, 44.929328917835527 ], [ -87.980545043885499, 44.58279037484148 ], [ -88.016815185540196, 44.62471008308205 ], [ -88.117816509925305, 44.537661459199327 ], [ -88.206697793243208, 44.586888406099796 ], [ -88.321869839114399, 44.433761284433103 ], [ -88.115622756627815, 44.362177917995872 ], [ -88.134269660105517, 44.511074591150873 ], [ -87.971931919686199, 44.475259031190276 ], [ -88.017951964904697, 44.543525695105998 ], [ -87.765411377450803, 44.644947052541383 ], [ -87.581741333199801, 44.851902007667803 ], [ -87.428047179749399, 44.887962341236026 ], [ -87.446449280633999, 44.875923157125925 ], [ -87.422660827406901, 44.874641418597314 ], [ -87.393157958892203, 44.829448699909292 ], [ -87.319709777969507, 44.791763305438778 ], [ -87.504570007327004, 44.457485199637006 ], [ -87.518470764408903, 44.179115294954357 ], [ -87.721916199153597, 43.932285308559152 ], [ -87.706962586016004, 43.679759979074014 ], [ -87.908973694221302, 43.265880584471404 ], [ -87.863883972158902, 43.072433471953133 ], [ -87.910571953418597, 43.030451646192127 ], [ -87.758934021195699, 42.78230285662729 ], [ -87.816735602519401, 42.246558480477312 ], [ -87.524236000985397, 41.716979000541208 ], [ -87.526352150562431, 40.684528067908374 ], [ -87.523941163129393, 41.738948142956012 ], [ -87.297301491487787, 41.61915483541086 ], [ -86.652294699406127, 41.760574468982668 ], [ -86.826187133296102, 41.760883331013368 ], [ -86.609169006211204, 41.902912140172276 ], [ -86.246917490213093, 42.49458310719583 ], [ -86.215355182705494, 42.916793696873867 ], [ -86.337905884319298, 43.226722717219914 ], [ -86.297080994018302, 43.216655731605712 ], [ -86.201950072878304, 43.27243042046701 ], [ -86.343086242187297, 43.233901977834478 ], [ -86.533569335928604, 43.604053496893883 ], [ -86.420066833267398, 43.935066222574193 ], [ -86.517265319560309, 44.060363769446013 ], [ -86.265602112152806, 44.350452423660286 ], [ -86.254142761315805, 44.692451476776611 ], [ -86.086204529054996, 44.744964599401357 ], [ -86.066505431579998, 44.91009521485271 ], [ -85.803199767934501, 44.952346801384799 ], [ -85.548744202263606, 45.212440491348985 ], [ -85.650016784626899, 44.830062866852437 ], [ -85.594223022404805, 44.767635345854636 ], [ -85.480262756241203, 44.990917206077654 ], [ -85.528251648050997, 44.749832153508059 ], [ -85.394721984969806, 44.935920715620803 ], [ -85.375625610338105, 45.2691230774644 ], [ -84.923858642652306, 45.389804839759137 ], [ -85.119186401924793, 45.579357147697756 ], [ -84.942344665947402, 45.711433410350821 ], [ -85.014320373372101, 45.758892059524712 ], [ -84.776687621807199, 45.787651062395376 ], [ -84.650158259342206, 45.742670012226682 ], [ -84.697900862745499, 45.705570301594527 ], [ -84.2183685300013, 45.636676788383305 ], [ -84.0835494997214, 45.491661071663529 ], [ -83.493232727413897, 45.360939025781285 ], [ -83.318031310653794, 45.142105102251207 ], [ -83.436823160826336, 45.068843087207426 ], [ -83.322779406393593, 45.133172865641235 ], [ -83.263534390511794, 45.024757402836293 ], [ -83.389015560974102, 45.076141452717174 ], [ -83.464027132986303, 45.003403096510418 ], [ -83.272735384809394, 44.712176920117379 ], [ -83.337662244863296, 44.328174848256261 ], [ -83.528503712503905, 44.260970888099386 ], [ -83.577148608033099, 44.050514505075711 ], [ -83.719776371481004, 44.039049995003985 ], [ -83.680878196784505, 43.989410790678797 ], [ -83.810268161626794, 44.027581988488784 ], [ -83.91168545635594, 43.911901551328945 ], [ -83.9665738981695, 43.704606815423766 ], [ -83.858739042705608, 43.649733200587079 ], [ -83.962460737062301, 43.509651939685305 ], [ -83.855963721889921, 43.639980548392856 ], [ -83.878393933147635, 43.578300852575495 ], [ -83.809513576788106, 43.634647306767356 ], [ -83.678467343140795, 43.587101010082286 ], [ -83.490753135582906, 43.701370268180085 ], [ -83.328369173249101, 43.884822719898068 ], [ -83.401847994807696, 43.916637051883356 ], [ -82.9606550406358, 44.069228753153808 ], [ -82.738380398309701, 43.989250021033698 ], [ -82.635848937568497, 43.83451104247758 ], [ -82.420257760956204, 42.98268533754441 ], [ -82.516486978532299, 42.629829291731177 ], [ -82.649772824472294, 42.632927326875681 ], [ -82.642934822757695, 42.691869206356905 ], [ -82.838349976149999, 42.641234256706426 ], [ -82.774139522535194, 42.59333440348599 ], [ -82.893799048509294, 42.389800849935632 ], [ -83.118072442342594, 42.275818132659083 ], [ -83.206825430966504, 41.999511370490531 ], [ -83.480361645510442, 41.735243913409086 ], [ -82.838388154549506, 41.723336818150088 ], [ -82.842641703440862, 41.264860212463311 ], [ -82.825347900864799, 41.475013732403205 ], [ -82.603393554649898, 41.416381835505057 ], [ -82.689323425796701, 41.490264891993519 ], [ -82.499893189009498, 41.381931305174092 ], [ -82.018116509850998, 41.514648953292109 ], [ -81.707193650457071, 41.495876743422002 ], [ -81.285034278532294, 41.760216073508161 ], [ -80.519424865547506, 41.977982335057789 ], [ -80.519012601950095, 40.72497322115845 ], [ -80.518119812865706, 41.978248596076597 ], [ -79.240714605685298, 42.534026080336716 ], [ -78.980669213772913, 42.465155596812949 ], [ -79.131139487140601, 42.563939932359233 ], [ -79.049087673618104, 42.689254908671977 ], [ -78.853133669116602, 42.792459218324488 ], [ -78.488780920007102, 42.798624913227918 ], [ -78.4891924606967, 42.914607867690663 ], [ -78.896426289893597, 42.8925326524095 ], [ -78.894668399172005, 43.052783989253903 ], [ -79.06828298689851, 43.085945229196632 ], [ -79.062370387987897, 43.262718274745779 ], [ -78.5336304334609, 43.372962867707209 ], [ -77.855955980744497, 43.348619217791097 ], [ -78.102053944405498, 42.948832932096821 ], [ -77.815768723615321, 42.955591589921106 ], [ -77.966361736398099, 42.81896248824475 ], [ -77.920731250094093, 42.790081928790663 ], [ -77.922949702024539, 42.00958037255824 ], [ -76.505277781189804, 42.000291021107508 ], [ -76.427110849792697, 41.746654915520679 ], [ -77.25526333093552, 41.552284516604537 ], [ -77.367135709359616, 41.340096627575825 ], [ -77.278854987538395, 41.169337904205207 ], [ -77.441299765817007, 41.139114603558447 ], [ -77.639043490147102, 41.325927042017241 ], [ -77.833155793805901, 41.311717031046001 ], [ -78.095308962060997, 41.073659243384824 ], [ -78.365066912676895, 41.069138268007485 ], [ -78.557228740291805, 40.915138016560306 ], [ -78.753760756779599, 40.88494987163407 ], [ -78.792155203875495, 40.74645991288039 ], [ -79.529293719469194, 40.840253671162678 ], [ -79.766929215387194, 40.541115386680119 ], [ -80.015601479361194, 40.442541869592112 ], [ -80.216631531156594, 40.558636693958057 ], [ -80.274694835739993, 40.69558566865107 ], [ -80.627171046512998, 40.619935752648232 ], [ -80.599894825804796, 40.317666253101038 ], [ -80.880360086447993, 39.620705627348414 ], [ -81.217314780838905, 39.387590425016413 ], [ -81.375960628696703, 39.341697200473668 ], [ -81.456143128063104, 39.409273816769094 ], [ -81.570247135451993, 39.26767538008302 ], [ -81.684763244977503, 39.270026909985503 ], [ -81.8138545199877, 39.079678367894118 ], [ -81.762658409051696, 38.924122728438647 ], [ -81.902969641960595, 38.876089734087721 ], [ -81.933185599436101, 38.98765998205436 ], [ -82.037749498507594, 39.023865133992672 ], [ -82.221566140626507, 38.787187044202106 ], [ -82.175266970882902, 38.607084098734127 ], [ -82.291270915097698, 38.578982627049179 ], [ -82.327391049778001, 38.446484303684187 ], [ -82.583378341823007, 38.409969575330699 ], [ -82.842213293318693, 38.588576576852226 ], [ -82.890431489088002, 38.75625962914868 ], [ -83.293019343924897, 38.596764214200483 ], [ -83.520754620284293, 38.703093965221115 ], [ -83.659565666668797, 38.627393086962279 ], [ -83.764187956233798, 38.652524820584269 ], [ -83.868958467820605, 38.761115823802491 ], [ -84.213115405002, 38.805834886205893 ], [ -84.452470389561498, 39.11923320291897 ], [ -84.618733951028702, 39.073330588281088 ], [ -84.744371203771493, 39.147731580181812 ], [ -84.897336330351393, 39.057420275487566 ], [ -84.813238299240297, 38.785727951961491 ], [ -85.203943688656494, 38.691824699831024 ], [ -85.107237622861163, 39.1566044103892 ], [ -85.203943708419501, 38.691825072844203 ], [ -85.436299000522197, 38.728483999821201 ], [ -85.428742000449702, 38.527072999498479 ], [ -85.606954000510299, 38.438573999620914 ], [ -85.679212999744706, 38.298008999850055 ], [ -85.829215999947095, 38.276508000544318 ], [ -85.826627273311473, 38.335095295711021 ], [ -85.947114000615898, 38.005085000470778 ], [ -86.040820999504106, 37.958366000096767 ], [ -86.178026000094405, 38.010510999462213 ], [ -86.359772000330594, 38.198839999812677 ], [ -86.325551000280598, 38.135808999814138 ], [ -86.461686000467921, 38.120501999659396 ], [ -86.507089001002498, 37.929916999790692 ], [ -86.638009000691213, 37.842772000722668 ], [ -86.8198039995345, 37.999390999630108 ], [ -87.034165998767094, 37.906264999846407 ], [ -87.108332999902004, 37.782729000831374 ], [ -87.588289999518693, 37.975512000038542 ], [ -87.617906000063698, 37.83106800055436 ], [ -87.674851000933103, 37.901780999672646 ], [ -87.894393000504195, 37.928034000338187 ], [ -87.9459910006304, 37.773578000066692 ], [ -88.036966754813861, 37.809134855189704 ], [ -88.157946998918405, 37.66517399974726 ], [ -88.085228999201505, 37.47154000101132 ], [ -88.410112999678603, 37.425400000343785 ], [ -88.515757999634999, 37.284092000438818 ], [ -88.452025113690269, 37.094815238177517 ], [ -88.312458694735895, 37.102894477101628 ], [ -88.200787779450195, 36.998626410902986 ], [ -88.068218762391098, 37.03328945782706 ], [ -87.858369527243397, 36.497236422653252 ], [ -87.645775593949693, 36.396813832239545 ], [ -87.372117864445897, 36.538445393486271 ], [ -87.223130321637299, 36.319592028504893 ], [ -86.905317626412995, 36.135512586106039 ], [ -86.900948955693011, 36.206758637778734 ], [ -86.718350900714896, 36.165248019356852 ], [ -86.694629877728005, 36.246123822310814 ], [ -86.646721227930897, 36.199845227614233 ], [ -86.668524126800705, 36.300224018236968 ], [ -86.599075907581295, 36.246831750936202 ], [ -86.363909501290294, 36.358075917945484 ], [ -86.260402920206502, 36.299508780624713 ], [ -86.2162536093808, 36.375944375788521 ], [ -86.186321755791994, 36.319363185650886 ], [ -86.177228754262899, 36.373411174373082 ], [ -86.070638987139006, 36.339138377814606 ], [ -86.076395391479721, 36.263402992421831 ], [ -86.056020992676395, 36.312470381988369 ], [ -85.941383030275901, 36.2397217245666 ], [ -85.929471630120005, 36.306634977263187 ], [ -85.810099671038003, 36.250420917517083 ], [ -85.501739740037706, 36.569489507240576 ], [ -85.571119110577101, 36.710533613489105 ], [ -85.504273997946996, 36.683816283122376 ], [ -85.5022927932323, 36.768374466786106 ], [ -85.427417616921204, 36.727037804988029 ], [ -85.324003573091503, 36.858663974021503 ], [ -85.267235857438394, 36.819647379715008 ], [ -85.263803254600603, 36.877951434347217 ], [ -85.107823901153495, 36.863091829914914 ], [ -84.939279679774998, 36.95739313695654 ], [ -84.865551103211104, 36.907717810475297 ], [ -84.858780702137295, 36.967884198468838 ], [ -84.640155764791999, 37.009975179835784 ], [ -84.297115744325893, 36.945764936028496 ], [ -84.318403570771295, 36.754395011120572 ], [ -84.190358833066995, 36.787642815392616 ], [ -84.064042229390495, 36.719614372538423 ], [ -83.917230562506901, 36.866923328742423 ], [ -83.784845839086202, 36.826461706566008 ], [ -83.643356690260902, 36.731179071553207 ], [ -83.705016678847528, 36.564187640063835 ], [ -83.640091069861398, 36.578529360680683 ], [ -83.082055089303793, 36.436001990574375 ], [ -83.077941802432505, 36.352659347910731 ], [ -82.578862939386198, 36.502739467018131 ], [ -82.781785114461115, 36.156828477959053 ], [ -82.4474982179363, 35.452405725367903 ], [ -82.3923482109047, 35.334550271430324 ], [ -82.733796761640406, 36.062285247481405 ], [ -82.595316089566296, 36.087826452148391 ], [ -82.582976227155797, 35.974230523410093 ], [ -82.441753362336996, 35.9844348157132 ], [ -82.410218159696498, 35.780594220746693 ], [ -82.234717900390805, 35.769143461526653 ], [ -82.248428857826198, 35.379507501780509 ], [ -82.820775502578613, 35.014802725726689 ], [ -82.719922356637397, 34.922100210602018 ], [ -82.870670895643599, 34.617391747364714 ], [ -82.812345189572397, 34.351039103854745 ], [ -83.393259246393697, 34.183051536744003 ], [ -83.2931692547795, 33.86918925951386 ], [ -83.04705756396271, 33.697723943721279 ], [ -83.169770635165719, 33.6747632065562 ], [ -83.062139616422996, 33.525974374589651 ], [ -82.822723967734007, 33.42600887159913 ], [ -82.738508099217199, 33.173110824490301 ], [ -82.598115386417007, 33.032163751171787 ], [ -82.373301321767102, 32.965513760483134 ], [ -82.309018481008394, 32.828945721985072 ], [ -81.920384398228194, 32.765467724782489 ], [ -81.709600964592397, 32.565964976851667 ], [ -81.6215292852294, 32.25382366514328 ], [ -81.531585401829901, 32.185443300366501 ], [ -81.911682721984036, 31.750431301275686 ], [ -81.786419573257106, 31.638957600821698 ], [ -81.876972673420994, 31.662170663081792 ], [ -81.708053673109404, 31.6116885411016 ], [ -82.004210361979105, 30.961688881388095 ], [ -81.979652948055985, 30.782208539595931 ], [ -81.900605949869302, 30.829752915592163 ], [ -81.778879737294702, 30.762278022926221 ], [ -81.660104490428395, 30.753981460906495 ], [ -81.518168429749295, 30.673062673508117 ], [ -81.486390526573601, 30.686521019622077 ], [ -81.503862758849706, 30.636616452523512 ], [ -81.423784688635095, 30.699257206932881 ], [ -81.431070025589307, 30.517859088973623 ], [ -81.459582552707204, 30.539559919700416 ], [ -81.461763213059399, 30.589008005789196 ], [ -81.490718160454804, 30.614825234271812 ], [ -81.534097805524894, 30.532559619733089 ], [ -81.594790231908306, 30.561797369599699 ], [ -81.564936969228796, 30.512660461490196 ], [ -81.482188656832093, 30.477408101045082 ], [ -81.499222960407195, 30.545039492959727 ], [ -81.518419958028801, 30.559652754925828 ], [ -81.472727151102106, 30.526139171927966 ], [ -81.450684739818001, 30.450148774173613 ], [ -81.461886731410999, 30.396420828491433 ], [ -81.484712922780503, 30.446812941531565 ], [ -81.729883375910617, 30.418743285253118 ], [ -81.619455723822, 30.352355566465103 ], [ -81.711611643031603, 30.2943641037274 ], [ -81.656046351132403, 30.220424958843022 ], [ -81.757257288405896, 30.114509652339393 ], [ -81.686869794318696, 30.1395978820354 ], [ -81.711595922514107, 30.047638115697886 ], [ -81.548381018542401, 29.770201835554129 ], [ -81.644815164292694, 29.707261374688919 ], [ -81.599847746957806, 29.608665710209934 ], [ -81.683108099066501, 29.596262453608571 ], [ -81.688448583430599, 29.550563060845786 ], [ -81.592638766802807, 29.603922894394167 ], [ -81.625079177500595, 29.699043070568077 ], [ -81.5153072955694, 29.768537036154719 ], [ -81.5544693503806, 29.991585236755025 ], [ -81.657625140244207, 30.035052019808116 ], [ -81.598810192804706, 30.134503443872685 ], [ -81.663026260890007, 30.142299400750005 ], [ -81.61693819523822, 30.220040724177686 ], [ -81.657564503962504, 30.315651336136344 ], [ -81.586146193086805, 30.296716222006332 ], [ -81.614160155222095, 30.388842622742796 ], [ -81.534066364490002, 30.35688061563701 ], [ -81.472116296708904, 30.391167288241 ], [ -81.418284753308001, 30.283750753187388 ], [ -81.390863679260306, 30.397507532189806 ], [ -81.315110997138703, 29.829317401005714 ], [ -81.260369909512704, 29.766102168473491 ], [ -81.280404586136697, 29.908626259359906 ], [ -80.915713284454498, 29.079943568813892 ], [ -81.083262559672093, 29.375033162481284 ], [ -80.975884687973107, 29.088989207849963 ], [ -80.895456274797596, 28.979287014205397 ], [ -80.906108048279094, 29.071866784704685 ], [ -80.584688593832894, 28.602826754807857 ], [ -80.524575580807806, 28.463443019154877 ], [ -80.610079475338594, 28.410091324373202 ], [ -80.603380289107207, 28.293523157904723 ], [ -80.454760762714301, 27.856956756823404 ], [ -80.652217199528394, 28.221923999752185 ], [ -80.719705381036107, 28.385460218911067 ], [ -80.7269929637785, 28.544297981360121 ], [ -80.638758190784102, 28.599480708350921 ], [ -80.674960296734099, 28.339470007802067 ], [ -80.613138238881007, 28.165938560930815 ], [ -80.630069236198395, 28.337143486773012 ], [ -80.592699320378998, 28.597108637990321 ], [ -80.7886600622451, 28.626135704949991 ], [ -80.733651725822, 28.706725859726184 ], [ -80.855676628228593, 28.804083045356023 ], [ -80.783252204234699, 28.509687272889231 ], [ -80.5084710335518, 27.826039488611123 ], [ -80.186121822786504, 27.173611449143905 ], [ -80.210816509947009, 27.215112376419281 ], [ -80.325234927685301, 27.248240498221591 ], [ -80.253192287687099, 27.156182290230067 ], [ -80.224001532529698, 27.205435667737 ], [ -80.163636991225005, 27.140027469095404 ], [ -80.152895386215206, 27.163633423755979 ], [ -80.070016818102303, 26.945895648413401 ], [ -80.145800941258798, 26.980574506893287 ], [ -80.070757928211705, 26.940844555268399 ], [ -80.027650023514994, 26.805263559541768 ], [ -80.054979020246193, 26.852034126716585 ], [ -80.038980025035997, 26.546881531315812 ], [ -80.123131955064096, 26.102679039532504 ], [ -80.105502517613203, 26.091368650973223 ], [ -80.115556911430801, 25.81986901202799 ], [ -80.132371127761303, 25.769063748150188 ], [ -80.124436758014298, 25.948525485762108 ], [ -80.303958330180905, 25.61545843215454 ], [ -80.393161037894018, 25.187179670362887 ], [ -80.562394654269298, 25.245469328691943 ], [ -80.532251684910605, 25.199892849442769 ], [ -80.652621441406197, 25.194627689621782 ], [ -80.654900916439701, 25.14735095476453 ], [ -80.813410894110802, 25.187240638262693 ], [ -81.0853825837426, 25.117388022896403 ], [ -81.169505318524003, 25.22790145930454 ], [ -81.142396409037502, 25.325977191954888 ], [ -81.116868534451001, 25.328045685774221 ], [ -81.063607421255497, 25.248116071319348 ], [ -81.000383991559204, 25.215185110086541 ], [ -80.923578034767004, 25.215684930981912 ], [ -80.902314911991908, 25.253561720328417 ], [ -80.9760531220888, 25.343463884039213 ], [ -81.020402947665801, 25.331311763520166 ], [ -81.069197188111005, 25.356810121375954 ], [ -81.068314593344297, 25.358169828689604 ], [ -81.086168609616195, 25.365676355413623 ], [ -81.094628493804393, 25.381688314922862 ], [ -81.144015622337108, 25.384007448244823 ], [ -81.212184277672506, 25.518973899436311 ], [ -81.106531171319006, 25.612933151944905 ], [ -81.226496685936709, 25.556911685202575 ], [ -81.287829161960019, 25.67812578181454 ], [ -81.191682477100699, 25.722341968447193 ], [ -81.264192241046601, 25.777108792463412 ], [ -81.301905762462098, 25.692857565673815 ], [ -81.348649598271294, 25.821466054360705 ], [ -81.543238163540806, 25.917511731620902 ], [ -81.539651639769005, 25.884089501382967 ], [ -81.422495606202304, 25.85390762864645 ], [ -81.405153629642399, 25.82892537186531 ], [ -81.547152572391397, 25.849538135644018 ], [ -81.595591978299296, 25.93263387523908 ], [ -81.729357861469396, 25.910201427786124 ], [ -81.740923670752395, 25.968321868783381 ], [ -81.692690877359794, 25.947812640797149 ], [ -81.656848097523493, 25.972466895293298 ], [ -81.800897444908401, 26.082542238722599 ], [ -81.850167792454201, 26.453076592514183 ], [ -82.013155871816593, 26.489129996314322 ], [ -81.927591341004216, 26.535057883739768 ], [ -81.879922240452402, 26.642667338229497 ], [ -81.770379428918702, 26.705971051140189 ], [ -81.895624791618815, 26.663770472739024 ], [ -81.947711357580303, 26.540076804331211 ], [ -82.069033328277101, 26.569195469805127 ], [ -82.050188919404405, 26.8667078220444 ], [ -82.098383534397499, 26.915595707875728 ], [ -81.990037727979797, 26.962955177996978 ], [ -81.979922697880596, 27.047660006432487 ], [ -82.141877714666293, 26.925607822359773 ], [ -82.274080529242013, 27.025231936761209 ], [ -82.188843883508298, 26.94027596778928 ], [ -82.147745959259794, 26.794617342678723 ], [ -82.265604924536319, 26.889884534869989 ], [ -82.284341535574796, 26.816339695853571 ], [ -82.332284622288299, 26.93619566788518 ], [ -82.396707302888899, 26.99811103602347 ], [ -82.345736893668004, 26.897643765399035 ], [ -82.569581341953096, 27.279173137660308 ], [ -82.536624399966996, 27.326662277645308 ], [ -82.571047841654405, 27.405945755399294 ], [ -82.688554218181906, 27.47612694756322 ], [ -82.677554347527803, 27.526208253021704 ], [ -82.492701274149894, 27.472594240956564 ], [ -82.425790260212295, 27.522760801822898 ], [ -82.577441600689099, 27.513393784095406 ], [ -82.638940265039906, 27.540000959364487 ], [ -82.568078909640406, 27.552885996676501 ], [ -82.608981450314602, 27.587977161726307 ], [ -82.506144562376804, 27.698947859249316 ], [ -82.439622069799498, 27.690622003156932 ], [ -82.400446540259097, 27.947822564312869 ], [ -82.460719004247096, 27.942729843228875 ], [ -82.485871832202406, 27.916399404506787 ], [ -82.472673334890501, 27.820937064185589 ], [ -82.504273820797607, 27.834736295289826 ], [ -82.529527709222407, 27.83002552876011 ], [ -82.527169631601595, 27.936767860383565 ], [ -82.619783691606102, 27.966080584039013 ], [ -82.560869929485307, 27.981404303526457 ], [ -82.700396259414802, 28.043928117748184 ], [ -82.630480380851793, 27.972659776076448 ], [ -82.725160566009706, 27.937946394897178 ], [ -82.556261572077801, 27.889306291059675 ], [ -82.630853181694704, 27.853474064890598 ], [ -82.641992291217804, 27.703077741357678 ], [ -82.749163550401406, 27.844345863172222 ], [ -82.830339811050905, 27.843430419220329 ], [ -82.735369919213809, 27.735083499404983 ], [ -82.732569421315503, 27.682098627724489 ], [ -82.851663570107704, 27.862533993340818 ], [ -82.665445057497905, 28.433399465739051 ], [ -82.6332876161146, 28.758220375433091 ], [ -82.689600755487902, 28.810346753140067 ], [ -82.633379693431294, 28.784854672878708 ], [ -82.630067155821095, 28.892240095597455 ], [ -82.755465232119505, 28.99518729757688 ], [ -82.798227285431807, 29.172309449302986 ], [ -83.038279587230704, 29.174246827277322 ], [ -83.154481160807904, 29.293998985203491 ], [ -83.1072949047214, 29.330569250861746 ], [ -83.39851524510361, 29.517953206384597 ], [ -83.394861347685506, 29.659524183997195 ], [ -83.545657042854202, 29.728969443472199 ], [ -83.673592859830293, 29.926347420417208 ], [ -83.999041258325704, 30.109015652637023 ], [ -84.177347859070593, 30.072710279131481 ], [ -84.202799376857897, 30.123470743674538 ], [ -84.385027123818006, 30.036010516777097 ], [ -84.344140303661305, 29.968399186775319 ], [ -84.449701332698197, 30.001887761876397 ], [ -84.344888151135393, 29.896970697046594 ], [ -84.527140601765709, 29.913181428345901 ], [ -84.887331343874493, 29.722151314128158 ], [ -84.852029798996796, 29.813586024192009 ], [ -84.992838473994311, 29.714827549954315 ], [ -85.355517549440094, 29.664641012669005 ], [ -85.399943731816293, 29.745626665113399 ], [ -85.415345347362504, 29.847570799073715 ], [ -85.360543623454802, 29.683363420312094 ], [ -85.316788931753507, 29.837355540982301 ], [ -85.683146608287799, 30.130849969664308 ], [ -85.468857988837499, 30.016288498616476 ], [ -85.392999754670001, 30.051156648579695 ], [ -85.475489801422498, 30.033595786590269 ], [ -85.497446872754608, 30.139036593885887 ], [ -85.7270225725524, 30.183719894648281 ], [ -85.518763894446707, 30.32132960620779 ], [ -85.553964378854999, 30.363843162562031 ], [ -85.712831436851502, 30.237940972284974 ], [ -85.760134473925007, 30.323677200404493 ], [ -85.865205921132102, 30.312791720820439 ], [ -85.841151283611595, 30.23128963996389 ], [ -85.754679454362204, 30.241858217926826 ], [ -85.734218077978198, 30.124103991859393 ], [ -86.046137848294805, 30.289438627970391 ], [ -86.513910828829694, 30.395496830274514 ], [ -86.243632463508504, 30.430621980339197 ], [ -86.114542311392299, 30.377821018391924 ], [ -86.195734292559195, 30.502490701290263 ], [ -86.418626526643195, 30.452075102599981 ], [ -86.491769602864395, 30.521349191256036 ], [ -86.593714912882703, 30.405995414857617 ], [ -86.937327246422996, 30.397809715026863 ], [ -87.185953967608796, 30.346035650778049 ], [ -86.875208744526205, 30.439718835502404 ], [ -87.020205814535899, 30.504464368064273 ], [ -86.985101899020705, 30.574956027712393 ], [ -87.028811674957794, 30.608070042890542 ], [ -87.064966619355403, 30.452899830567215 ], [ -87.185731634576001, 30.585810335083728 ], [ -87.175683978123104, 30.422759817091404 ], [ -87.205705674918406, 30.458496567643397 ], [ -87.321916231648501, 30.368555632220893 ], [ -87.263238277289801, 30.345140247929976 ], [ -87.530336606505315, 30.275081588346104 ], [ -87.342966004543598, 30.430161112391218 ], [ -87.446398026357102, 30.515922453766727 ], [ -87.406786813903921, 30.674907319508709 ], [ -87.635859457142601, 30.867036004701074 ], [ -87.59927622992096, 30.997477226753841 ], [ -90.604088539447801, 30.999526784528907 ], [ -90.726431228840426, 31.610576130973328 ], [ -90.604088611313003, 30.99952689079042 ], [ -91.636941999166893, 30.999416000001403 ], [ -91.5599070007233, 31.054119000818595 ], [ -91.654026999164998, 31.255752999261421 ], [ -91.515614000774505, 31.278210000535054 ], [ -91.57626499955191, 31.4104979990238 ], [ -91.474809000072199, 31.368645998972024 ], [ -91.522536000637402, 31.522077999550547 ], [ -91.405415000468494, 31.576466000016822 ], [ -91.515462000438603, 31.6303719997033 ], [ -91.401015000104593, 31.620365000158294 ], [ -91.369375000003004, 31.746902999570597 ], [ -91.261710999614706, 31.756463000223619 ], [ -91.365614000046804, 31.760763000420653 ], [ -91.345214000156304, 31.843860999420489 ], [ -91.254311000799305, 31.813661999376293 ], [ -91.075908000044606, 32.016826999937308 ], [ -91.158510000237698, 32.072853999514649 ], [ -91.080908000458209, 32.047854999446628 ], [ -91.004105999846516, 32.146151999998288 ], [ -91.162821999839807, 32.132693999491664 ], [ -91.164879999731497, 32.195743000238309 ], [ -91.039007000311997, 32.242347999803613 ], [ -90.994943999618698, 32.193140999784312 ], [ -90.875637999336504, 32.371729001079601 ], [ -91.000106000413894, 32.357694999584481 ], [ -90.9695869998706, 32.439491999972489 ], [ -91.114998803855585, 32.491106449507342 ], [ -93.788009858834712, 32.916280575406596 ], [ -93.757303196635306, 33.019319803227447 ], [ -94.042968000466004, 33.019010999032808 ], [ -93.998047211743895, 33.564669937459172 ], [ -94.386135124459997, 33.54480964369187 ], [ -94.452084523933706, 33.63986795922736 ], [ -94.860685893813596, 33.741945342054898 ], [ -95.215080256551602, 33.962388775646616 ], [ -95.288926264482598, 33.873069920980683 ], [ -95.544139882489205, 33.880602654683237 ], [ -95.594083966498005, 33.943056755108493 ], [ -95.8304060140796, 33.834785346225878 ], [ -96.002925218606507, 33.873590148468224 ], [ -96.149227091566402, 33.8370910191056 ], [ -96.18662620263251, 33.755021374097055 ], [ -96.293707630287798, 33.76940877355679 ], [ -96.346858699860903, 33.686215656256515 ], [ -96.667186701236901, 33.91693968117049 ], [ -96.761586162868596, 33.824407182930173 ], [ -96.981336539246414, 33.956377737582812 ], [ -97.125491438677201, 33.717122942195907 ], [ -97.210921222197001, 33.916063755813241 ], [ -97.426799859700196, 33.818641095962789 ], [ -97.461420930750094, 33.90523042410021 ], [ -97.581078772383094, 33.899678565204248 ], [ -97.671276364273311, 33.99155313555746 ], [ -97.8753107147554, 33.849720749583057 ], [ -97.967751849067696, 33.88221446145932 ], [ -97.945729649877507, 33.989839121563605 ], [ -97.974172557560919, 34.006716137756108 ], [ -98.012764195155569, 33.997082790797563 ], [ -97.999949714638703, 33.248550150026745 ], [ -97.869907348321405, 33.259082195914559 ], [ -97.536077668225104, 33.083613325018185 ], [ -97.432715265846099, 32.836963229753323 ], [ -97.309315941054805, 31.904966820937108 ], [ -97.409680216173101, 31.675970710506384 ], [ -98.512041079715701, 30.541997043056782 ], [ -98.827942632529201, 30.004941164947503 ], [ -98.839459034471616, 29.786056980575385 ], [ -98.620631677048294, 29.042052771527125 ], [ -98.381239636983295, 29.056950058367299 ], [ -98.273360954513407, 28.965651763361521 ], [ -98.30834359746521, 28.63302704991883 ], [ -98.071520739112799, 28.300119846769917 ], [ -98.349567285853396, 27.986179876735427 ], [ -98.706052477415213, 27.728891429392686 ], [ -98.898004487325906, 27.422675938428323 ], [ -98.969986491042405, 27.094054193600524 ], [ -99.285935205408293, 26.85870604554259 ], [ -99.445251421046819, 27.021810922356192 ], [ -99.543403594777999, 27.605812078074806 ], [ -99.846367161711896, 27.765998826845323 ], [ -99.938080660644104, 27.981923915184307 ], [ -100.292052815199, 28.276784400561016 ], [ -100.336310563458994, 28.499089282395182 ], [ -100.501899265568994, 28.662428452490389 ], [ -100.679772429189001, 29.105765400740697 ], [ -101.063880815738003, 29.45942882743223 ], [ -101.259131888528998, 29.522881800554106 ], [ -101.249129147841003, 29.624733781550326 ], [ -101.297615715301006, 29.571009928651819 ], [ -101.399543059013013, 29.769047785516864 ], [ -102.069701981484002, 29.786325954492121 ], [ -102.320998944851993, 29.877922103084693 ], [ -102.387642709993003, 29.761043146896686 ], [ -102.671517077139001, 29.743916609527105 ], [ -102.883865335576004, 29.350633754682661 ], [ -102.867935959799993, 29.222148034622116 ], [ -102.995445077016015, 29.179690114583611 ], [ -103.115601483632005, 28.985341746850786 ], [ -103.285706465833002, 28.978909809529895 ], [ -103.783211436483995, 29.266057722908876 ], [ -104.048095418523999, 29.326228502534793 ], [ -104.513350870474994, 29.635450912540367 ], [ -104.686081179094003, 29.921625459699985 ], [ -104.708251600305999, 30.236410119155295 ], [ -104.856911550885997, 30.387505915034762 ], [ -104.921951823244996, 30.605321443895921 ], [ -105.399291861555994, 30.85217425015729 ], [ -105.954787575373004, 31.364113157583482 ], [ -106.204757277908996, 31.465282470796783 ], [ -106.425491309522002, 31.751873068284404 ], [ -108.208393374432006, 31.783598745661394 ], [ -108.208573037489003, 31.333395429982534 ], [ -111.074825000431005, 31.332239000099101 ], [ -114.433132915208006, 32.379728795008297 ], [ -114.391783295593996, 32.449695955626794 ], [ -114.433179083224005, 32.379673070391924 ], [ -114.813400268197014, 32.49469757055904 ] ], [ [ -117.896972656589014, 33.622791290107074 ], [ -117.896607017115997, 33.624537189395994 ], [ -117.898611106412019, 33.62159771627401 ], [ -117.896972656589014, 33.622791290107074 ] ], [ [ -117.878746032612014, 33.650730133291226 ], [ -117.89146423308101, 33.649089812923201 ], [ -117.896607017115997, 33.624537189395994 ], [ -117.878746032612014, 33.650730133291226 ] ], [ [ -121.555137634689999, 38.059856414876393 ], [ -121.553917067663008, 38.060369811764183 ], [ -121.555482337129021, 38.061070770695686 ], [ -121.555137634689999, 38.059856414876393 ] ], [ [ -121.536064148234004, 38.067878722831203 ], [ -121.521636963123996, 38.011001586765104 ], [ -121.410789489674983, 38.039524078049247 ], [ -121.536064148234004, 38.067878722831203 ] ], [ [ -122.054245375878011, 38.148837007267154 ], [ -122.061859130612007, 38.138267516788162 ], [ -122.058915537377004, 38.13812683216036 ], [ -122.054245375878011, 38.148837007267154 ] ], [ [ -122.054245375878011, 38.148837007267154 ], [ -122.006385802842004, 38.17659378026201 ], [ -122.002647400005998, 38.187095642074354 ], [ -122.046455383362982, 38.166698455631327 ], [ -122.054245375878011, 38.148837007267154 ] ], [ [ -122.787384033075, 45.635448455206053 ], [ -122.787001184575018, 45.632921248604184 ], [ -122.779197967961011, 45.641143511566419 ], [ -122.787384033075, 45.635448455206053 ] ], [ [ -122.797348023137005, 45.622016905958816 ], [ -122.782341003358994, 45.60214996314771 ], [ -122.787001184575018, 45.632921248604184 ], [ -122.797348023137005, 45.622016905958816 ] ], [ [ -121.88825260270545, 45.683128297714063 ], [ -121.899108886508998, 45.678436278788766 ], [ -121.90904998749798, 45.655208588302358 ], [ -121.88825260270545, 45.683128297714063 ] ], [ [ -123.910057763519021, 46.606360484774221 ], [ -123.911132813351998, 46.613067626619817 ], [ -123.925542139054983, 46.620409419004964 ], [ -123.910057763519021, 46.606360484774221 ] ], [ [ -123.910057763519021, 46.606360484774221 ], [ -123.895683288855011, 46.595558166101227 ], [ -123.890769957900005, 46.603019714836172 ], [ -123.910057763519021, 46.606360484774221 ] ], [ [ -124.186602711583021, 47.205626225602131 ], [ -124.182949328427981, 47.206813562629925 ], [ -124.20673639692501, 47.212156187909919 ], [ -124.186602711583021, 47.205626225602131 ] ], [ [ -122.815292022171874, 48.18648594457013 ], [ -122.824961087822004, 48.190733023199542 ], [ -123.221534721832001, 48.3036261440364 ], [ -122.815292022171874, 48.18648594457013 ] ], [ [ -99.189317479946595, 47.845561438439809 ], [ -98.979694000412906, 47.871903951975312 ], [ -98.853351392305598, 47.748902958281683 ], [ -98.492874305013501, 47.777496944268869 ], [ -98.658254538688695, 47.996005265914562 ], [ -98.922601804295994, 48.045250833299519 ], [ -98.905051777916299, 48.09207724738674 ], [ -98.993898785116201, 48.045250833299519 ], [ -98.997189414613302, 48.113039549706386 ], [ -99.078358283924615, 48.032935083543727 ], [ -99.094811434104699, 48.093310091003403 ], [ -99.267648366459397, 48.097245465004903 ], [ -99.189317479946595, 47.845561438439809 ] ], [ [ -87.258576980534983, 46.471315626793256 ], [ -87.258583354811194, 46.471564298345278 ], [ -87.313097068957404, 46.478143567594202 ], [ -87.258576980534983, 46.471315626793256 ] ], [ [ -83.290146463374299, 36.477154969036967 ], [ -83.290664798479696, 36.46804623878139 ], [ -83.276202791076301, 36.485559808270096 ], [ -83.290146463374299, 36.477154969036967 ] ], [ [ -84.529968057308892, 35.878683758605646 ], [ -83.351102837246003, 35.639193512978281 ], [ -82.4474982179363, 35.452405725367903 ], [ -84.529968057308892, 35.878683758605646 ] ], [ [ -81.876972673420994, 31.662170663081792 ], [ -82.136384937582918, 30.787859408789142 ], [ -82.136350001624265, 30.787314515856373 ], [ -81.876972673420994, 31.662170663081792 ] ], [ [ -81.689706224828299, 29.547355103710863 ], [ -81.6871011105044, 29.543715258037871 ], [ -81.688448583430599, 29.550563060845786 ], [ -81.689706224828299, 29.547355103710863 ] ], [ [ -81.680291880650799, 29.509105758150501 ], [ -81.6755016143982, 29.324213721657802 ], [ -81.543588506501706, 29.186438919254119 ], [ -81.526087078978819, 29.301182869933715 ], [ -81.680291880650799, 29.509105758150501 ] ], [ [ -87.234956728055437, 46.42320715001906 ], [ -87.233197967401807, 46.425695702878009 ], [ -87.257636360720198, 46.434601905384582 ], [ -87.234956728055437, 46.42320715001906 ] ], [ [ -87.248311057485466, 46.339674146019448 ], [ -87.247253775498393, 46.340236983103111 ], [ -87.27117696434, 46.371914780619889 ], [ -87.248311057485466, 46.339674146019448 ] ], [ [ -87.269248014625404, 45.977913575564337 ], [ -87.272969608185093, 46.018433233746904 ], [ -87.274271302684255, 46.018646166412168 ], [ -87.269248014625404, 45.977913575564337 ] ], [ [ -87.210949640695105, 45.903853048406347 ], [ -87.206123011227106, 45.900961053977078 ], [ -87.211060184661136, 45.905182089121205 ], [ -87.210949640695105, 45.903853048406347 ] ], [ [ -87.197202379644096, 45.895614983523934 ], [ -87.143552717752215, 45.904399796871481 ], [ -87.199520422552197, 45.897004301478916 ], [ -87.197202379644096, 45.895614983523934 ] ], [ [ -87.087260688241599, 45.846301996647945 ], [ -87.087042221592597, 45.84674225177978 ], [ -87.095031415521305, 45.880195180748018 ], [ -87.087260688241599, 45.846301996647945 ] ], [ [ -86.275525000697598, 41.760513000239108 ], [ -86.277849873585708, 41.608742759476058 ], [ -86.272213181932543, 41.761265791723517 ], [ -86.359268504497408, 41.760621911156647 ], [ -86.275525000697598, 41.760513000239108 ] ], [ [ -86.277849850360468, 41.608742680863386 ], [ -85.755281285528582, 41.609746523410571 ], [ -86.277849854127595, 41.608742759351813 ], [ -86.277849850360468, 41.608742680863386 ] ], [ [ -86.271442058916605, 41.474990878718678 ], [ -86.323721740114181, 41.418863227915899 ], [ -86.277161283551237, 41.594393543561416 ], [ -86.271442058916605, 41.474990878718678 ] ], [ [ -86.228293730032107, 41.180909459716972 ], [ -86.250505092638448, 41.146398697393856 ], [ -86.228293449308595, 41.18090924843483 ], [ -86.275224602630274, 41.293151033739441 ], [ -86.228293730032107, 41.180909459716972 ] ], [ [ -86.183047273512202, 41.069225312889905 ], [ -86.316226444512296, 40.864273233880368 ], [ -86.767568939072575, 40.856570866844919 ], [ -86.088025983393592, 40.865903477198593 ], [ -86.316226444512296, 40.864273021579969 ], [ -86.201877084761406, 41.019055697072119 ], [ -86.183047273512202, 41.069225312889905 ] ], [ [ -86.769502091586361, 40.855563575255651 ], [ -86.766715693381286, 40.841744312406107 ], [ -86.763040045127497, 40.843360677295983 ], [ -86.769502091586361, 40.855563575255651 ] ], [ [ -86.758016216901098, 40.778448121301594 ], [ -86.758016251037105, 40.778448089670405 ], [ -86.75923511467245, 40.742284650911039 ], [ -86.758016216901098, 40.778448121301594 ] ], [ [ -86.748610459719302, 40.718147099251581 ], [ -86.755589907123337, 40.695342277885281 ], [ -86.754894753119999, 40.723086011689695 ], [ -86.748610459719302, 40.718147099251581 ] ], [ [ -86.746152279233101, 40.677732160633397 ], [ -86.746152529863096, 40.677732174940111 ], [ -86.75264409643809, 40.64647248896334 ], [ -86.746152279233101, 40.677732160633397 ] ], [ [ -86.766212460824704, 40.638290980975221 ], [ -86.763657550343126, 40.628340706762991 ], [ -86.766212208532437, 40.638291025909517 ], [ -86.766212460824704, 40.638290980975221 ] ], [ [ -86.742811124782065, 40.620702626776186 ], [ -86.7435915192263, 40.602325422439215 ], [ -86.7428111078233, 40.620702629431165 ], [ -86.742811124782065, 40.620702626776186 ] ], [ [ -86.770554048237301, 40.59685619706012 ], [ -86.763394803060166, 40.561601967884137 ], [ -86.770553878491768, 40.596856231512206 ], [ -86.770554048237301, 40.59685619706012 ] ], [ [ -86.780775930244602, 40.557343530579317 ], [ -86.780775929894347, 40.557343530250584 ], [ -86.780492671414464, 40.557344819616141 ], [ -86.780775930244602, 40.557343530579317 ] ], [ [ -86.788872330017696, 40.533075202126135 ], [ -86.788872213654798, 40.53307462733266 ], [ -86.775110549150085, 40.538063432445568 ], [ -86.788872330017696, 40.533075202126135 ] ], [ [ -86.785604409748998, 40.516929165499619 ], [ -86.780926669622446, 40.520417303019038 ], [ -86.785901898706456, 40.518399288597188 ], [ -86.785604409748998, 40.516929165499619 ] ], [ [ -86.911130540035145, 40.403844660106962 ], [ -86.911130126949899, 40.403844799195056 ], [ -86.899706538598409, 40.430347412074688 ], [ -86.911130540035145, 40.403844660106962 ] ], [ [ -87.024127870744493, 40.415163769224193 ], [ -87.058450392726215, 40.408783280532866 ], [ -86.939757108867511, 40.394201420603643 ], [ -87.024127870744493, 40.415163769224193 ] ], [ [ -87.110353739528634, 40.353361164898431 ], [ -87.107670282174212, 40.354237994708086 ], [ -87.081287748745254, 40.384410666220063 ], [ -87.110353739528634, 40.353361164898431 ] ], [ [ -87.276422184742785, 40.280951230521708 ], [ -87.27611957163937, 40.280486853081243 ], [ -87.244705266152067, 40.309348664416966 ], [ -87.276422184742785, 40.280951230521708 ] ], [ [ -87.340546213540904, 40.22336639174442 ], [ -87.336465570568905, 40.2249580664392 ], [ -87.278290245927735, 40.278491419901322 ], [ -87.340546213540904, 40.22336639174442 ] ], [ [ -87.416156303646574, 40.193297077792053 ], [ -87.422760146032431, 40.185843269323883 ], [ -87.423541675221486, 40.184735972616409 ], [ -87.416156303646574, 40.193297077792053 ] ], [ [ -87.436174198958184, 40.166832457915639 ], [ -87.435358337838764, 40.161574312792489 ], [ -87.404746542175701, 40.136879622659535 ], [ -87.436174198958184, 40.166832457915639 ] ], [ [ -87.427596322494793, 39.980626534833917 ], [ -87.427596660700502, 39.980625904209703 ], [ -87.427596339533892, 39.980626826992633 ], [ -87.427596322494793, 39.980626534833917 ] ], [ [ -87.431865485360007, 39.935279814738323 ], [ -87.420242453965898, 39.949152443446771 ], [ -87.424660529289838, 39.95156215832391 ], [ -87.431865485360007, 39.935279814738323 ] ], [ [ -87.433450925272396, 39.931695879069437 ], [ -87.406643084434194, 39.92838269631109 ], [ -87.433083259957712, 39.932527030921662 ], [ -87.433450925272396, 39.931695879069437 ] ], [ [ -87.374694686081739, 39.898055121165953 ], [ -87.376905478871805, 39.901405518353556 ], [ -87.409838599103097, 39.913544968026798 ], [ -87.374694686081739, 39.898055121165953 ] ], [ [ -87.378414612616496, 39.874827352001425 ], [ -87.367661814598193, 39.887394689904788 ], [ -87.373882340159014, 39.896823945715248 ], [ -87.378414612616496, 39.874827352001425 ] ], [ [ -87.353813327455683, 39.862243944602717 ], [ -87.353813161599405, 39.862244175324442 ], [ -87.365993552735901, 39.868475199656046 ], [ -87.353813327455683, 39.862243944602717 ] ], [ [ -87.384010307454503, 39.834956697317537 ], [ -87.378653913028401, 39.738435416060966 ], [ -87.381889625817095, 39.836636107228479 ], [ -87.293793348785002, 39.78488815614498 ], [ -87.353814415319277, 39.862242431281757 ], [ -87.384010307454503, 39.834956697317537 ] ], [ [ -87.516335884864773, 38.935460336561931 ], [ -87.516208761855935, 38.935422476740136 ], [ -87.512187000487501, 38.954416999946417 ], [ -87.516335884864773, 38.935460336561931 ] ], [ [ -87.754293045772172, 38.399188695889514 ], [ -87.822721000002403, 38.346912000166604 ], [ -87.754255555691259, 38.399177160379274 ], [ -87.754293045772172, 38.399188695889514 ] ], [ [ -87.845324655261138, 38.278363606070599 ], [ -87.843449999780901, 38.278171999005203 ], [ -87.833635226465617, 38.310735545947381 ], [ -87.845324655261138, 38.278363606070599 ] ], [ [ -88.007636436641235, 38.08583918880786 ], [ -87.96055908625911, 38.099780039580502 ], [ -87.960677000255004, 38.100191000456626 ], [ -88.007636436641235, 38.08583918880786 ] ], [ [ -87.965372889749347, 38.075792823698748 ], [ -87.956664000403705, 38.0862020007187 ], [ -87.960384215265123, 38.099170560094272 ], [ -87.965372889749347, 38.075792823698748 ] ], [ [ -88.042131999153995, 38.046345000447111 ], [ -87.978734999673406, 38.059814999389623 ], [ -87.97426974154456, 38.065155295700492 ], [ -88.042131999153995, 38.046345000447111 ] ], [ [ -88.090039000542504, 37.816771000474795 ], [ -88.068921999528101, 37.800982999257251 ], [ -88.089483120718555, 37.817725033801061 ], [ -88.090039000542504, 37.816771000474795 ] ], [ [ -88.516686000646018, 37.065383999671894 ], [ -88.526600199882125, 37.067357624558817 ], [ -88.473528735119672, 37.07181643120645 ], [ -88.516686000646018, 37.065383999671894 ] ], [ [ -88.507343836999794, 37.023733747511486 ], [ -88.504678854469134, 37.023765043985499 ], [ -88.582572706089394, 37.073347086098799 ], [ -88.507343836999794, 37.023733747511486 ] ], [ [ -88.361332211468039, 37.062725406699251 ], [ -88.365960742378704, 37.063883932811521 ], [ -88.368202073207996, 37.063336017288947 ], [ -88.361332211468039, 37.062725406699251 ] ], [ [ -88.292965784620478, 37.030328139044073 ], [ -88.310669358487701, 37.050030465120194 ], [ -88.328448117255363, 37.054488329351656 ], [ -88.292965784620478, 37.030328139044073 ] ], [ [ -88.273306372272501, 36.998484140563441 ], [ -88.203270531788107, 36.930303683987411 ], [ -88.274369057012095, 37.00961765014894 ], [ -88.273306372272501, 36.998484140563441 ] ], [ [ -88.095421484233839, 36.715915254303646 ], [ -88.159061748897201, 36.847772565604373 ], [ -88.203270531788107, 36.930303683987411 ], [ -88.095421484233839, 36.715915254303646 ] ], [ [ -88.048967672832475, 36.548384758800339 ], [ -88.0561381968907, 36.600920609791089 ], [ -88.084646512734778, 36.693540233323013 ], [ -88.048967672832475, 36.548384758800339 ] ], [ [ -88.051852718032947, 36.503400874771067 ], [ -88.044576073395305, 36.51617182555777 ], [ -88.046446516898541, 36.529895228434384 ], [ -88.051852718032947, 36.503400874771067 ] ], [ [ -88.066667671034395, 36.430697645161381 ], [ -88.065441764296594, 36.429305748814606 ], [ -88.065121370079225, 36.438292793693392 ], [ -88.066667671034395, 36.430697645161381 ] ], [ [ -87.921754379682596, 36.165058186881524 ], [ -87.921413664887098, 36.169004622633217 ], [ -87.955446644853197, 36.304151397290312 ], [ -87.921754379682596, 36.165058186881524 ] ], [ [ -87.938051056564547, 36.116110689372697 ], [ -87.924747131446793, 36.13037549685572 ], [ -87.923215961609912, 36.148124150955937 ], [ -87.938051056564547, 36.116110689372697 ] ], [ [ -88.001307049564218, 36.051090248875106 ], [ -88.001214776620699, 36.048289267574205 ], [ -87.982960012214022, 36.067906397974781 ], [ -88.001307049564218, 36.051090248875106 ] ], [ [ -88.022384741200014, 35.965811257033003 ], [ -88.019876407881597, 35.963008118517038 ], [ -88.02158096356051, 35.967021275013849 ], [ -88.022384741200014, 35.965811257033003 ] ], [ [ -88.000027748886595, 35.940817261275662 ], [ -87.951845720716378, 35.936056144712559 ], [ -88.003827385445717, 35.94506655511924 ], [ -88.000027748886595, 35.940817261275662 ] ], [ [ -87.926119431009738, 35.930426833437878 ], [ -87.925725582742501, 35.931519123271798 ], [ -87.925896713968257, 35.931548868934478 ], [ -87.926119431009738, 35.930426833437878 ] ], [ [ -87.557920068521696, 34.277968659464975 ], [ -87.610720697702902, 34.239168306483016 ], [ -87.61379562094919, 34.233179752957355 ], [ -87.557920068521696, 34.277968659464975 ] ], [ [ -87.625515368324002, 34.210345399147592 ], [ -87.617194259602471, 34.203581712198577 ], [ -87.622634831435334, 34.215959150220371 ], [ -87.625515368324002, 34.210345399147592 ] ], [ [ -87.598802766794805, 34.161705291024077 ], [ -87.61804671539754, 34.145341677458561 ], [ -87.59880325486921, 34.161709242054911 ], [ -87.598802766794805, 34.161705291024077 ] ], [ [ -87.602501435348401, 34.059650452021046 ], [ -87.602500062169312, 34.059643891338553 ], [ -87.629608297087998, 34.093829977649619 ], [ -87.602501435348401, 34.059650452021046 ] ], [ [ -87.583780968982893, 33.970099700351518 ], [ -87.582364781973297, 33.97339083670493 ], [ -87.585376723845101, 33.977741653620811 ], [ -87.583780968982893, 33.970099700351518 ] ], [ [ -87.629214037775995, 33.925629738562996 ], [ -87.592639263035394, 33.94950652828399 ], [ -87.588992499900087, 33.957985744786761 ], [ -87.629214037775995, 33.925629738562996 ] ], [ [ -87.603734324566801, 33.903996801539876 ], [ -87.603736401035761, 33.903992008080117 ], [ -87.617714164992606, 33.915868302594816 ], [ -87.603734324566801, 33.903996801539876 ] ], [ [ -87.617296106867798, 33.872675888502471 ], [ -87.584830708067614, 33.876776707826288 ], [ -87.614976445304649, 33.878035127441564 ], [ -87.617296106867798, 33.872675888502471 ] ], [ [ -87.565430252281686, 33.859186474315081 ], [ -87.678529609208098, 33.784366892302621 ], [ -87.689511451687338, 33.772524476905893 ], [ -87.547431546362105, 33.842856794460808 ], [ -87.565430252281686, 33.859186474315081 ] ], [ [ -87.704420285490016, 33.756439627151607 ], [ -87.708939857312629, 33.689837690298276 ], [ -87.699485446283063, 33.761764712519202 ], [ -87.704420285490016, 33.756439627151607 ] ], [ [ -87.681243767665435, 33.629807456560513 ], [ -87.7200368840534, 33.589062959803258 ], [ -87.720035318902305, 33.589060718239118 ], [ -87.675652578440904, 33.617680229220468 ], [ -87.681243767665435, 33.629807456560513 ] ], [ [ -87.273837164255497, 33.515606710455295 ], [ -87.173041578384897, 33.442826074507956 ], [ -87.175046174271415, 33.448862406152962 ], [ -87.273837164255497, 33.515606710455295 ] ], [ [ -87.07223215647204, 33.301727282311695 ], [ -87.071304233684799, 33.302749963860293 ], [ -87.072093406252151, 33.30322787583016 ], [ -87.07223215647204, 33.301727282311695 ] ], [ [ -87.088806838249056, 33.283454009878326 ], [ -87.144104810136, 33.2224083710407 ], [ -87.183419784468981, 33.207542601441936 ], [ -87.144103704309899, 33.222407990037389 ], [ -87.088806838249056, 33.283454009878326 ] ], [ [ -87.189605775545601, 33.205201786876309 ], [ -87.200010327688986, 33.183074666514976 ], [ -87.18960569119595, 33.205201818797967 ], [ -87.189605775545601, 33.205201786876309 ] ], [ [ -87.3807098324219, 32.833201370131796 ], [ -87.357421931991595, 32.724056130666384 ], [ -87.327293694474804, 32.881738528944439 ], [ -87.3807098324219, 32.833201370131796 ] ], [ [ -87.400730258172317, 32.684829499519914 ], [ -87.409830451613601, 32.578183924711503 ], [ -87.430709357156019, 32.557829869631412 ], [ -87.409829856928894, 32.578184128336979 ], [ -87.400729923100698, 32.684829060242933 ], [ -87.357049346188347, 32.722307182469422 ], [ -87.400730258172317, 32.684829499519914 ] ], [ [ -87.660085763612216, 32.2095444217058 ], [ -87.706496749354102, 32.183616469915599 ], [ -87.720479826431713, 32.112664930689085 ], [ -87.66008477456711, 32.209544400423816 ], [ -87.529043021342389, 32.216837961754031 ], [ -87.660085763612216, 32.2095444217058 ] ], [ [ -87.736527387081395, 31.939276451363281 ], [ -87.736519836802998, 31.939260815734944 ], [ -87.735624170158005, 31.989461091031707 ], [ -87.736527387081395, 31.939276451363281 ] ], [ [ -87.720622181446473, 31.903767532918891 ], [ -87.7290686510228, 31.876045561249075 ], [ -87.729068602113131, 31.876045483163995 ], [ -87.720613258411007, 31.903747601172714 ], [ -87.720622181446473, 31.903767532918891 ] ], [ [ -87.693299982197402, 31.861043754833766 ], [ -87.7037047189757, 31.877776959390189 ], [ -87.703705559059202, 31.877776027974804 ], [ -87.693299982197402, 31.861043754833766 ] ], [ [ -87.676392565656201, 31.860466759366783 ], [ -87.67639252936668, 31.860466796528655 ], [ -87.693299982197402, 31.861043754833766 ], [ -87.676392565656201, 31.860466759366783 ] ], [ [ -87.626317103036996, 31.854120524675704 ], [ -87.659482903326705, 31.877776959390189 ], [ -87.659483638933594, 31.877776206538307 ], [ -87.626317103036996, 31.854120524675704 ] ], [ [ -87.606622895656415, 31.799026909964262 ], [ -87.600304138197103, 31.806249328663217 ], [ -87.600304218133402, 31.806249475871866 ], [ -87.606622895656415, 31.799026909964262 ] ], [ [ -87.628268727571069, 31.692725912744336 ], [ -87.628268692991796, 31.692725962779971 ], [ -87.628731993594911, 31.695255566715701 ], [ -87.628268727571069, 31.692725912744336 ] ], [ [ -87.678343032716796, 31.620187678385783 ], [ -87.6782595737387, 31.619634046158623 ], [ -87.678343003155931, 31.620187721255938 ], [ -87.678343032716796, 31.620187678385783 ] ], [ [ -87.647127699487797, 31.580488173164838 ], [ -87.721914692678894, 31.530455604101906 ], [ -87.719964240453109, 31.499414393222729 ], [ -87.721913569784803, 31.53045584337999 ], [ -87.647127699487797, 31.580488173164838 ] ], [ [ -87.825316396351596, 31.424726318160491 ], [ -87.853929869450525, 31.41209244078987 ], [ -87.8006037428855, 31.482173311670884 ], [ -87.825316396351596, 31.424726318160491 ] ], [ [ -87.795401374496294, 31.334603921739479 ], [ -87.816803471093053, 31.323112848143289 ], [ -87.797351841557003, 31.354687549303065 ], [ -87.795401374496294, 31.334603921739479 ] ], [ [ -87.8292173304729, 31.297316966099288 ], [ -87.849137731817265, 31.294922090867452 ], [ -87.827267195036868, 31.307928207201183 ], [ -87.8292173304729, 31.297316966099288 ] ], [ [ -87.857830918060301, 31.293875812877705 ], [ -87.857832040954406, 31.268071078913813 ], [ -87.857830918060301, 31.268070648346121 ], [ -87.857830918060301, 31.293875812877705 ] ], [ [ -87.952115844493306, 31.147121192003176 ], [ -87.974260951884006, 31.160849911191665 ], [ -87.967343724066893, 31.14860354787891 ], [ -87.94427441426275, 31.146302718703947 ], [ -87.902063238765209, 31.205011161372976 ], [ -87.952115844493306, 31.147121192003176 ] ], [ [ -87.975996125305301, 31.089611093194275 ], [ -87.967793955568425, 31.072113382915596 ], [ -87.944449134663657, 31.138252286377696 ], [ -87.975996125305301, 31.089611093194275 ] ], [ [ -87.9642918849502, 31.064634931611046 ], [ -87.964290262381297, 31.064635373622529 ], [ -87.964290296653701, 31.064635446778709 ], [ -87.9642918849502, 31.064634931611046 ] ], [ [ -87.999993519480995, 31.053047502907809 ], [ -88.013155870749671, 31.034492134249845 ], [ -87.999638909475678, 31.053162670169588 ], [ -87.999993519480995, 31.053047502907809 ] ], [ [ -87.999787754501909, 31.022077964620301 ], [ -87.997179830721095, 31.02166345428401 ], [ -88.013187196042949, 31.034437727504045 ], [ -87.999787754501909, 31.022077964620301 ] ], [ [ -88.018816903284403, 31.025101103303676 ], [ -88.018816777103481, 31.025100495768971 ], [ -88.018807777030958, 31.025099067044057 ], [ -88.018816903284403, 31.025101103303676 ] ], [ [ -117.336564232471375, 48.918112553981295 ], [ -117.331836127022996, 48.955732219847377 ], [ -117.334690089414877, 48.961704827549106 ], [ -117.336564232471375, 48.918112553981295 ] ], [ [ -117.420557417523341, 48.786475385798823 ], [ -117.386485562234995, 48.822168245508948 ], [ -117.421246065291996, 48.787033542612996 ], [ -117.420557417523341, 48.786475385798823 ] ], [ [ -117.401142818465985, 48.776458128457222 ], [ -117.417404519350171, 48.783919775647803 ], [ -117.401778838876879, 48.77125059214336 ], [ -117.401142818465985, 48.776458128457222 ] ], [ [ -117.21496837605325, 48.237540126597509 ], [ -117.239358480834795, 48.261693286782688 ], [ -117.231772394063015, 48.245483231356509 ], [ -117.21496837605325, 48.237540126597509 ] ], [ [ -117.152502935165018, 48.242425851411483 ], [ -117.211285856519694, 48.235798935121515 ], [ -117.209418480276, 48.234915922353693 ], [ -117.152502935165018, 48.242425851411483 ] ], [ [ -117.073267288853998, 48.22417670954728 ], [ -117.080433556349391, 48.225829427391545 ], [ -117.040850580205003, 48.201213359955794 ], [ -117.073267288853998, 48.22417670954728 ] ], [ [ -117.042605779573989, 47.698764872754694 ], [ -117.039607999961021, 47.093428000012715 ], [ -116.939819087697003, 47.060553318027758 ], [ -116.362587766909996, 47.517403436859581 ], [ -116.650494273963275, 47.657824439061471 ], [ -117.039424720287002, 47.69381856554093 ], [ -117.038279998917005, 48.222329000641615 ], [ -117.042605779573989, 47.698764872754694 ] ], [ [ -116.529613698016007, 47.720547537671642 ], [ -116.538775018258036, 47.712703813929338 ], [ -116.481899564919019, 47.734320648242878 ], [ -116.529613698016007, 47.720547537671642 ] ], [ [ -116.239215613461013, 47.901722284823258 ], [ -116.295156321199002, 47.882379456181553 ], [ -116.22816331811687, 47.902332576469718 ], [ -116.239215613461013, 47.901722284823258 ] ], [ [ -116.189033507342998, 47.904486129278695 ], [ -116.201033559463454, 47.903826876464805 ], [ -116.091137269026021, 47.893431627257698 ], [ -116.189033507342998, 47.904486129278695 ] ], [ [ -115.62869500098202, 47.479640999863598 ], [ -115.686082202290592, 47.485532302173922 ], [ -115.685515000381017, 47.484824000135717 ], [ -115.62869500098202, 47.479640999863598 ] ], [ [ -115.645851347840747, 47.457386193981478 ], [ -115.59966475290959, 47.460062575256757 ], [ -115.62869500098202, 47.479640999863598 ], [ -115.645851347840747, 47.457386193981478 ] ], [ [ -115.10964811444002, 47.685527399469755 ], [ -115.186277379871001, 47.622471822075902 ], [ -115.282601648918629, 47.575138029223375 ], [ -115.186277431074998, 47.622471261405245 ], [ -115.10964811444002, 47.685527399469755 ] ], [ [ -115.097841708016531, 47.806067238260006 ], [ -115.098045058404423, 47.794956334085285 ], [ -115.097841660035982, 47.806067163146835 ], [ -115.097841708016531, 47.806067238260006 ] ], [ [ -115.152276919450529, 47.856777391516601 ], [ -115.097842213501963, 47.806068029593483 ], [ -115.108125124250989, 47.82216195078265 ], [ -115.152276919450529, 47.856777391516601 ] ], [ [ -115.320819427980695, 48.013209805120596 ], [ -115.281649666947871, 47.976931806139497 ], [ -115.307619613865981, 48.004151353630569 ], [ -115.320819427980695, 48.013209805120596 ] ], [ [ -115.722912940899278, 48.155537979898341 ], [ -115.970471626132834, 48.219119023287121 ], [ -115.918442523811009, 48.193723146005915 ], [ -115.722912940899278, 48.155537979898341 ] ], [ [ -116.049526469696744, 48.257635938477847 ], [ -116.004120933933535, 48.235523941061828 ], [ -116.049590983043004, 48.281122901502073 ], [ -116.049526469696744, 48.257635938477847 ] ], [ [ -116.39217474558302, 48.31865739394545 ], [ -116.392175058196983, 48.318656758943199 ], [ -116.328927061213747, 48.353179003675521 ], [ -116.39217474558302, 48.31865739394545 ] ], [ [ -116.575353583849989, 48.379366106205367 ], [ -116.575353453594019, 48.379365669452476 ], [ -116.520735862820047, 48.357351846844175 ], [ -116.575353583849989, 48.379366106205367 ] ], [ [ -116.633487899947738, 48.486089463026651 ], [ -116.61155038255302, 48.422773009443446 ], [ -116.611550289900379, 48.422772898411608 ], [ -116.633487899947738, 48.486089463026651 ] ], [ [ -116.610453511461984, 48.631640640491021 ], [ -116.627011600202948, 48.527070608453663 ], [ -116.610453007789005, 48.631640120300474 ], [ -116.610453511461984, 48.631640640491021 ] ], [ [ -116.704784895450004, 48.728905784623784 ], [ -116.631913110134491, 48.653795717125355 ], [ -116.704784937731077, 48.728905977461856 ], [ -116.704784895450004, 48.728905784623784 ] ], [ [ -116.776716753133414, 48.850988176714147 ], [ -116.7234318240166, 48.813852978008654 ], [ -116.723431875284007, 48.813853211290969 ], [ -116.776716753133414, 48.850988176714147 ] ], [ [ -116.839700719202, 48.906457413294092 ], [ -116.827635772377548, 48.88642162719723 ], [ -116.853958247745723, 48.955324371377763 ], [ -116.839700719202, 48.906457413294092 ] ], [ [ -98.489690896030396, 47.776711512102786 ], [ -98.428124296670234, 47.87758953384386 ], [ -98.489691354772901, 47.776711523427451 ], [ -98.489690896030396, 47.776711512102786 ] ], [ [ -98.381406948204898, 47.788262376990843 ], [ -98.381407297205712, 47.788262398845063 ], [ -98.380546537815547, 47.783182442779307 ], [ -98.381406948204898, 47.788262376990843 ] ], [ [ -98.1565137168256, 47.712214189219097 ], [ -98.156514064278113, 47.712214228138592 ], [ -98.142406651677916, 47.696528015959252 ], [ -98.1565137168256, 47.712214189219097 ] ], [ [ -98.111705819624007, 47.636664308568434 ], [ -98.111705750453694, 47.636663960514241 ], [ -98.111660694890489, 47.64078963738428 ], [ -98.111705819624007, 47.636664308568434 ] ], [ [ -98.127055821567296, 47.601699981883648 ], [ -98.127055712871098, 47.601700069106933 ], [ -98.129294993793195, 47.605570998582266 ], [ -98.127055821567296, 47.601699981883648 ] ], [ [ -98.076305508574094, 47.56603751578082 ], [ -98.076305390894802, 47.566037722470938 ], [ -98.081759193172346, 47.564327407594334 ], [ -98.076305508574094, 47.56603751578082 ] ], [ [ -98.019963056274804, 47.526645734402265 ], [ -98.03444089628853, 47.533062137144064 ], [ -98.01996317049489, 47.526645621409571 ], [ -98.019963056274804, 47.526645734402265 ] ], [ [ -98.026655863569317, 47.520024118636805 ], [ -97.985099875781003, 47.516955516206544 ], [ -98.000853619401937, 47.477310733495386 ], [ -98.026655863569317, 47.520024118636805 ] ], [ [ -98.037502662197298, 47.406717502870791 ], [ -98.038531750192064, 47.413147962695277 ], [ -98.037503199796348, 47.406717672783564 ], [ -98.037502662197298, 47.406717502870791 ] ], [ [ -98.046280027132966, 47.40856152089556 ], [ -98.046419529639834, 47.409535128955824 ], [ -98.046419544523317, 47.40953513365865 ], [ -98.046280027132966, 47.40856152089556 ] ], [ [ -98.033670556094705, 47.366330537993711 ], [ -98.042425464932336, 47.381649720912492 ], [ -98.055382947004702, 47.378847606157358 ], [ -98.033670556094705, 47.366330537993711 ] ], [ [ -97.979801625709996, 47.344907675474694 ], [ -97.979801745272994, 47.344907777861849 ], [ -97.989350938236427, 47.332452309191368 ], [ -97.979801625709996, 47.344907675474694 ] ], [ [ -97.986468513913593, 47.293272143977063 ], [ -97.986468248012301, 47.293272165301943 ], [ -97.98959318230844, 47.303739469884853 ], [ -97.986468513913593, 47.293272143977063 ] ], [ [ -98.011714184585671, 47.25820259477733 ], [ -97.964955205187081, 47.227882414743597 ], [ -97.965470128245997, 47.231640498441074 ], [ -98.011714184585671, 47.25820259477733 ] ], [ [ -98.037055128709198, 47.126648969065471 ], [ -98.037054627449294, 47.126649187262267 ], [ -97.967274007698691, 47.191242850507507 ], [ -98.037055128709198, 47.126648969065471 ] ], [ [ -98.087117033573136, 46.992040375983088 ], [ -98.10348943581964, 47.011578026346733 ], [ -98.103489575608904, 47.01157786205507 ], [ -98.087117033573136, 46.992040375983088 ] ], [ [ -98.053783822767485, 46.969103742113894 ], [ -98.071423838129846, 46.973301966612368 ], [ -98.071423756994704, 46.973301869703874 ], [ -98.053783822767485, 46.969103742113894 ] ], [ [ -98.023593702598504, 46.909018387016737 ], [ -97.991620086166705, 46.922798260234174 ], [ -97.991620032209624, 46.922798509300968 ], [ -98.023593702598504, 46.909018387016737 ] ], [ [ -98.00904505268592, 46.83164507155044 ], [ -97.987285714920901, 46.874622616898137 ], [ -98.019949446006521, 46.905567920472599 ], [ -97.987285851464804, 46.87462246337661 ], [ -98.00904505268592, 46.83164507155044 ] ], [ [ -97.979719075027006, 46.751708411712414 ], [ -97.979718531546297, 46.751708769928115 ], [ -97.987270141702155, 46.767015386221786 ], [ -97.979719075027006, 46.751708411712414 ] ], [ [ -97.991898609540129, 46.713322526960106 ], [ -97.993009835473927, 46.71805119239297 ], [ -97.991898810941507, 46.713322617927851 ], [ -97.991898609540129, 46.713322526960106 ] ], [ [ -97.963069380649202, 46.700296170783226 ], [ -97.9831574281054, 46.709373871690481 ], [ -97.9630696649713, 46.700295900227928 ], [ -97.963069380649202, 46.700296170783226 ] ], [ [ -97.950102630714298, 46.66670462236435 ], [ -97.93356091534757, 46.658622093943997 ], [ -97.950102199522917, 46.6667048707981 ], [ -97.951791032257105, 46.688074886167861 ], [ -97.955368528007796, 46.68881041724773 ], [ -97.950102630714298, 46.66670462236435 ] ], [ [ -97.940620839228501, 46.620675426849473 ], [ -97.884390524955862, 46.586520908252183 ], [ -97.933861758919946, 46.657005817057524 ], [ -97.940620839228501, 46.620675426849473 ] ], [ [ -97.930997321438809, 46.550050636142458 ], [ -97.930997279217905, 46.550050423004933 ], [ -97.900634749670502, 46.573815478307331 ], [ -97.930997321438809, 46.550050636142458 ] ], [ [ -97.934715524756513, 46.526459639146331 ], [ -97.874677609153636, 46.502726158553074 ], [ -97.934694246212601, 46.526594689262765 ], [ -97.934715524756513, 46.526459639146331 ] ], [ [ -97.798125219755605, 46.522561850294124 ], [ -97.799710522262998, 46.522151621410124 ], [ -97.795932748024754, 46.52102551648354 ], [ -97.798125219755605, 46.522561850294124 ] ], [ [ -97.783178705105414, 46.485230498667214 ], [ -97.783178376321999, 46.48523030383118 ], [ -97.777344430620261, 46.495994264177519 ], [ -97.783178705105414, 46.485230498667214 ] ], [ [ -97.677538941428793, 46.445348296153995 ], [ -97.677538744697699, 46.445348512178313 ], [ -97.709966917793267, 46.456476890371988 ], [ -97.677538941428793, 46.445348296153995 ] ], [ [ -97.67223535267, 46.387682104238209 ], [ -97.568994192730671, 46.367796866667462 ], [ -97.672257267635757, 46.387920574055073 ], [ -97.67223535267, 46.387682104238209 ] ], [ [ -97.50434899245802, 46.400421499031296 ], [ -97.484874739996656, 46.399994030820288 ], [ -97.484014203339498, 46.400714087141807 ], [ -97.50434899245802, 46.400421499031296 ] ], [ [ -97.486905800288994, 46.409648286281602 ], [ -97.505938414910389, 46.497652288932379 ], [ -97.486906151110716, 46.409648100762951 ], [ -97.486905800288994, 46.409648286281602 ] ], [ [ -97.470704140395725, 46.513004385646937 ], [ -97.477704936246965, 46.513513096366808 ], [ -97.470704254745201, 46.513004270845443 ], [ -97.470704140395725, 46.513004385646937 ] ], [ [ -97.459698411192804, 46.524052230218686 ], [ -97.467759047998001, 46.515960968603409 ], [ -97.45969819033175, 46.524051732788976 ], [ -97.459698411192804, 46.524052230218686 ] ], [ [ -97.397887644098532, 46.496959464813997 ], [ -97.408463834645289, 46.506157395888593 ], [ -97.397887678400494, 46.496959202025899 ], [ -97.397887644098532, 46.496959464813997 ] ], [ [ -97.334812374606301, 46.516600694446673 ], [ -97.340627438932813, 46.516646380458283 ], [ -97.334812335570732, 46.516600660783979 ], [ -97.334812374606301, 46.516600694446673 ] ], [ [ -97.323086275430256, 46.510129572071129 ], [ -97.324260373556768, 46.507500058167459 ], [ -97.324260298850106, 46.507499993725112 ], [ -97.323086275430256, 46.510129572071129 ] ], [ [ -97.279050576238703, 46.54243794437842 ], [ -97.279050870509266, 46.542437829649188 ], [ -97.259550897200583, 46.530002824859295 ], [ -97.279050576238703, 46.54243794437842 ] ], [ [ -97.229330942652894, 46.544677680808917 ], [ -97.248956919258788, 46.52324418071764 ], [ -97.248956715980015, 46.523244051011986 ], [ -97.229330942652894, 46.544677680808917 ] ], [ [ -97.1887294659969, 46.549208677622445 ], [ -97.189844289818396, 46.545771200123006 ], [ -97.188729149698801, 46.549208709379933 ], [ -97.1887294659969, 46.549208677622445 ] ], [ [ -97.140858227894697, 46.554006472107517 ], [ -97.090302952167903, 46.573237233308916 ], [ -97.068421524256181, 46.583077435442782 ], [ -97.126655879864302, 46.571667221701084 ], [ -97.140858227894697, 46.554006472107517 ] ], [ [ -97.023812966925803, 46.59927022582113 ], [ -97.009054549238286, 46.627168727226312 ], [ -97.023813377455994, 46.599270581345316 ], [ -97.059049794475499, 46.603114241851493 ], [ -97.066503470913659, 46.587179112292795 ], [ -97.023812966925803, 46.59927022582113 ] ], [ [ -96.959068480513935, 46.645703119336083 ], [ -96.960954101332263, 46.637227445853092 ], [ -96.952454379643498, 46.637252414363751 ], [ -96.959068480513935, 46.645703119336083 ] ], [ [ -96.951111761892307, 46.651330174404464 ], [ -96.94559095247709, 46.649678349153746 ], [ -96.938337181578703, 46.651816944593598 ], [ -96.951111761892307, 46.651330174404464 ] ], [ [ -96.939537714378901, 46.657186545243327 ], [ -96.939537929076295, 46.657186646977294 ], [ -96.951112197881073, 46.651330304840535 ], [ -96.939537714378901, 46.657186545243327 ] ], [ [ -96.928743127631918, 46.750673694585096 ], [ -96.928743548043514, 46.750673966021772 ], [ -96.933050478079338, 46.734015205826026 ], [ -96.928743127631918, 46.750673694585096 ] ], [ [ -96.900427781617196, 46.879362832504398 ], [ -96.9098081847483, 46.872808730514301 ], [ -96.909808145599456, 46.872808523981668 ], [ -96.900427781617196, 46.879362832504398 ] ], [ [ -96.9226821656639, 46.932261189907678 ], [ -96.920028225111693, 46.925957111899542 ], [ -96.922682131041583, 46.932261232275742 ], [ -96.9226821656639, 46.932261189907678 ] ], [ [ -96.889062804296984, 46.973375022968355 ], [ -96.893634498523966, 47.001982372033574 ], [ -96.900709373814308, 46.998328528457613 ], [ -96.889062804296984, 46.973375022968355 ] ], [ [ -96.874823296008302, 47.036738997422447 ], [ -96.88026556824299, 47.01393087964798 ], [ -96.874823033909649, 47.036738945101547 ], [ -96.874823296008302, 47.036738997422447 ] ], [ [ -96.874813276075884, 47.036736997213445 ], [ -96.822492357746796, 47.001878756485283 ], [ -96.820638966551783, 46.969777658129921 ], [ -96.874813276075884, 47.036736997213445 ] ], [ [ -96.7974014282062, 46.968292236893298 ], [ -96.816715943761977, 46.969193813990479 ], [ -96.797103496283, 46.966273173282893 ], [ -96.7974014282062, 46.968292236893298 ] ], [ [ -96.794140939606478, 46.946190056012547 ], [ -96.796702576905346, 46.963555994670799 ], [ -96.804077705601102, 46.946794162212782 ], [ -96.794140939606478, 46.946190056012547 ] ], [ [ -96.762431787469794, 46.934784092743747 ], [ -96.756011376672134, 46.927479175948704 ], [ -96.790898378337303, 46.927339297230922 ], [ -96.762431787469794, 46.934784092743747 ] ], [ [ -96.76861254678802, 46.884320798524556 ], [ -96.775227893347832, 46.898160763688736 ], [ -96.776750587247193, 46.896388766514008 ], [ -96.76861254678802, 46.884320798524556 ] ], [ [ -96.766716003976697, 46.880352020128129 ], [ -96.767723339388482, 46.882460065637339 ], [ -96.77088413089578, 46.87749432235492 ], [ -96.766716003976697, 46.880352020128129 ] ], [ [ -96.779144757998679, 46.85286458283003 ], [ -96.781595678770231, 46.860660467138359 ], [ -96.785491192266804, 46.854536305980105 ], [ -96.779144757998679, 46.85286458283003 ] ], [ [ -96.783519376817821, 46.827099355929974 ], [ -96.785448581708309, 46.836204681608045 ], [ -96.794051326643995, 46.833567175799836 ], [ -96.783519376817821, 46.827099355929974 ] ], [ [ -96.792496128189896, 46.827579309716697 ], [ -96.801439781852181, 46.812750877358525 ], [ -96.783280001790274, 46.825758856654559 ], [ -96.792496128189896, 46.827579309716697 ] ], [ [ -96.787889863814641, 46.777821828307125 ], [ -96.790017513398197, 46.78312169536845 ], [ -96.797133002616107, 46.776878917222518 ], [ -96.787889863814641, 46.777821828307125 ] ], [ [ -96.784641424024954, 46.769728588899817 ], [ -96.786593550813464, 46.774592386874211 ], [ -96.789193139671113, 46.771206184104201 ], [ -96.784641424024954, 46.769728588899817 ] ], [ [ -96.782007757437611, 46.763165642563067 ], [ -96.783280604741677, 46.766337658084268 ], [ -96.7895007371975, 46.76601938453738 ], [ -96.782007757437611, 46.763165642563067 ] ], [ [ -96.783826220125974, 46.741398028926312 ], [ -96.781547771893315, 46.760061072771897 ], [ -96.789781740099798, 46.75669691875229 ], [ -96.783826220125974, 46.741398028926312 ] ], [ [ -96.788268594824729, 46.704982563598108 ], [ -96.786005633506875, 46.723537265741385 ], [ -96.791188147000199, 46.718882924367371 ], [ -96.788268594824729, 46.704982563598108 ] ], [ [ -96.794356926330067, 46.655015657474003 ], [ -96.791562602706236, 46.677957144433194 ], [ -96.802094416794901, 46.667523399556039 ], [ -96.794356926330067, 46.655015657474003 ] ], [ [ -96.784561898160419, 46.630288418717342 ], [ -96.797150071910423, 46.63206943193024 ], [ -96.798235160011203, 46.629314203072468 ], [ -96.784561898160419, 46.630288418717342 ] ], [ [ -96.781514973812563, 46.620325786874218 ], [ -96.784334562078485, 46.629545186010219 ], [ -96.7914425606685, 46.624967536998135 ], [ -96.781514973812563, 46.620325786874218 ] ], [ [ -96.771566437590295, 46.596044139549399 ], [ -96.759963988721807, 46.598609923847405 ], [ -96.771503863780879, 46.597687711213808 ], [ -96.771566437590295, 46.596044139549399 ] ], [ [ -96.752719501231113, 46.58215208997926 ], [ -96.753152939259039, 46.585079834927626 ], [ -96.761088644423197, 46.581889206455259 ], [ -96.752719501231113, 46.58215208997926 ] ], [ [ -96.751261214706773, 46.572300071093018 ], [ -96.752322146791201, 46.579467872277164 ], [ -96.756791446362101, 46.57697180758467 ], [ -96.751261214706773, 46.572300071093018 ] ], [ [ -96.748181289932802, 46.551483690682311 ], [ -96.749411085621375, 46.559796973960282 ], [ -96.754517048606701, 46.556929344180567 ], [ -96.748181289932802, 46.551483690682311 ] ], [ [ -96.746520442128201, 46.540253531663595 ], [ -96.746689062836666, 46.541393852619727 ], [ -96.749928252912795, 46.540574210500893 ], [ -96.746520442128201, 46.540253531663595 ] ], [ [ -96.738885198446397, 46.478599753792167 ], [ -96.737632752005894, 46.480098725201266 ], [ -96.738810054158648, 46.488072801745133 ], [ -96.738885198446397, 46.478599753792167 ] ], [ [ -96.721986209899114, 46.439973023567191 ], [ -96.712211608953297, 46.458572386910738 ], [ -96.712477512431818, 46.458797640906141 ], [ -96.721986209899114, 46.439973023567191 ] ], [ [ -96.703604575755307, 46.418439038110144 ], [ -96.704719480702678, 46.419127698684093 ], [ -96.704802219149897, 46.41797975782098 ], [ -96.703604575755307, 46.418439038110144 ] ], [ [ -96.697847669689565, 46.414882730208433 ], [ -96.700164218918175, 46.41631384077931 ], [ -96.701527620089095, 46.415102558402481 ], [ -96.697847669689565, 46.414882730208433 ] ], [ [ -96.645312445590903, 46.350684562588128 ], [ -96.646041869516694, 46.352798462570107 ], [ -96.677981780326959, 46.402606134468755 ], [ -96.645312445590903, 46.350684562588128 ] ], [ [ -96.619186400822997, 46.347026824736808 ], [ -96.623205712648129, 46.347891028311551 ], [ -96.609893277764726, 46.337559312764171 ], [ -96.619186400822997, 46.347026824736808 ] ], [ [ -96.602777889336195, 46.291284091548349 ], [ -96.602450957852895, 46.31440829425916 ], [ -96.605968465765002, 46.293580234087898 ], [ -96.602777889336195, 46.291284091548349 ] ], [ [ -96.587997906693374, 46.252060565057697 ], [ -96.597693075985362, 46.263849547579987 ], [ -96.5984782311793, 46.258166827325681 ], [ -96.587997906693374, 46.252060565057697 ] ], [ [ -96.598588943148201, 46.242422774348576 ], [ -96.584945679159304, 46.248348236188392 ], [ -96.585340964391449, 46.248829034315413 ], [ -96.598588943148201, 46.242422774348576 ] ], [ [ -96.583476890565962, 46.178209509603327 ], [ -96.594180911666456, 46.213533818772341 ], [ -96.589251888221, 46.181203247902417 ], [ -96.583476890565962, 46.178209509603327 ] ], [ [ -96.562153132429557, 46.107734780603153 ], [ -96.578708103379682, 46.162460796741492 ], [ -96.580397695725395, 46.151219584047318 ], [ -96.562153132429557, 46.107734780603153 ] ], [ [ -96.557044982903193, 46.090831756247034 ], [ -96.557124994921708, 46.091096580148282 ], [ -96.562248822062656, 46.075301019921106 ], [ -96.557044982903193, 46.090831756247034 ] ], [ [ -96.561104534350903, 45.941452277263743 ], [ -97.549103048503696, 46.030418096073916 ], [ -97.216443297971011, 44.962924790996205 ], [ -96.830337524786103, 45.656684875566036 ], [ -96.573081970561702, 45.851539612112141 ], [ -96.5576629636316, 45.942527770964574 ], [ -96.576970656163439, 46.029878005790103 ], [ -96.561104534350903, 45.941452277263743 ] ], [ [ -97.052365836484896, 44.776705877274004 ], [ -97.072617412613994, 44.794094280522749 ], [ -97.072890562062796, 44.793450476360235 ], [ -97.052365836484896, 44.776705877274004 ] ], [ [ -96.991035950657349, 44.624122513456975 ], [ -96.989440804668106, 44.657343823714918 ], [ -96.991170676037697, 44.624150627747163 ], [ -96.991035950657349, 44.624122513456975 ] ], [ [ -96.866167326661596, 44.51400223369459 ], [ -96.9128291076577, 44.542982233167997 ], [ -96.8661591308515, 44.511528999432379 ], [ -96.866167326661596, 44.51400223369459 ] ], [ [ -96.875092326164506, 44.499131837407127 ], [ -96.866058929651203, 44.48127790537243 ], [ -96.866149792118449, 44.508710663039452 ], [ -96.875092326164506, 44.499131837407127 ] ], [ [ -96.770916838584938, 43.525754231679571 ], [ -96.765562215012295, 43.57015743117681 ], [ -96.771267219549003, 43.526268369934108 ], [ -96.770916838584938, 43.525754231679571 ] ], [ [ -96.596578668950798, 43.522617558505544 ], [ -96.610492262059921, 43.536107957679889 ], [ -96.598302762007634, 43.506094630867764 ], [ -96.596578668950798, 43.522617558505544 ] ], [ [ -96.581081999969513, 43.481497999829401 ], [ -96.591689793646722, 43.489801175002953 ], [ -96.585667659124496, 43.474956824069039 ], [ -96.581081999969513, 43.481497999829401 ] ], [ [ -96.58394266265482, 43.435265307317607 ], [ -96.599858785719391, 43.447864127704364 ], [ -96.600715148526206, 43.446914036850089 ], [ -96.58394266265482, 43.435265307317607 ] ], [ [ -96.521661999456796, 43.385904999709389 ], [ -96.522193125846272, 43.386326349408762 ], [ -96.521894046631985, 43.385051663641335 ], [ -96.521661999456796, 43.385904999709389 ] ], [ [ -96.526962000344398, 43.305229000088403 ], [ -96.527277545245312, 43.306444038061983 ], [ -96.527432083004442, 43.304997188554601 ], [ -96.526962000344398, 43.305229000088403 ] ], [ [ -96.552414343683395, 43.292941205814465 ], [ -96.552055999428404, 43.292850000213079 ], [ -96.544269556015706, 43.296692055887618 ], [ -96.552414343683395, 43.292941205814465 ] ], [ [ -96.577559999489495, 43.279212000107243 ], [ -96.586671359468255, 43.293350554461085 ], [ -96.584161558355476, 43.271298316106282 ], [ -96.577559999489495, 43.279212000107243 ] ], [ [ -96.550952562832293, 43.246958328233191 ], [ -96.549186999599797, 43.246813999755481 ], [ -96.552659999675996, 43.258148000033536 ], [ -96.550952562832293, 43.246958328233191 ] ], [ [ -96.475426000142406, 43.220520000307211 ], [ -96.533058431439798, 43.222184002718635 ], [ -96.47534928771617, 43.219760639914426 ], [ -96.475426000142406, 43.220520000307211 ] ], [ [ -96.440719972026855, 43.124567461670672 ], [ -96.461875215680351, 43.145375172161394 ], [ -96.461500525915497, 43.143285422712829 ], [ -96.440719972026855, 43.124567461670672 ] ], [ [ -96.436499000305105, 43.120414000162704 ], [ -96.438343870155535, 43.122229438130837 ], [ -96.451505002144003, 43.104418536626454 ], [ -96.436499000305105, 43.120414000162704 ] ], [ [ -96.416344835171799, 43.130619406298415 ], [ -96.459942830462069, 43.090223311421894 ], [ -96.458797983626823, 43.067242146111262 ], [ -96.416344835171799, 43.130619406298415 ] ], [ [ -96.3943092394058, 43.131240870238628 ], [ -96.394252424735782, 43.131528996954636 ], [ -96.416344835171799, 43.130619406298415 ], [ -96.3943092394058, 43.131240870238628 ] ], [ [ -96.515857701055111, 43.041880274016748 ], [ -96.473537152096029, 43.059126953742158 ], [ -96.516680998411601, 43.043136276025713 ], [ -96.515857701055111, 43.041880274016748 ] ], [ [ -96.491981000411201, 43.010197001072612 ], [ -96.501110263785648, 43.019373735576892 ], [ -96.493840083217307, 43.008272749291535 ], [ -96.491981000411201, 43.010197001072612 ] ], [ [ -96.504841063563958, 42.963852958068443 ], [ -96.51683499929571, 42.932346999667324 ], [ -96.4989630005485, 42.957801999375121 ], [ -96.504841063563958, 42.963852958068443 ] ], [ [ -96.525286999868896, 42.891909999713171 ], [ -96.542063607007407, 42.903174425831715 ], [ -96.527984437993652, 42.890702964312041 ], [ -96.525286999868896, 42.891909999713171 ] ], [ [ -96.550322000300099, 42.837530999722183 ], [ -96.546096118630459, 42.866114740176343 ], [ -96.550966622880907, 42.837076957974702 ], [ -96.550322000300099, 42.837530999722183 ] ], [ [ -96.563604000509201, 42.828173999583591 ], [ -96.5559869616783, 42.833540565565997 ], [ -96.564488652213427, 42.828647092259729 ], [ -96.563604000509201, 42.828173999583591 ] ], [ [ -96.595213999575193, 42.792895999460562 ], [ -96.593419036936169, 42.798754000295837 ], [ -96.59589163106682, 42.792515072401585 ], [ -96.595213999575193, 42.792895999460562 ] ], [ [ -96.621161196058196, 42.753424745870497 ], [ -96.619262000342403, 42.754609001115796 ], [ -96.622808146412865, 42.75774385662411 ], [ -96.621161196058196, 42.753424745870497 ] ], [ [ -96.637778273506299, 42.734546453957144 ], [ -96.624414000193596, 42.725211999193682 ], [ -96.637226960322892, 42.73517297945677 ], [ -96.637778273506299, 42.734546453957144 ] ], [ [ -96.575179999382499, 42.682757000371311 ], [ -96.611163842862595, 42.697607316770245 ], [ -96.577984980135966, 42.67324430486677 ], [ -96.575179999382499, 42.682757000371311 ] ], [ [ -96.573321344635502, 42.669817845913308 ], [ -96.566964000607399, 42.676416999719414 ], [ -96.576893735135457, 42.672442590884458 ], [ -96.573321344635502, 42.669817845913308 ] ], [ [ -96.5517522664544, 42.658084876370218 ], [ -96.542365000194394, 42.660933999464184 ], [ -96.55228673130064, 42.658992770785808 ], [ -96.5517522664544, 42.658084876370218 ] ], [ [ -96.509453000023598, 42.61270399963162 ], [ -96.514440573185638, 42.61291812400269 ], [ -96.508987655296693, 42.61196312273227 ], [ -96.509453000023598, 42.61270399963162 ] ], [ [ -96.477275556192367, 42.551413957295566 ], [ -96.476960000152502, 42.555971999264344 ], [ -96.498099163503298, 42.557938807529396 ], [ -96.477275556192367, 42.551413957295566 ] ], [ [ -96.479006999275299, 42.526394000302815 ], [ -96.477309352111618, 42.550925759062608 ], [ -96.491617093917242, 42.518122928037151 ], [ -96.479006999275299, 42.526394000302815 ] ], [ [ -96.482368681066617, 42.510987499678961 ], [ -96.492491069687205, 42.516118187624322 ], [ -96.493059796219001, 42.514813570677198 ], [ -96.482368681066617, 42.510987499678961 ] ], [ [ -96.476448364240326, 42.490668299465042 ], [ -96.476390311403705, 42.493150429978904 ], [ -96.476961803071305, 42.490682573168606 ], [ -96.476448364240326, 42.490668299465042 ] ], [ [ -96.501318999467699, 42.482749000225695 ], [ -96.499748218713805, 42.482971059923699 ], [ -96.522118742868955, 42.499317760409184 ], [ -96.501318999467699, 42.482749000225695 ] ], [ [ -96.611488000534806, 42.506085999612971 ], [ -96.609531372893244, 42.50653782308045 ], [ -96.613730840367751, 42.507547860553302 ], [ -96.611488000534806, 42.506085999612971 ] ], [ [ -96.638203179330702, 42.552348241266024 ], [ -96.628180999997596, 42.516963999417783 ], [ -96.619772049109585, 42.511484976891204 ], [ -96.638203179330702, 42.552348241266024 ] ], [ [ -96.684058999040403, 42.576462000641385 ], [ -96.650381861208885, 42.560774910079182 ], [ -96.702118344046454, 42.596537996337986 ], [ -96.684058999040403, 42.576462000641385 ] ], [ [ -96.709824000115802, 42.605099999494421 ], [ -96.704597305260293, 42.599292719433187 ], [ -96.708257225947975, 42.609417328053986 ], [ -96.709824000115802, 42.605099999494421 ] ], [ [ -96.697164932091979, 42.639967564502157 ], [ -96.702472605447966, 42.62535256079606 ], [ -96.694178154203399, 42.636070364690134 ], [ -96.697164932091979, 42.639967564502157 ] ], [ [ -96.717017561327538, 42.663682122463527 ], [ -96.71486871835431, 42.663057813556705 ], [ -96.715312737942796, 42.66363670927749 ], [ -96.717017561327538, 42.663682122463527 ] ], [ [ -96.806204687123497, 42.704146562921643 ], [ -96.793234999697603, 42.666020999743431 ], [ -96.791416801992511, 42.66604539364716 ], [ -96.806204687123497, 42.704146562921643 ] ], [ [ -96.892250755710251, 42.729518946658288 ], [ -96.806301725037741, 42.704180195556489 ], [ -96.883079957024705, 42.730758631079873 ], [ -96.892250755710251, 42.729518946658288 ] ], [ [ -96.961575999700898, 42.71984099951478 ], [ -96.959191107753909, 42.720449317451624 ], [ -96.961693023442976, 42.720109627592066 ], [ -96.961575999700898, 42.71984099951478 ] ], [ [ -96.978577316443975, 42.758845690309983 ], [ -96.962741002722453, 42.722515171755774 ], [ -96.964976334155395, 42.749776234618196 ], [ -96.978577316443975, 42.758845690309983 ] ], [ [ -96.980897634076598, 42.760392565888566 ], [ -97.130256999462901, 42.771540999076016 ], [ -96.980614991888217, 42.760204143828595 ], [ -96.980897634076598, 42.760392565888566 ] ], [ [ -97.206296181753714, 42.8084111761504 ], [ -97.159852475045312, 42.797670379537543 ], [ -97.164179006948601, 42.801578571487703 ], [ -97.206296181753714, 42.8084111761504 ] ], [ [ -97.210126000269796, 42.809296000118167 ], [ -97.207336080353855, 42.80865144285805 ], [ -97.211252625251433, 42.814393169307152 ], [ -97.210126000269796, 42.809296000118167 ] ], [ [ -97.237782646721001, 42.853259769934319 ], [ -97.289858999735998, 42.855498999570955 ], [ -97.237636028430785, 42.853045102177617 ], [ -97.237782646721001, 42.853259769934319 ] ], [ [ -97.359569000605603, 42.854815999568508 ], [ -97.356208034719074, 42.855629369986772 ], [ -97.359865380165971, 42.854900169239151 ], [ -97.359569000605603, 42.854815999568508 ] ], [ [ -97.407602603667058, 42.868271892048952 ], [ -97.445859533168687, 42.846447543872891 ], [ -97.443755999964097, 42.846018000130172 ], [ -97.407602603667058, 42.868271892048952 ] ], [ [ -97.557894000501605, 42.847532000132823 ], [ -97.539939725306581, 42.851239221149179 ], [ -97.588500794879266, 42.853685775662775 ], [ -97.557894000501605, 42.847532000132823 ] ], [ [ -97.6864770006393, 42.842212000072081 ], [ -97.668207418663485, 42.846169476357346 ], [ -97.693590505671963, 42.842823449910199 ], [ -97.6864770006393, 42.842212000072081 ] ], [ [ -97.779071500726801, 42.860840205834812 ], [ -97.774380999573097, 42.849739999622813 ], [ -97.703219762609805, 42.843650510899359 ], [ -97.779071500726801, 42.860840205834812 ] ], [ [ -97.914850000002104, 42.790520000320278 ], [ -97.885013126065203, 42.834578193269913 ], [ -97.931013690848587, 42.78092606437481 ], [ -97.914850000002104, 42.790520000320278 ] ], [ [ -97.950169999869004, 42.769549999684848 ], [ -97.942168319474106, 42.774302609300868 ], [ -97.994954339139099, 42.764550820373429 ], [ -97.950169999869004, 42.769549999684848 ] ], [ [ -98.056684000386795, 42.770676000415129 ], [ -98.048166306173826, 42.758129037869388 ], [ -98.006194458256388, 42.763293589909821 ], [ -98.056684000386795, 42.770676000415129 ] ], [ [ -97.833248316188389, 41.78459925941462 ], [ -97.855157240264887, 41.790795989894711 ], [ -97.855157011356098, 41.790795791468121 ], [ -97.833248316188389, 41.78459925941462 ] ], [ [ -97.694683088200023, 41.689702030347291 ], [ -97.734853250491199, 41.733086372812039 ], [ -97.806939223831819, 41.776073322636194 ], [ -97.734853505612804, 41.733086013492972 ], [ -97.694683088200023, 41.689702030347291 ] ], [ [ -97.650330814815703, 41.658719445615255 ], [ -97.650330848241978, 41.658719464393677 ], [ -97.646848425095655, 41.652125581374008 ], [ -97.650330814815703, 41.658719445615255 ] ], [ [ -97.5887339324984, 41.579313942314052 ], [ -97.623614016377388, 41.608098823974622 ], [ -97.623614001086096, 41.60809879498035 ], [ -97.5887339324984, 41.579313942314052 ] ], [ [ -97.509316875254299, 41.533693621605565 ], [ -97.53228929668343, 41.532664591251937 ], [ -97.532289023514295, 41.532664365283431 ], [ -97.509316875254299, 41.533693621605565 ] ], [ [ -97.505771733694104, 41.533852054676132 ], [ -97.505771803973815, 41.533852051536314 ], [ -97.493249785941998, 41.528292891145618 ], [ -97.505771733694104, 41.533852054676132 ] ], [ [ -97.445638871180151, 41.507137089527575 ], [ -97.196423536405405, 41.510848642489982 ], [ -97.168313281287112, 41.516444872518655 ], [ -97.324849783220998, 41.526451776544008 ], [ -97.445638871180151, 41.507137089527575 ] ], [ [ -97.166363159950606, 41.516832837102683 ], [ -97.16636364148367, 41.516832741308797 ], [ -97.124582202052409, 41.507681223172504 ], [ -97.166363159950606, 41.516832837102683 ] ], [ [ -96.929376860318797, 41.455804621510303 ], [ -97.000274588415877, 41.41640564143912 ], [ -96.92748627453463, 41.455843323186677 ], [ -96.929377256475803, 41.455804665271984 ], [ -97.028200600441338, 41.452035237287312 ], [ -96.929376860318797, 41.455804621510303 ] ], [ [ -97.036136515120603, 41.414033877191898 ], [ -97.183188779683093, 41.379842925262352 ], [ -97.107904190603705, 41.387644984980199 ], [ -97.036136515120603, 41.414033877191898 ] ], [ [ -97.404309321141696, 40.643648356236277 ], [ -97.29524325249821, 40.667154073464815 ], [ -97.446248203508148, 40.640505006750352 ], [ -97.404309321141696, 40.643648356236277 ] ], [ [ -97.139413617883704, 40.638756464654371 ], [ -97.238874897837619, 40.656906421264047 ], [ -97.106123822909652, 40.628133637882193 ], [ -97.139413617883704, 40.638756464654371 ] ], [ [ -96.862746647569665, 40.550111689591795 ], [ -97.05082656659944, 40.610462045671554 ], [ -96.892616377757804, 40.55564821444684 ], [ -96.862746647569665, 40.550111689591795 ] ], [ [ -96.79479752762083, 40.542258451490845 ], [ -96.854523597001332, 40.548586117177315 ], [ -96.813641260845699, 40.540992599625199 ], [ -96.79479752762083, 40.542258451490845 ] ], [ [ -96.677652265638002, 40.555819889862299 ], [ -96.727074766358186, 40.546784328145726 ], [ -96.663696556164609, 40.550986581033925 ], [ -96.677652265638002, 40.555819889862299 ] ], [ [ -96.612644015524495, 40.533286899230291 ], [ -96.648666543792544, 40.545778771955916 ], [ -96.486945771665503, 40.45567866416031 ], [ -96.612644015524495, 40.533286899230291 ] ], [ [ -96.340975565691593, 40.442015486824481 ], [ -96.408959279469599, 40.465005954870271 ], [ -96.340510346082453, 40.441775674323836 ], [ -96.340975565691593, 40.442015486824481 ] ], [ [ -95.566099576853048, 40.031785263492694 ], [ -95.461776181086506, 40.014414305245772 ], [ -95.351507000797199, 40.030232000730784 ], [ -95.476241001115099, 40.241257000337278 ], [ -95.795519204315823, 40.377795608081023 ], [ -95.566099576853048, 40.031785263492694 ] ], [ [ -95.160566839005696, 39.905770632070976 ], [ -95.199231558820117, 39.90513440328337 ], [ -95.197984876577721, 39.904491273307812 ], [ -95.160566839005696, 39.905770632070976 ] ], [ [ -95.153366690102644, 39.905887795579922 ], [ -95.153337087282679, 39.905837728330148 ], [ -95.149657000048194, 39.90594799987074 ], [ -95.153366690102644, 39.905887795579922 ] ], [ [ -95.137091999166202, 39.878350999819062 ], [ -95.129734881283909, 39.876026798158819 ], [ -95.149657000048194, 39.90594799987074 ], [ -95.137091999166202, 39.878350999819062 ] ], [ [ -95.015135000411902, 39.899643000432235 ], [ -95.038847394472512, 39.865629407607464 ], [ -95.035246000597496, 39.865920999950312 ], [ -95.015135000411902, 39.899643000432235 ] ], [ [ -94.938930373201487, 39.854676778084908 ], [ -94.927897000751699, 39.886112000249916 ], [ -94.937067709080566, 39.870612686876207 ], [ -94.938930373201487, 39.854676778084908 ] ], [ [ -94.932235037865979, 39.846979403386108 ], [ -94.895520846081439, 39.83355371820732 ], [ -94.936511056818205, 39.85065061136919 ], [ -94.932235037865979, 39.846979403386108 ] ], [ [ -94.8786769992861, 39.82652199964285 ], [ -94.88290766327799, 39.828288494137745 ], [ -94.882823354662065, 39.828106995877675 ], [ -94.8786769992861, 39.82652199964285 ] ], [ [ -94.9709650004868, 39.686858000771515 ], [ -94.969579587575041, 39.697442773974892 ], [ -94.97118431578636, 39.686782931506094 ], [ -94.9709650004868, 39.686858000771515 ] ], [ [ -95.110491461504765, 39.55315385486044 ], [ -95.104511999943043, 39.573430416620901 ], [ -95.111661756611511, 39.555889163589967 ], [ -95.110491461504765, 39.55315385486044 ] ], [ [ -95.098450773849265, 39.529831027780439 ], [ -95.054458999909301, 39.502653000454281 ], [ -95.106788482786499, 39.544497531269904 ], [ -95.098450773849265, 39.529831027780439 ] ], [ [ -94.669110000427594, 39.182204000577457 ], [ -94.672160731241007, 39.18168486973817 ], [ -94.668249178849408, 39.180086272350032 ], [ -94.669110000427594, 39.182204000577457 ] ], [ [ -94.648583886092567, 39.155580698473429 ], [ -94.656192653402741, 39.157199280899803 ], [ -94.655787000210495, 39.155680000959592 ], [ -94.648583886092567, 39.155580698473429 ] ], [ [ -94.596294010147972, 39.154847316192878 ], [ -94.621933887218816, 39.157435601315477 ], [ -94.631920319770316, 39.15534937424205 ], [ -94.596294010147972, 39.154847316192878 ] ], [ [ -94.608518999229716, 39.11624400049871 ], [ -94.60851734632962, 39.116240500296733 ], [ -94.608244113509073, 38.988814849385804 ], [ -94.607327296868704, 39.112224209916256 ], [ -94.592096028957812, 39.151672968317207 ], [ -94.608518999229716, 39.11624400049871 ] ], [ [ -94.610414756920662, 38.708633996285663 ], [ -94.610314163165469, 38.708632585096829 ], [ -94.610414756876139, 38.70863400591147 ], [ -94.610414756920662, 38.708633996285663 ] ], [ [ -94.458186592512163, 39.130494648345397 ], [ -94.512671691413601, 39.15044398889443 ], [ -94.59906458662401, 39.115564909537234 ], [ -94.512671815381097, 39.150443285292695 ], [ -94.458186592512163, 39.130494648345397 ] ], [ [ -94.448512598340358, 39.126949081999214 ], [ -94.349945971151357, 39.148895242965793 ], [ -94.400038950186897, 39.16626798594676 ], [ -94.448512598340358, 39.126949081999214 ] ], [ [ -94.178851448453514, 37.551104949919925 ], [ -94.240800873241838, 39.230090328695425 ], [ -94.240800975782633, 39.230090394891519 ], [ -94.236583571162896, 39.112071951919994 ], [ -94.178851448453514, 37.551104949919925 ] ], [ [ -94.141441745662632, 36.498677089313297 ], [ -94.14144190294337, 36.498696317479933 ], [ -94.141454801535829, 36.499048781339347 ], [ -94.141441745662632, 36.498677089313297 ] ], [ [ -94.141442481230271, 36.498649555502304 ], [ -94.151533428968975, 36.30370784175301 ], [ -94.157305007227023, 35.900045545398072 ], [ -94.141442481230271, 36.498649555502304 ] ], [ [ -94.149301037166495, 36.498687464498303 ], [ -94.6179184340685, 36.499413200887673 ], [ -94.149301037166495, 36.498662189974084 ], [ -94.149301037166495, 36.498687464498303 ] ], [ [ -95.386630898507619, 35.876477521629049 ], [ -94.474625861020897, 36.194830527413323 ], [ -94.578484638883893, 36.159577395586851 ], [ -95.386630898507619, 35.876477521629049 ] ], [ [ -95.378766418831304, 35.86722324454162 ], [ -95.387412680270231, 35.876199940437544 ], [ -95.38741306065711, 35.876199805374767 ], [ -95.378766418831304, 35.86722324454162 ] ], [ [ -95.324079959620931, 35.838267027664607 ], [ -95.324011712432196, 35.844265625937119 ], [ -95.324012220025224, 35.844265669550232 ], [ -95.324079959620931, 35.838267027664607 ] ], [ [ -95.296202618283999, 35.79225315231681 ], [ -95.296201990361595, 35.79225350134594 ], [ -95.309989910936721, 35.804101148045035 ], [ -95.296202618283999, 35.79225315231681 ] ], [ [ -95.218178561237906, 35.740657584531881 ], [ -95.218179499174241, 35.740657843841532 ], [ -95.224734558183698, 35.713363119314927 ], [ -95.218178561237906, 35.740657584531881 ] ], [ [ -95.275868793545314, 35.649367400735649 ], [ -95.226785585509035, 35.704888409420782 ], [ -95.276295951587898, 35.650577258510694 ], [ -95.275868793545314, 35.649367400735649 ] ], [ [ -95.246817042922132, 35.602596315545711 ], [ -95.274006175348717, 35.644091347207343 ], [ -95.266122530995304, 35.621751455865628 ], [ -95.246817042922132, 35.602596315545711 ] ], [ [ -95.179642330290932, 35.601424834460701 ], [ -95.237981866664768, 35.593825581608151 ], [ -95.234162718974503, 35.59003344128233 ], [ -95.179642330290932, 35.601424834460701 ] ], [ [ -95.174034042055681, 35.557862986820403 ], [ -95.101997839931826, 35.486779935646901 ], [ -95.128167321260094, 35.522264477245869 ], [ -95.174034042055681, 35.557862986820403 ] ], [ [ -95.149285399354497, 35.366479888788277 ], [ -95.096482426953898, 35.389603970602515 ], [ -95.075026166392703, 35.440819187931716 ], [ -95.096482426953898, 35.389604886022724 ], [ -95.149285399354497, 35.366479888788277 ] ], [ [ -95.147282262367611, 35.351079285993009 ], [ -95.147282156270904, 35.351079385982224 ], [ -95.149285399354497, 35.366479888788277 ], [ -95.147282262367611, 35.351079285993009 ] ], [ [ -95.272291711209007, 35.293373522354614 ], [ -95.378483806732902, 35.313244709651805 ], [ -95.344642024192012, 35.293090319920807 ], [ -95.272291711209007, 35.293372605843523 ], [ -95.242800020431304, 35.260911524268408 ], [ -95.272291711209007, 35.293373522354614 ] ], [ [ -95.671150434722705, 35.222853967427021 ], [ -95.671150434722705, 35.222853050118076 ], [ -95.644136732026169, 35.22790375349836 ], [ -95.671150434722705, 35.222853967427021 ] ], [ [ -96.00562731752062, 35.14696280491804 ], [ -95.907645407996398, 35.142832566031942 ], [ -96.0054225350964, 35.148624444739468 ], [ -96.00562731752062, 35.14696280491804 ] ], [ [ -96.040346255057941, 35.109769985099987 ], [ -96.084888715290603, 35.050252661779936 ], [ -96.068565116417105, 35.055267939172417 ], [ -96.040346255057941, 35.109769985099987 ] ], [ [ -96.145202639093597, 34.985754271909414 ], [ -96.101213572754617, 35.045230212322991 ], [ -96.1730457410534, 34.966043438556795 ], [ -96.145202639093597, 34.985754271909414 ] ], [ [ -96.181328388244509, 34.96017664323918 ], [ -96.17805573000102, 34.962494925586888 ], [ -96.241027742121943, 34.975331077777597 ], [ -96.181328388244509, 34.96017664323918 ] ], [ [ -96.366864181238299, 34.966876843785499 ], [ -96.355397086979252, 35.006495212966101 ], [ -96.356380841872607, 35.006575395836087 ], [ -96.366864181238299, 34.966876843785499 ] ], [ [ -96.424571955090101, 34.903782532736294 ], [ -96.423243358464646, 34.906233575198407 ], [ -96.428082796307606, 34.904613435742412 ], [ -96.424571955090101, 34.903782532736294 ] ], [ [ -96.528578898685495, 34.869579586346894 ], [ -96.525851628168397, 34.872090157779688 ], [ -96.532455862992123, 34.875429968605424 ], [ -96.528578898685495, 34.869579586346894 ] ], [ [ -96.572421044401068, 34.915159037436325 ], [ -96.636780047182924, 34.898778875971466 ], [ -96.5671028251043, 34.913539687167045 ], [ -96.572421044401068, 34.915159037436325 ] ], [ [ -96.725591996173335, 34.85935836601012 ], [ -96.726484493141598, 34.856978210337019 ], [ -96.724664770521784, 34.858104049806443 ], [ -96.725591996173335, 34.85935836601012 ] ], [ [ -96.798201526776964, 34.92998539115171 ], [ -96.799075105463103, 34.906394167267621 ], [ -96.798201493849319, 34.929985359480675 ], [ -96.798201526776964, 34.92998539115171 ] ], [ [ -96.885372515939238, 34.926250749881738 ], [ -96.885391975326016, 34.9262448465349 ], [ -96.849422723937835, 34.935449265247378 ], [ -96.885372515939238, 34.926250749881738 ] ], [ [ -96.929172836861596, 34.964608497939658 ], [ -96.941051117939665, 34.956775343053032 ], [ -96.929172237326668, 34.964607972966846 ], [ -96.929172836861596, 34.964608497939658 ] ], [ [ -97.015921677685, 34.907341739091201 ], [ -97.015919333814878, 34.907343288423064 ], [ -97.01592228540251, 34.90734191138538 ], [ -97.015921677685, 34.907341739091201 ] ], [ [ -97.113993003040505, 34.935094571188415 ], [ -97.028337131768367, 34.910860824372783 ], [ -97.08193282096974, 34.926033588713409 ], [ -97.113993003040505, 34.935094571188415 ] ], [ [ -97.261583958433107, 34.945434457709233 ], [ -97.260764105206974, 34.945692868724528 ], [ -97.261584262459252, 34.945434888001174 ], [ -97.261583958433107, 34.945434457709233 ] ], [ [ -97.273853237374652, 34.962793765823648 ], [ -97.306129279773131, 34.958046097232241 ], [ -97.306129500905399, 34.958045890109275 ], [ -97.273853237374652, 34.962793765823648 ] ], [ [ -97.320443267955042, 34.955937283048513 ], [ -97.328847970718144, 34.958354995345616 ], [ -97.325984181151597, 34.955120532483612 ], [ -97.320443267955042, 34.955937283048513 ] ], [ [ -97.348282612291698, 34.980295842035744 ], [ -97.339220379983715, 34.970067003038494 ], [ -97.33922054532087, 34.970067563560669 ], [ -97.348282612291698, 34.980295842035744 ] ], [ [ -97.422657106523531, 35.146659891921836 ], [ -97.4043756644203, 35.132154890190819 ], [ -97.412627720116561, 35.138703443173199 ], [ -97.422657106523531, 35.146659891921836 ] ], [ [ -97.490603662155493, 35.200495316869215 ], [ -97.5264522199558, 35.201662282405813 ], [ -97.490603486805639, 35.200495178087621 ], [ -97.490603662155493, 35.200495316869215 ] ], [ [ -97.62880959714083, 35.31133865821586 ], [ -97.65808696237319, 35.333717347354849 ], [ -97.658087850734006, 35.333717241151746 ], [ -97.62880959714083, 35.31133865821586 ] ], [ [ -97.735703536450302, 35.324246724350097 ], [ -97.731871597940469, 35.324872308160103 ], [ -97.73187269740059, 35.324872176001229 ], [ -97.735703536450302, 35.324246724350097 ] ], [ [ -97.8963181213051, 35.345219831612305 ], [ -97.942767173266176, 35.377223599052122 ], [ -97.896314812704134, 35.345221475902676 ], [ -97.8963181213051, 35.345219831612305 ] ], [ [ -97.949051717981078, 35.35497529524698 ], [ -97.948408755022911, 35.357252240433233 ], [ -97.949051764195431, 35.354975267531024 ], [ -97.949051717981078, 35.35497529524698 ] ], [ [ -124.517751389476985, 48.156587867811311 ], [ -124.368444425348272, 48.125086945201886 ], [ -124.5520206129857, 48.169229745259159 ], [ -124.517751389476985, 48.156587867811311 ] ], [ [ -124.388319948520021, 48.158748040929844 ], [ -124.382439137675163, 48.154237074733054 ], [ -124.38836429810371, 48.159964413626604 ], [ -124.388319948520021, 48.158748040929844 ] ], [ [ -124.514186541154999, 48.310803341434109 ], [ -124.503491884820647, 48.291307879199749 ], [ -124.480992789042105, 48.373252610437746 ], [ -124.514186541154999, 48.310803341434109 ] ], [ [ -115.71824739049498, 47.453159637292408 ], [ -115.718210111948835, 47.453161823524496 ], [ -115.726340998613566, 47.450073702047682 ], [ -115.71824739049498, 47.453159637292408 ] ], [ [ -115.720697000154999, 47.425535000532228 ], [ -115.720697545432998, 47.425535387063242 ], [ -115.759346999982995, 47.422232999586377 ], [ -115.720697000154999, 47.425535000532228 ] ], [ [ -115.633639514019137, 47.37944650871404 ], [ -115.657680728252004, 47.400649607830033 ], [ -115.657680775417617, 47.400649626473076 ], [ -115.643817999551004, 47.377537000194422 ], [ -115.633639514019137, 47.37944650871404 ] ], [ [ -115.576834598469006, 47.366825622885088 ], [ -115.59519075834433, 47.373956207532217 ], [ -115.576160408919833, 47.361349622779684 ], [ -115.576834598469006, 47.366825622885088 ] ], [ [ -115.551374097529006, 47.350042432445562 ], [ -115.561012970600757, 47.35227030804365 ], [ -115.548577885205177, 47.34361448900011 ], [ -115.551374097529006, 47.350042432445562 ] ], [ [ -115.626722622193569, 47.226898784363591 ], [ -116.111220208537006, 47.126336540732979 ], [ -115.647789835901008, 47.220235659889873 ], [ -115.626722622193569, 47.226898784363591 ] ], [ [ -116.846127543424998, 46.776412914676811 ], [ -116.922909076174804, 46.605288395531254 ], [ -116.846127145471996, 46.776412754722635 ], [ -116.241616952557379, 46.77643397216832 ], [ -116.736439881247009, 46.792953295647287 ], [ -116.846127543424998, 46.776412914676811 ] ], [ [ -115.877255706709235, 46.572643931367921 ], [ -116.035444314847012, 46.70019148244134 ], [ -116.183522725941359, 46.768695795569272 ], [ -116.035444763105986, 46.700191437467701 ], [ -115.877255706709235, 46.572643931367921 ] ], [ [ -115.81678955276206, 46.536296870960513 ], [ -115.742578259965981, 46.49160153595777 ], [ -115.606572905307587, 46.427031011240345 ], [ -115.81678955276206, 46.536296870960513 ] ], [ [ -115.387936280390221, 45.227014138713599 ], [ -115.376358575438999, 45.336132903911903 ], [ -115.394457039469017, 45.772086446180779 ], [ -115.521443965235321, 46.239749447995401 ], [ -115.394457506593014, 45.772086698695702 ], [ -115.387936280390221, 45.227014138713599 ] ], [ [ -116.294444780034993, 45.00477424707811 ], [ -116.842984164870998, 44.954897098549935 ], [ -115.48477386156793, 45.122475935327515 ], [ -116.294444780034993, 45.00477424707811 ] ], [ [ -116.831990000316011, 44.933007000088509 ], [ -116.833673698381745, 44.935301972828533 ], [ -116.847475182836575, 44.898936215315864 ], [ -116.831990000316011, 44.933007000088509 ] ], [ [ -116.852221690762477, 44.888486131457512 ], [ -116.935324562333477, 45.025387231869409 ], [ -116.852252594798998, 44.888418081655864 ], [ -116.852221690762477, 44.888486131457512 ] ], [ [ -116.935975618664415, 45.026450604953723 ], [ -116.991498139217981, 45.061434299779307 ], [ -117.007445701844318, 45.067238343011077 ], [ -116.935975618664415, 45.026450604953723 ] ], [ [ -117.065659510505114, 45.088401116083119 ], [ -117.166312539296015, 45.124903717048724 ], [ -117.242517979049069, 45.142160760336772 ], [ -117.065659510505114, 45.088401116083119 ] ], [ [ -117.181096107486184, 44.88506951965617 ], [ -117.250634780918986, 44.982741335010523 ], [ -117.261401375253783, 45.146429052526592 ], [ -117.250635149228017, 44.982741355978611 ], [ -117.181096107486184, 44.88506951965617 ] ], [ [ -117.12668866665723, 44.84435776649228 ], [ -117.047027058332006, 44.760354173027466 ], [ -117.084046643766996, 44.812604402791209 ], [ -117.12668866665723, 44.84435776649228 ] ], [ [ -117.059900280936958, 44.722242620777358 ], [ -117.059579329997234, 44.723193304473746 ], [ -117.060274570610318, 44.722327005008118 ], [ -117.059900280936958, 44.722242620777358 ] ], [ [ -117.046924389813412, 44.71931641659318 ], [ -117.013035248155006, 44.711667005673988 ], [ -116.848505056214876, 44.708044026849279 ], [ -117.046924389813412, 44.71931641659318 ] ], [ [ -116.180094858837009, 44.76967743498718 ], [ -115.71049380669902, 44.813222735969518 ], [ -115.626240435316291, 44.822654547415105 ], [ -116.121823349026016, 44.798704909511841 ], [ -116.180094919025009, 44.769678139704418 ], [ -116.365192848893997, 44.747917502060595 ], [ -116.432112104512456, 44.732917989193496 ], [ -116.180094858837009, 44.76967743498718 ] ], [ [ -115.514993781152967, 44.835032604272307 ], [ -115.127779139772997, 44.907684568415654 ], [ -114.870725573378849, 44.962244587870941 ], [ -115.514993781152967, 44.835032604272307 ] ], [ [ -114.654750868400981, 45.038728373139556 ], [ -114.709053769569138, 45.019544572006225 ], [ -114.589259189963741, 45.076257314269057 ], [ -114.654750868400981, 45.038728373139556 ] ], [ [ -114.364519295470714, 45.484072128705833 ], [ -114.346254319815017, 45.378640243223302 ], [ -114.349607135860595, 45.324948170141717 ], [ -114.346253825741996, 45.378640768209607 ], [ -114.364519295470714, 45.484072128705833 ] ], [ [ -114.33321741323978, 45.4593158614732 ], [ -114.333217025181, 45.459315561866696 ], [ -114.301899671441774, 45.472078848430122 ], [ -114.33321741323978, 45.4593158614732 ] ], [ [ -114.248120741210997, 45.545877256981505 ], [ -114.201703667586017, 45.53567193513971 ], [ -114.199003583829125, 45.537637069039498 ], [ -114.248120741210997, 45.545877256981505 ] ], [ [ -114.067618882489995, 45.627704431187475 ], [ -114.067618882489995, 45.627706001707097 ], [ -114.073236515597557, 45.616890303821158 ], [ -114.067618882489995, 45.627704431187475 ] ], [ [ -114.019314223875, 45.69293722655803 ], [ -114.019315346769005, 45.69293722655803 ], [ -114.026216203956849, 45.679331484476535 ], [ -114.019314223875, 45.69293722655803 ] ], [ [ -113.937654643191095, 45.693932388497203 ], [ -113.935015164684359, 45.694348858150654 ], [ -113.935015194719, 45.694349030575658 ], [ -113.937654643191095, 45.693932388497203 ] ], [ [ -113.913215211742013, 45.658109560838319 ], [ -113.89531128162443, 45.644208550337694 ], [ -113.895310782055006, 45.644209732411319 ], [ -113.913215211742013, 45.658109560838319 ] ], [ [ -113.861403871655995, 45.623658626593546 ], [ -113.861403871655995, 45.623660197226506 ], [ -113.904691439409007, 45.622006296335393 ], [ -113.861403871655995, 45.623658626593546 ] ], [ [ -113.796670424900441, 45.581640192694117 ], [ -113.796660631851069, 45.581620219820401 ], [ -113.796660043341006, 45.581620591367212 ], [ -113.796670424900441, 45.581640192694117 ] ], [ [ -113.766141591505928, 45.520622040392105 ], [ -113.834547613343005, 45.520810505348138 ], [ -113.806769281378251, 45.575237344451153 ], [ -113.834548736236997, 45.520810505348138 ], [ -113.766141591505928, 45.520622040392105 ] ], [ [ -113.761915954802731, 45.493894344393006 ], [ -113.761124188348376, 45.488739519218626 ], [ -113.667127583953899, 45.626268913097896 ], [ -113.761915954802731, 45.493894344393006 ] ], [ [ -113.784159856645033, 45.454945837436071 ], [ -113.784159986163004, 45.454945702377984 ], [ -113.776034665424746, 45.445775866946889 ], [ -113.784159856645033, 45.454945837436071 ] ], [ [ -113.775872898901838, 45.408053119595913 ], [ -113.75953516714894, 45.427146188265681 ], [ -113.775873027667004, 45.408053173377098 ], [ -113.775872898901838, 45.408053119595913 ] ], [ [ -113.733093049688875, 45.390173439796634 ], [ -113.733094906564062, 45.390141868066685 ], [ -113.733092000138996, 45.390173000871378 ], [ -113.733093049688875, 45.390173439796634 ] ], [ [ -113.736745121651069, 45.328025822217761 ], [ -113.736818770690007, 45.326771441101741 ], [ -113.680329538766429, 45.279205326552635 ], [ -113.736745121651069, 45.328025822217761 ] ], [ [ -113.691955999898994, 45.272571000193665 ], [ -113.681964031599435, 45.278252387660984 ], [ -113.687012424253723, 45.25926811872592 ], [ -113.691955999898994, 45.272571000193665 ] ], [ [ -113.592520140812994, 45.184688985605653 ], [ -113.592519999778006, 45.184688999535098 ], [ -113.684945791707804, 45.253705843390499 ], [ -113.592520140812994, 45.184688985605653 ] ], [ [ -113.58048217807891, 45.153022933401431 ], [ -113.565978091234754, 45.149335592942776 ], [ -113.565977999998992, 45.149335999816437 ], [ -113.58048217807891, 45.153022933401431 ] ], [ [ -113.571681000393994, 45.123894000244881 ], [ -113.570728264172544, 45.128145559681379 ], [ -113.557269951719761, 45.114540820630822 ], [ -113.571681000393994, 45.123894000244881 ] ], [ [ -113.513342000155006, 45.115224999071344 ], [ -113.548502518539436, 45.113252175640433 ], [ -113.51827494593033, 45.099108599114736 ], [ -113.513342000155006, 45.115224999071344 ] ], [ [ -113.520133858270981, 45.09303287955381 ], [ -113.520133895219004, 45.093032758781582 ], [ -113.517767877150533, 45.091030547111217 ], [ -113.520133858270981, 45.09303287955381 ] ], [ [ -113.45666487343955, 45.059849682726743 ], [ -113.451969935226458, 45.059246764756594 ], [ -113.451970000055994, 45.059247000019013 ], [ -113.45666487343955, 45.059849682726743 ] ], [ [ -113.443862000338001, 44.959281999517508 ], [ -113.437778000175996, 45.007708000176876 ], [ -113.448698935241623, 45.047374538108031 ], [ -113.437778595759013, 45.00770777979033 ], [ -113.443862000338001, 44.959281999517508 ] ], [ [ -113.455071164977994, 44.865423541486216 ], [ -113.45507099968799, 44.865424000543321 ], [ -113.47120233257624, 44.893843796072993 ], [ -113.455071164977994, 44.865423541486216 ] ], [ [ -113.424593848593545, 44.844116561626485 ], [ -113.421952526241, 44.837599613929015 ], [ -113.421952240752589, 44.837599596501242 ], [ -113.424593848593545, 44.844116561626485 ] ], [ [ -113.377152999540996, 44.834858000507275 ], [ -113.402836554931994, 44.836431289886427 ], [ -113.368557766862708, 44.828721736584711 ], [ -113.377152999540996, 44.834858000507275 ] ], [ [ -113.354033153396998, 44.791742666073858 ], [ -113.163805908832003, 44.778920927002595 ], [ -113.159905392593913, 44.778187955702322 ], [ -113.246894000002001, 44.822972999981609 ], [ -113.354033153396998, 44.791742666073858 ] ], [ [ -113.131453149010142, 44.772837027544185 ], [ -113.132919987259015, 44.764102593133124 ], [ -113.131453000331007, 44.772836999564682 ], [ -113.131453149010142, 44.772837027544185 ] ], [ [ -113.102129827212011, 44.729031890949294 ], [ -113.102128998965995, 44.729032000081787 ], [ -113.134823822840914, 44.752762872073859 ], [ -113.102129827212011, 44.729031890949294 ] ], [ [ -113.049351000628008, 44.629380999352783 ], [ -113.067762000223993, 44.679473999492309 ], [ -113.094083789184523, 44.695516687876207 ], [ -113.067762530229999, 44.679473455917453 ], [ -113.049351000628008, 44.629380999352783 ] ], [ [ -113.036748000111999, 44.564010999458205 ], [ -113.087850573899075, 44.599242706828491 ], [ -113.036748290889406, 44.564010332763175 ], [ -113.036748000111999, 44.564010999458205 ] ], [ [ -113.036748678143198, 44.564009444866826 ], [ -113.047137211307003, 44.546333430754991 ], [ -113.044877484896929, 44.54536668940095 ], [ -113.036748678143198, 44.564009444866826 ] ], [ [ -113.251086221837014, 44.357987544364363 ], [ -113.152368109476996, 44.358853013533796 ], [ -113.346092649163637, 44.368831042222972 ], [ -113.251086221837014, 44.357987544364363 ] ], [ [ -114.096249590217539, 44.365803840358573 ], [ -113.93133548656894, 44.377224537461665 ], [ -114.067984945968007, 44.371822279749281 ], [ -114.096249590217539, 44.365803840358573 ] ], [ [ -114.330723804403107, 44.103755835228284 ], [ -114.239509266317995, 44.29879704494612 ], [ -114.209490748920828, 44.323427621103576 ], [ -114.239509266317981, 44.298798652273312 ], [ -114.330723804403107, 44.103755835228284 ] ], [ [ -114.340285573159647, 44.043739084820636 ], [ -114.343165866953001, 44.025640709845796 ], [ -114.340636344356824, 44.009318092978766 ], [ -114.340285573159647, 44.043739084820636 ] ], [ [ -114.33846057971104, 43.995272333694487 ], [ -114.334115340465004, 43.96720510758599 ], [ -114.324885563343642, 43.946586097889963 ], [ -114.33846057971104, 43.995272333694487 ] ], [ [ -114.300159022726007, 43.891288746390821 ], [ -114.300163915759327, 43.891298079593987 ], [ -114.300135679526349, 43.891263522934381 ], [ -114.300159022726007, 43.891288746390821 ] ], [ [ -114.080370467948001, 43.771739321607043 ], [ -114.080370467948001, 43.771740943294162 ], [ -114.173332625124999, 43.762751256345801 ], [ -114.080370467948001, 43.771739321607043 ] ], [ [ -114.056789691739993, 43.734461341354091 ], [ -113.885128378309005, 43.707089916933072 ], [ -114.061175716115017, 43.758994746662111 ], [ -114.056789691739993, 43.734461341354091 ] ], [ [ -113.457346148434993, 43.203731827058689 ], [ -113.344064314145953, 43.052641047738291 ], [ -113.350673454233998, 43.066471722049698 ], [ -113.457346148434993, 43.203731827058689 ] ], [ [ -113.333776746350935, 43.03110156412469 ], [ -113.299669358190002, 42.894052923612513 ], [ -113.327640650350006, 43.018247729403797 ], [ -113.333776746350935, 43.03110156412469 ] ], [ [ -113.363218427177003, 42.378854240957473 ], [ -113.339574768898999, 42.461673547909697 ], [ -113.265544606334998, 42.50041537191575 ], [ -113.339574768898999, 42.461675204692874 ], [ -113.363218427177003, 42.378854240957473 ] ], [ [ -113.347416885204197, 42.249897219217061 ], [ -113.347417061328997, 42.249896215919541 ], [ -113.329028547462997, 42.181019670603973 ], [ -113.347416885204197, 42.249897219217061 ] ], [ [ -113.362546936502, 42.105172053473339 ], [ -113.34338811728, 42.128266163792489 ], [ -113.452744528392003, 42.064362396253088 ], [ -113.362546936502, 42.105172053473339 ] ], [ [ -113.571105001557257, 41.999343850995018 ], [ -113.571328883261003, 41.998751989749543 ], [ -113.570495807997744, 41.998731957264468 ], [ -113.571105001557257, 41.999343850995018 ] ], [ [ -113.315124872653996, 41.902711695461917 ], [ -113.34889236657628, 41.948402873546314 ], [ -112.779850235881995, 41.362049847957998 ], [ -113.315124872653996, 41.902711695461917 ] ], [ [ -112.437623553666995, 40.978558081421298 ], [ -112.235783754243869, 40.795238055230548 ], [ -112.779850235881995, 41.362049847957998 ], [ -112.437623553666995, 40.978558081421298 ] ], [ [ -112.251155758566014, 40.695859601318709 ], [ -112.356230084354664, 40.665336472753985 ], [ -112.207282722285044, 40.73591016949247 ], [ -112.251155758566014, 40.695859601318709 ] ], [ [ -112.434607367035426, 40.6991226316443 ], [ -112.432962556259184, 40.711638844776736 ], [ -112.43460746010102, 40.699122774653922 ], [ -112.434607367035426, 40.6991226316443 ] ], [ [ -112.477385233929994, 40.724425031750656 ], [ -112.477385233929994, 40.724423755262187 ], [ -112.429671217614001, 40.736671386719493 ], [ -112.477385233929994, 40.724425031750656 ] ], [ [ -114.898615025514388, 40.745825328520212 ], [ -114.043766365908994, 40.750387571697452 ], [ -114.043766139116173, 40.750379128127825 ], [ -114.043766365908994, 40.750388847687994 ], [ -114.898615025514388, 40.745825328520212 ] ], [ [ -114.898618166997906, 40.745823147838173 ], [ -114.947974598292006, 40.711536355915214 ], [ -114.979231979811971, 40.678902570133587 ], [ -114.898618166997906, 40.745823147838173 ] ], [ [ -115.025441002913652, 40.528006266298576 ], [ -114.987462292394, 40.58759447848643 ], [ -114.984722260352342, 40.618031814114907 ], [ -114.987462292394, 40.58759490485609 ], [ -115.025441002913652, 40.528006266298576 ] ], [ [ -115.068082720461021, 40.226836057393093 ], [ -115.066444116772317, 40.306121045373992 ], [ -115.068077808845032, 40.226829264894285 ], [ -115.068082720461021, 40.226836057393093 ] ], [ [ -114.831157678745001, 40.024536515812876 ], [ -114.816348278787899, 40.020768269539296 ], [ -114.831157678745001, 40.024536945751755 ], [ -114.908486904190013, 40.089208180943011 ], [ -114.998919396659161, 40.143958327164178 ], [ -114.831157678745001, 40.024536515812876 ] ], [ [ -114.745190757212313, 39.970057950060038 ], [ -114.732398719585746, 39.946268516382993 ], [ -114.730793403627018, 39.95508242360571 ], [ -114.745190757212313, 39.970057950060038 ] ], [ [ -114.73901949033116, 39.909894794225387 ], [ -114.739019725841004, 39.909894361032684 ], [ -114.739019648194343, 39.909893926507685 ], [ -114.73901949033116, 39.909894794225387 ] ], [ [ -114.727502201005009, 39.845388990274394 ], [ -114.737631369761502, 39.902124029388489 ], [ -114.749407536730729, 39.801371975776114 ], [ -114.727502201005009, 39.845388990274394 ] ], [ [ -114.760408612755995, 39.589570083532962 ], [ -114.780152459806985, 39.671523726279979 ], [ -114.769455606978468, 39.727094219385592 ], [ -114.780153582701004, 39.671522429814118 ], [ -114.760408612755995, 39.589570083532962 ] ], [ [ -114.761455890421104, 39.580634740365007 ], [ -114.751634318217995, 39.424612724792581 ], [ -114.724550948882609, 39.490346066795162 ], [ -114.761455890421104, 39.580634740365007 ] ], [ [ -114.720878334577336, 39.17804339052627 ], [ -114.751634318217995, 38.899412493536971 ], [ -114.718726783573018, 39.160731836345555 ], [ -114.720878334577336, 39.17804339052627 ] ], [ [ -114.690757950434801, 38.745296626117643 ], [ -114.702274139143995, 38.704042994845437 ], [ -114.690757737201992, 38.745295637955586 ], [ -114.690757950434801, 38.745296626117643 ] ], [ [ -114.690757801871712, 38.610513727125003 ], [ -114.690757737201992, 38.610514956111629 ], [ -114.702274139143995, 38.704042994845437 ], [ -114.690757801871712, 38.610513727125003 ] ], [ [ -114.646333800614002, 38.48230725400969 ], [ -114.646340637833347, 38.482303560972056 ], [ -114.566678722176206, 38.471378319229089 ], [ -114.646333800614002, 38.48230725400969 ] ], [ [ -114.057704046905528, 38.403909368431513 ], [ -114.228424055711997, 38.414337184463548 ], [ -114.290946799487003, 38.439620838496772 ], [ -114.344169937473822, 38.450051297127281 ], [ -114.057704046905528, 38.403909368431513 ] ], [ [ -114.050267692821478, 38.4466804451163 ], [ -114.05038455551194, 38.480832299091766 ], [ -114.050384703763996, 38.480832273732304 ], [ -114.050267692821478, 38.4466804451163 ] ], [ [ -114.010941925427005, 38.487572283065212 ], [ -114.018943612369242, 38.486206069912079 ], [ -113.985860950867448, 38.503886214867769 ], [ -114.010941925427005, 38.487572283065212 ] ], [ [ -113.827479037394525, 38.706975236194225 ], [ -113.815697449730592, 38.710381589309335 ], [ -113.815697590000013, 38.710381804112565 ], [ -113.827479037394525, 38.706975236194225 ] ], [ [ -113.786231048228615, 38.66522650730883 ], [ -113.767434309582995, 38.636388438796899 ], [ -113.76743413321762, 38.636388829627336 ], [ -113.786231048228615, 38.66522650730883 ] ], [ [ -113.676393549983999, 38.7622219210186 ], [ -113.676393593103001, 38.762222562641995 ], [ -113.718923531519948, 38.743284881656564 ], [ -113.676393549983999, 38.7622219210186 ] ], [ [ -113.534895461125004, 38.607868559874689 ], [ -113.596465834780616, 38.668112311525825 ], [ -113.468282010654448, 38.586221894868004 ], [ -113.534895461125004, 38.607868559874689 ] ], [ [ -113.197481324923984, 38.657398520759465 ], [ -113.334169156677007, 38.586750050791203 ], [ -113.399402732168639, 38.583208903178623 ], [ -113.334168045460999, 38.586749350014109 ], [ -113.197481324923984, 38.657398520759465 ] ], [ [ -112.672751441995004, 38.62899324134424 ], [ -112.480648363621, 38.543235681052266 ], [ -112.540029250268006, 38.584638209263602 ], [ -112.672750841921001, 38.628993136078876 ], [ -112.843864183028018, 38.728362947495704 ], [ -112.848019779888958, 38.729651231124983 ], [ -112.672751441995004, 38.62899324134424 ] ], [ [ -112.430041622934567, 38.491739878152487 ], [ -112.329428215058996, 38.156196860390452 ], [ -112.382078473861995, 38.42328450356159 ], [ -112.430041622934567, 38.491739878152487 ] ], [ [ -112.3458828380694, 38.132058301987364 ], [ -112.412609735448399, 38.113724853516402 ], [ -112.345883105276002, 38.132057909854339 ], [ -112.3458828380694, 38.132058301987364 ] ], [ [ -112.610619047871197, 38.039621311335928 ], [ -112.615713858058001, 38.036634382016601 ], [ -112.615713890462558, 38.036634308292655 ], [ -112.610619047871197, 38.039621311335928 ] ], [ [ -112.774760968082006, 37.643641079982544 ], [ -112.620100583118003, 37.832564717311861 ], [ -112.623219002900456, 38.019555131586927 ], [ -112.620101365550994, 37.832564407262367 ], [ -112.774760968082006, 37.643641079982544 ] ], [ [ -112.791246976121244, 37.539301851492738 ], [ -112.794504746860994, 37.518648162594509 ], [ -112.792003294219697, 37.509863176285641 ], [ -112.791246976121244, 37.539301851492738 ] ], [ [ -112.775857224443996, 37.453109429183549 ], [ -112.775860188455169, 37.453117490859398 ], [ -112.77585579403106, 37.453108299570161 ], [ -112.775857224443996, 37.453109429183549 ] ], [ [ -112.737478168518038, 37.435364969277977 ], [ -112.730885903030995, 37.432315049414278 ], [ -112.666190666731609, 37.427119038331774 ], [ -112.737478168518038, 37.435364969277977 ] ], [ [ -112.461875374071312, 37.457629009829489 ], [ -112.435828122090314, 37.448950629705443 ], [ -112.453375512174006, 37.458307957024658 ], [ -112.461875374071312, 37.457629009829489 ] ], [ [ -112.435824549754827, 37.44894411100158 ], [ -112.423909366533636, 37.403785250875423 ], [ -112.421566167962993, 37.413605934491507 ], [ -112.435824549754827, 37.44894411100158 ] ], [ [ -112.400726041194005, 37.31285836045268 ], [ -112.400725253372002, 37.31285914064722 ], [ -112.436922759240716, 37.349195582667868 ], [ -112.400726041194005, 37.31285836045268 ] ], [ [ -112.440212947473995, 37.196697779343651 ], [ -112.43114091758207, 37.217259694701987 ], [ -112.427471505635708, 37.176817190821382 ], [ -112.440212947473995, 37.196697779343651 ] ], [ [ -112.377855333681467, 37.001008502219918 ], [ -112.556570618603004, 37.000719615889587 ], [ -112.377735382595063, 36.999987330467626 ], [ -112.377855333681467, 37.001008502219918 ] ], [ [ -112.377107262147888, 36.994639528626834 ], [ -112.3853627800749, 36.938545895440861 ], [ -112.373205364642999, 36.961401364634838 ], [ -112.377107262147888, 36.994639528626834 ] ], [ [ -112.42813863111094, 36.657591630820143 ], [ -112.363972929310009, 36.834289629274615 ], [ -112.373281272758007, 36.879692439863568 ], [ -112.42813863111094, 36.657591630820143 ] ], [ [ -112.461058177649434, 36.649066814511869 ], [ -112.428141835842993, 36.657583784620506 ], [ -112.428141623705386, 36.657584304000643 ], [ -112.461058177649434, 36.649066814511869 ] ], [ [ -112.623830890253672, 36.620280843702965 ], [ -112.623831367342007, 36.620280671436305 ], [ -112.625423420829435, 36.603611518577466 ], [ -112.623830890253672, 36.620280843702965 ] ], [ [ -112.65988921284, 36.5432660979098 ], [ -112.641440146923259, 36.562857518873592 ], [ -112.643045729285888, 36.495938543591926 ], [ -112.65988921284, 36.5432660979098 ] ], [ [ -112.640458549058621, 36.488663641585262 ], [ -112.644583488647001, 36.442830025212935 ], [ -112.621688355383, 36.484750923479773 ], [ -112.640458549058621, 36.488663641585262 ] ], [ [ -112.640384048912296, 36.43529720054299 ], [ -112.628839627559131, 36.414580475251938 ], [ -112.628513305753998, 36.427104055292524 ], [ -112.640384048912296, 36.43529720054299 ] ], [ [ -112.629438570497001, 36.391583152635704 ], [ -112.62923116669856, 36.399548361509574 ], [ -112.541158881738014, 36.4000956956002 ], [ -112.629438570497001, 36.391583152635704 ] ], [ [ -112.6645168451345, 36.351875735584699 ], [ -112.677967985337816, 36.342955382544282 ], [ -112.667886464657002, 36.346866608408909 ], [ -112.6645168451345, 36.351875735584699 ] ], [ [ -112.68149594121202, 36.341586378436801 ], [ -112.692364353304995, 36.355161917001709 ], [ -112.696063821298694, 36.354168933244999 ], [ -112.68149594121202, 36.341586378436801 ] ], [ [ -112.723379864614714, 36.319431118393666 ], [ -112.738500124628786, 36.322129542416249 ], [ -112.723379891334019, 36.319430474219793 ], [ -112.723379864614714, 36.319431118393666 ] ], [ [ -112.869114656956, 36.282372604836077 ], [ -112.869113579876, 36.282372295627844 ], [ -112.791999950098997, 36.285149328024005 ], [ -112.774203559750163, 36.303971872610234 ], [ -112.869114656956, 36.282372604836077 ] ], [ [ -112.923769327550019, 36.257675172158109 ], [ -112.911251251001886, 36.256626438395557 ], [ -112.923779438034515, 36.257665479035666 ], [ -112.923769327550019, 36.257675172158109 ] ], [ [ -112.94106879174997, 36.241084849919943 ], [ -112.945752658800501, 36.240012620428693 ], [ -112.941955720476997, 36.240234009524123 ], [ -112.94106879174997, 36.241084849919943 ] ], [ [ -113.012538710933669, 36.236098568420118 ], [ -113.018474434669002, 36.236980353151708 ], [ -113.020668483286542, 36.235619539844798 ], [ -113.012538710933669, 36.236098568420118 ] ], [ [ -113.198383005552003, 36.152030574986497 ], [ -113.222762819903835, 36.093500272250118 ], [ -113.124954086534657, 36.170834682895176 ], [ -113.198383005552003, 36.152030574986497 ] ], [ [ -113.340079265509331, 35.985972304819533 ], [ -113.351688550505003, 36.034813762175837 ], [ -113.30905414757801, 36.097383768832458 ], [ -113.354051985679007, 36.040987398626697 ], [ -113.340079265509331, 35.985972304819533 ] ], [ [ -113.335123000422001, 35.914960279500093 ], [ -113.315993992691006, 35.967232130734082 ], [ -113.337566561779965, 35.983578932222407 ], [ -113.335123000422001, 35.914960279500093 ] ], [ [ -113.383825779795004, 35.75449220441768 ], [ -113.337070715045002, 35.79453018865108 ], [ -113.309603570585736, 35.886512874493519 ], [ -113.337070678214005, 35.794530495409013 ], [ -113.383825779795004, 35.75449220441768 ] ], [ [ -113.628652717430214, 35.822786798854906 ], [ -113.604373594757533, 35.848058006057954 ], [ -113.606029220753001, 35.849505438139886 ], [ -113.628652717430214, 35.822786798854906 ] ], [ [ -113.714317240254672, 35.925946289349788 ], [ -113.714399792825006, 35.929786235252671 ], [ -113.727309005271465, 35.935182760944166 ], [ -113.714317240254672, 35.925946289349788 ] ], [ [ -113.748280496843392, 35.966959578598349 ], [ -113.748582100638998, 35.967892514200052 ], [ -113.750477456074123, 35.968245155157902 ], [ -113.748280496843392, 35.966959578598349 ] ], [ [ -113.774330603942971, 35.993820668027226 ], [ -113.782414370919, 36.025133493393497 ], [ -113.783198588196584, 36.025791405657451 ], [ -113.774330603942971, 35.993820668027226 ] ], [ [ -113.796604688395178, 36.037035724005648 ], [ -113.810313964043999, 36.048529226354709 ], [ -113.838501239386261, 36.049412962837316 ], [ -113.796604688395178, 36.037035724005648 ] ], [ [ -113.843015205204949, 36.050745369311635 ], [ -113.844614887860743, 36.113435506591316 ], [ -113.843015435774433, 36.050745437364192 ], [ -113.843015205204949, 36.050745369311635 ] ], [ [ -113.877124780686529, 36.061791239350001 ], [ -113.861616097877686, 36.056233562800749 ], [ -113.87712493144312, 36.061791411351564 ], [ -113.877124780686529, 36.061791239350001 ] ], [ [ -113.897284268445006, 36.091851095535084 ], [ -113.897284542430995, 36.091851091905582 ], [ -113.894232874891401, 36.081303851697406 ], [ -113.897284268445006, 36.091851095535084 ] ], [ [ -113.934108665240004, 36.132197223218384 ], [ -113.92411651272694, 36.101224290302127 ], [ -113.985759901192395, 36.127369966492935 ], [ -113.934108665240004, 36.132197223218384 ] ], [ [ -114.007386105804528, 36.197503268752818 ], [ -114.007386281243001, 36.197503476575598 ], [ -114.007392773513786, 36.197501466192776 ], [ -114.007386105804528, 36.197503268752818 ] ], [ [ -114.096993792280998, 36.120822970704815 ], [ -114.096982433982006, 36.120815627255382 ], [ -114.096768136668729, 36.121258751588442 ], [ -114.096993792280998, 36.120822970704815 ] ], [ [ -114.222225112107694, 36.014802051535625 ], [ -114.237390849718338, 36.015127465518361 ], [ -114.233431416920993, 36.012829643981306 ], [ -114.222225112107694, 36.014802051535625 ] ], [ [ -114.306957133232999, 36.055454856437059 ], [ -114.250552519727691, 36.022763749233874 ], [ -114.270862154075004, 36.045522902417503 ], [ -114.306957133232999, 36.055454856437059 ] ], [ [ -114.373507058906497, 36.143504175308088 ], [ -114.373745080671, 36.143722102419673 ], [ -114.395839969631311, 36.145313956642795 ], [ -114.373507058906497, 36.143504175308088 ] ], [ [ -114.445030363629996, 36.125340649572095 ], [ -114.412001024731069, 36.146475667006975 ], [ -114.412491103215999, 36.146510860723026 ], [ -114.445030363629996, 36.125340649572095 ] ], [ [ -114.501786358065004, 36.126550647656714 ], [ -114.462591958870661, 36.1396374459407 ], [ -114.501788734867574, 36.126559378593271 ], [ -114.501786358065004, 36.126550647656714 ] ], [ [ -114.571089789522006, 36.151098880059664 ], [ -114.571078342289994, 36.151093653859917 ], [ -114.508103851928993, 36.149712981956633 ], [ -114.571089789522006, 36.151098880059664 ] ], [ [ -114.630465199978033, 36.142210792800135 ], [ -114.630474044273001, 36.142218190146401 ], [ -114.63058527134551, 36.142133118216009 ], [ -114.630465199978033, 36.142210792800135 ] ], [ [ -114.7120270116136, 36.40766478617352 ], [ -114.735759999288007, 36.104052999900219 ], [ -114.735935378742255, 36.103876937660068 ], [ -114.681268320816002, 36.109320661677913 ], [ -114.673235316889134, 36.114524651747132 ], [ -114.7120270116136, 36.40766478617352 ] ], [ [ -114.747222493625955, 36.074132533837272 ], [ -114.736254386435007, 36.05806818926736 ], [ -114.736011318260012, 36.05905767051857 ], [ -114.747222493625955, 36.074132533837272 ] ], [ [ -114.740879787662408, 36.039233963227375 ], [ -114.740535999396002, 35.975545000787925 ], [ -114.734729057157196, 35.963803511893666 ], [ -114.722084324084008, 36.028946674740922 ], [ -114.740879787662408, 36.039233963227375 ] ], [ [ -114.718193288956826, 35.93034657116312 ], [ -114.708112000020009, 35.90993299978652 ], [ -114.661991123419142, 35.871528930570669 ], [ -114.718193288956826, 35.93034657116312 ] ], [ [ -114.661685356344265, 35.871208604796962 ], [ -114.668665974181181, 35.86775790793326 ], [ -114.661624347559993, 35.871144690732464 ], [ -114.661685356344265, 35.871208604796962 ] ], [ [ -114.695277000597983, 35.831090999834529 ], [ -114.695265349447993, 35.831085693398521 ], [ -114.70490661332056, 35.849831461053249 ], [ -114.695277000597983, 35.831090999834529 ] ], [ [ -114.697971033031493, 35.740830436686238 ], [ -114.705597000194004, 35.708274000304705 ], [ -114.704916133884339, 35.707655797310579 ], [ -114.697971033031493, 35.740830436686238 ] ], [ [ -114.681280427000573, 35.684667242072749 ], [ -114.685254235471348, 35.666972059282337 ], [ -114.680619367972994, 35.684040711354029 ], [ -114.681280427000573, 35.684667242072749 ] ], [ [ -114.688926344828658, 35.650612668132894 ], [ -114.689000999917013, 35.650280000426015 ], [ -114.687327241228459, 35.648364869720282 ], [ -114.688926344828658, 35.650612668132894 ] ], [ [ -114.655203686307914, 35.603176445846564 ], [ -114.656365414401662, 35.598656303843462 ], [ -114.65379901083098, 35.60119901815893 ], [ -114.655203686307914, 35.603176445846564 ] ], [ [ -114.2502141672839, 35.25956871707178 ], [ -114.238298264552, 35.250719724849574 ], [ -114.20196443134121, 35.240722205304991 ], [ -114.2502141672839, 35.25956871707178 ] ], [ [ -113.339133654772013, 34.631812555776669 ], [ -113.339134409933564, 34.631811999956923 ], [ -113.339131605866129, 34.631812663185158 ], [ -113.339133654772013, 34.631812555776669 ] ], [ [ -113.444158880063995, 34.554382889532846 ], [ -113.372147595574191, 34.607500749243982 ], [ -113.456597184525265, 34.533188463962787 ], [ -113.444158880063995, 34.554382889532846 ] ], [ [ -113.390686855915007, 34.34027122107738 ], [ -113.379306609538133, 34.295000623922576 ], [ -113.450004931491407, 34.393151452662515 ], [ -113.390686855915007, 34.34027122107738 ] ], [ [ -113.395381243492864, 34.14632434176216 ], [ -113.425442972783401, 34.017422697447692 ], [ -113.398960146543985, 34.113141115259197 ], [ -113.395381243492864, 34.14632434176216 ] ], [ [ -113.737071351795009, 33.084271891297448 ], [ -113.776345116582689, 32.79542293763825 ], [ -113.737070298969002, 33.084271913877608 ], [ -113.564313040892003, 33.511320162126516 ], [ -113.564310400153317, 33.511329853493706 ], [ -113.737071351795009, 33.084271891297448 ] ], [ [ -114.155285350297518, 32.708553779847328 ], [ -114.156238500938997, 32.708803077236411 ], [ -114.209772493570995, 32.673369151624797 ], [ -114.155285350297518, 32.708553779847328 ] ], [ [ -114.267875335322017, 32.678358705548177 ], [ -114.272184073887914, 32.679855587787337 ], [ -114.268179614855001, 32.678215286237609 ], [ -114.267875335322017, 32.678358705548177 ] ], [ [ -114.345436247955789, 32.746970218404371 ], [ -114.303811830907563, 32.692803424030686 ], [ -114.345420530683583, 32.747140782933414 ], [ -114.345436247955789, 32.746970218404371 ] ], [ [ -123.347516141618001, 41.679994986422876 ], [ -123.036625036120356, 41.425527456366389 ], [ -122.663521942607233, 41.501744913870603 ], [ -122.852805492948008, 42.003360707305696 ], [ -123.008451570526006, 42.00313782295337 ], [ -122.866287960297001, 42.003316130097168 ], [ -123.114964881138008, 41.865400060858782 ], [ -123.254524852799065, 41.923276683658536 ], [ -123.363642119083011, 41.803304838625422 ], [ -123.371320255174993, 41.854690311613659 ], [ -123.318798685022742, 42.000181248199375 ], [ -123.326510430191604, 42.000128211813028 ], [ -123.371647135938005, 41.854689983754405 ], [ -123.347516141618001, 41.679994986422876 ] ], [ [ -122.686748797387054, 41.247464712239434 ], [ -122.829463205074006, 41.288075806119295 ], [ -122.943107980582667, 41.352366985438223 ], [ -122.829790093921019, 41.288076055192626 ], [ -122.686748797387054, 41.247464712239434 ] ], [ [ -122.559085207924667, 41.244190760193774 ], [ -122.556763258313239, 41.245104419525454 ], [ -122.56388096122221, 41.24431605617319 ], [ -122.559085207924667, 41.244190760193774 ] ], [ [ -120.322026102991998, 41.672656779695572 ], [ -120.272654779302087, 41.632685806167281 ], [ -120.279522792351173, 41.647820424832922 ], [ -120.322026102991998, 41.672656779695572 ] ], [ [ -120.227039815947919, 41.886129623235334 ], [ -120.232351108371375, 41.878241137831509 ], [ -120.232351266002269, 41.87824083880588 ], [ -120.227039815947919, 41.886129623235334 ] ], [ [ -120.202131744860552, 41.935518669292101 ], [ -120.20411164878, 41.920161390815295 ], [ -120.201000818929842, 41.937660333010825 ], [ -120.202131744860552, 41.935518669292101 ] ], [ [ -120.199151131775139, 41.94806111720824 ], [ -120.190758192081987, 41.995216994854985 ], [ -120.210988104365498, 41.995100278816928 ], [ -120.194521010228002, 41.994486771959792 ], [ -120.199151131775139, 41.94806111720824 ] ], [ [ -120.219578392184005, 42.219410022040812 ], [ -120.219578392184005, 42.219410853630393 ], [ -120.221155747764854, 42.225552797773908 ], [ -120.219578392184005, 42.219410022040812 ] ], [ [ -118.902277315668101, 43.477740672165211 ], [ -118.901936827790536, 43.477394405815112 ], [ -118.902277211019168, 43.47774075038965 ], [ -118.902277315668101, 43.477740672165211 ] ], [ [ -118.474403745038913, 44.201638048598163 ], [ -118.473766949269518, 44.202923236950667 ], [ -118.473767172338356, 44.202923345654312 ], [ -118.474403745038913, 44.201638048598163 ] ], [ [ -118.363830526073158, 44.502016433541371 ], [ -118.445928974701005, 44.372156989447404 ], [ -118.450865139709933, 44.33757761559044 ], [ -118.445928974701005, 44.37215618678853 ], [ -118.371889828983996, 44.47255003563555 ], [ -118.363830526073158, 44.502016433541371 ] ], [ [ -118.352144859039015, 44.590472270700339 ], [ -118.352145943044661, 44.590472851688062 ], [ -118.349990264220111, 44.578349214602881 ], [ -118.352144859039015, 44.590472270700339 ] ], [ [ -118.37595427752612, 44.603228904722982 ], [ -118.472254104102021, 44.654735840780987 ], [ -118.501869313232007, 44.686023450093685 ], [ -118.472254104102021, 44.65473504200471 ], [ -118.37595427752612, 44.603228904722982 ] ], [ [ -118.291269400917017, 44.774763292356006 ], [ -118.291268278022997, 44.774763292356042 ], [ -118.293978950486604, 44.799283830984329 ], [ -118.291269400917017, 44.774763292356006 ] ], [ [ -118.29668848786801, 44.823787740151538 ], [ -118.25633782669, 44.760360645635586 ], [ -118.295409511482006, 44.823495444378032 ], [ -119.572585897997001, 45.116145256484153 ], [ -118.29668848786801, 44.823787740151538 ] ], [ [ -118.256332796622999, 44.7603527314728 ], [ -118.221713307869607, 44.732284127003979 ], [ -118.256333693979627, 44.760354143348067 ], [ -118.256332796622999, 44.7603527314728 ] ], [ [ -117.984516568247656, 44.62204570369439 ], [ -118.003366089720998, 44.638617491379925 ], [ -118.003366995227736, 44.638617300331362 ], [ -117.984516568247656, 44.62204570369439 ] ], [ [ -117.902590835360002, 44.573505787644692 ], [ -117.90258971246601, 44.573504187855988 ], [ -117.825871805180427, 44.57962272701667 ], [ -117.902590835360002, 44.573505787644692 ] ], [ [ -117.736002757497005, 44.601712017644822 ], [ -117.736001634602985, 44.601711218138533 ], [ -117.695586278015043, 44.657467719357179 ], [ -117.736002757497005, 44.601712017644822 ] ], [ [ -117.302050224515, 44.675548214285158 ], [ -117.268876099454005, 44.665299654561764 ], [ -117.406910973324159, 44.73205735117088 ], [ -117.302050224515, 44.675548214285158 ] ], [ [ -117.156029075080994, 44.660338186887273 ], [ -117.223368341682075, 44.651222760300733 ], [ -117.090228330402255, 44.702954450657018 ], [ -117.156029075080994, 44.660338186887273 ] ], [ [ -124.204032815567018, 41.944076149035439 ], [ -124.20473854564743, 41.940007782321125 ], [ -124.195450497987977, 41.926655777884655 ], [ -124.204032815567018, 41.944076149035439 ] ], [ [ -121.576344580420994, 38.317707442516884 ], [ -121.57287410362197, 38.327049159055157 ], [ -121.633128297764003, 38.285549910853291 ], [ -121.576344580420994, 38.317707442516884 ] ], [ [ -121.509776981635994, 38.252555049945563 ], [ -121.51120472565546, 38.253881800609207 ], [ -121.509799676931593, 38.252503493065575 ], [ -121.509776981635994, 38.252555049945563 ] ], [ [ -121.481979065007238, 38.196563057418146 ], [ -121.524507605729042, 38.219075186468643 ], [ -121.524507641904009, 38.219075105053072 ], [ -121.481979065007238, 38.196563057418146 ] ], [ [ -121.421951207326956, 38.14028073768737 ], [ -121.429902101268937, 38.143607323659076 ], [ -121.429902033982017, 38.143607240976031 ], [ -121.421951207326956, 38.14028073768737 ] ], [ [ -121.241926874818006, 38.148950892154289 ], [ -121.246467997246526, 38.146932692771806 ], [ -121.241926854866605, 38.148950886222636 ], [ -121.241926874818006, 38.148950892154289 ] ], [ [ -121.22323349969399, 38.143391300861147 ], [ -121.218901296465532, 38.148321818073008 ], [ -121.237741865093, 38.147706578096944 ], [ -121.22323349969399, 38.143391300861147 ] ], [ [ -121.16590189087502, 38.177840851231288 ], [ -121.165901966586844, 38.177840761364855 ], [ -121.156012764440874, 38.177486369982333 ], [ -121.16590189087502, 38.177840851231288 ] ], [ [ -121.030882187741, 38.226588880431009 ], [ -121.000805820457472, 38.222429822692405 ], [ -121.073446492549039, 38.207087140354396 ], [ -121.030882187741, 38.226588880431009 ] ], [ [ -120.757080430284446, 38.288771982035414 ], [ -120.817680077033017, 38.283540069708501 ], [ -120.892182978015995, 38.221611067253178 ], [ -120.914019899679005, 38.229682935128842 ], [ -120.929127747202358, 38.226677158439117 ], [ -120.89218302383, 38.221610866117892 ], [ -120.757080430284446, 38.288771982035414 ] ], [ [ -120.738266026206006, 38.30775165056307 ], [ -120.634792255197752, 38.339011017922552 ], [ -120.750876348539791, 38.295031964565716 ], [ -120.738266026206006, 38.30775165056307 ] ], [ [ -120.496231427341002, 38.449287459788913 ], [ -120.496231380628018, 38.449287288129092 ], [ -120.477612484695427, 38.447620597175003 ], [ -120.496231427341002, 38.449287459788913 ] ], [ [ -120.424226191394013, 38.472286281132639 ], [ -120.41729177112731, 38.470495575988977 ], [ -120.452117233395072, 38.452686244798386 ], [ -120.424226191394013, 38.472286281132639 ] ], [ [ -119.856736886961997, 38.462315868907375 ], [ -119.927485563081987, 38.505015326561626 ], [ -120.013041672189019, 38.530330454521625 ], [ -120.064046329679996, 38.530330454521625 ], [ -120.308112297105936, 38.461884637948536 ], [ -120.06404656773401, 38.530330275324822 ], [ -119.856736886961997, 38.462315868907375 ] ], [ [ -119.76953558119375, 38.440185355443361 ], [ -119.764192565973545, 38.436119358379585 ], [ -119.805732401049013, 38.487616229936144 ], [ -119.76953558119375, 38.440185355443361 ] ], [ [ -119.976844619261996, 38.611080900197116 ], [ -120.011396632325003, 38.663378540555328 ], [ -119.805732401049013, 38.487616229936144 ], [ -119.976844619261996, 38.611080900197116 ] ], [ [ -120.011396632325003, 38.742689253053761 ], [ -120.018629541202515, 38.758251144000504 ], [ -120.011396632325003, 38.663378540555328 ], [ -120.011396632325003, 38.742689253053761 ] ], [ [ -119.621191274224572, 38.16741969321464 ], [ -119.677222785185009, 38.423699730793189 ], [ -119.598385512956995, 38.406583704741195 ], [ -119.568221208609998, 38.381573681519328 ], [ -119.568220124148553, 38.381576036651033 ], [ -119.598384951509999, 38.406583704741195 ], [ -119.677223346632005, 38.423700610509421 ], [ -119.700622905962604, 38.387431752725654 ], [ -119.684231052960001, 38.306178549027393 ], [ -119.621191274224572, 38.16741969321464 ] ], [ [ -119.545598446530789, 38.498794957986547 ], [ -119.558712050005767, 38.402218596017079 ], [ -119.552453529586018, 38.415799447465325 ], [ -119.545598446530789, 38.498794957986547 ] ], [ [ -119.564093900930956, 38.555853352385149 ], [ -119.545598318963044, 38.498796500716303 ], [ -119.545598261074019, 38.498797200792197 ], [ -119.564093900930956, 38.555853352385149 ] ], [ [ -119.585939820327383, 38.669265885150025 ], [ -119.580924950246342, 38.71007439763202 ], [ -119.588664057241999, 38.715419854057103 ], [ -119.585939820327383, 38.669265885150025 ] ], [ [ -119.52736639093601, 38.960275673864182 ], [ -119.51365539311449, 38.896629560993084 ], [ -119.516397483005008, 39.013357269055518 ], [ -119.52736639093601, 38.960275673864182 ] ], [ [ -119.532850044297987, 39.106344656146277 ], [ -119.532843302433292, 39.106433027606229 ], [ -119.52091710214691, 39.038925245498305 ], [ -119.532850044297987, 39.106344656146277 ] ], [ [ -119.524623722084002, 39.204778130616262 ], [ -119.52657886813148, 39.181409333618795 ], [ -119.519511589340411, 39.210572883728197 ], [ -119.524623722084002, 39.204778130616262 ] ], [ [ -119.491717310332007, 39.242057284697935 ], [ -119.521881614679018, 39.402051685236565 ], [ -119.491721301095964, 39.242054271613732 ], [ -119.491717310332007, 39.242057284697935 ] ], [ [ -119.519139507273991, 39.455462486467404 ], [ -119.519139547275273, 39.455462574886148 ], [ -119.521881614679018, 39.402051685236565 ], [ -119.519139507273991, 39.455462486467404 ] ], [ [ -119.571240670858984, 39.570434883824909 ], [ -119.574082543025312, 39.62875143240781 ], [ -119.534317983725231, 39.488996644794895 ], [ -119.571240670858984, 39.570434883824909 ] ], [ [ -119.634311386957009, 39.792889275293547 ], [ -119.768679141367997, 39.983743772838842 ], [ -119.608615399593049, 39.743859416455322 ], [ -119.634311386957009, 39.792889275293547 ] ], [ [ -119.787873893200995, 40.110373893542175 ], [ -119.809814174700335, 40.146822933040362 ], [ -119.768679141367997, 39.983743772838842 ], [ -119.787873893200995, 40.110373893542175 ] ], [ [ -119.996310550022002, 40.28191847235238 ], [ -119.896363514324463, 40.222033448222554 ], [ -119.99646551452669, 40.306772350101667 ], [ -119.998922963157995, 39.917252229664165 ], [ -119.996310550022002, 40.28191847235238 ] ], [ [ -120.383885872120018, 40.545735329772853 ], [ -120.280236179142577, 40.496905112668692 ], [ -120.395671097173221, 40.557827139614666 ], [ -120.383885872120018, 40.545735329772853 ] ], [ [ -120.579858761904021, 40.563242558927854 ], [ -120.619346118562262, 40.498123696667442 ], [ -120.346238773586364, 40.755696836284528 ], [ -120.579858761904021, 40.563242558927854 ] ], [ [ -119.998666943301998, 40.791102586442989 ], [ -120.069527039658126, 40.787153108043285 ], [ -119.998666929933492, 40.791100525937892 ], [ -119.998666943301998, 40.791102586442989 ] ], [ [ -119.472591055039004, 40.696305711149328 ], [ -119.617927239069004, 40.734394511306675 ], [ -119.585020827318019, 40.715346026218022 ], [ -119.472591055039004, 40.696304008445715 ], [ -119.406778231537018, 40.663673923296095 ], [ -119.472591055039004, 40.696305711149328 ] ], [ [ -118.142627416642014, 41.072704616338427 ], [ -117.378973648694981, 41.090593314302751 ], [ -117.706619987447013, 41.0973270637826 ], [ -118.142628539536005, 41.072704616338406 ], [ -118.578637091624003, 40.914251533379108 ], [ -118.672205017260268, 40.869321150316352 ], [ -118.142627416642014, 41.072704616338427 ] ], [ [ -117.122533143924997, 40.990698218515718 ], [ -117.116035981035111, 40.970000263784669 ], [ -117.173361358576315, 41.0317217629865 ], [ -117.122533143924997, 40.990698218515718 ] ], [ [ -117.063314133887914, 40.889442875199897 ], [ -117.10882162805801, 40.94700340261619 ], [ -117.108821484007009, 40.947002943282484 ], [ -117.063314133887914, 40.889442875199897 ] ], [ [ -116.949774762953012, 40.816086876033197 ], [ -116.927836780821011, 40.772505738065782 ], [ -116.989448929528209, 40.825555461011326 ], [ -116.949774762953012, 40.816086876033197 ] ], [ [ -116.927836780821011, 40.772505738065782 ], [ -116.947032655549009, 40.658236010567514 ], [ -116.990891707484039, 40.616174002982135 ], [ -116.927836780821011, 40.772505738065782 ] ], [ [ -117.311744169324996, 40.159877404871004 ], [ -117.344650581075982, 39.992761801735718 ], [ -117.270611435359015, 40.238183055979015 ], [ -117.311744169324996, 40.159877404871004 ] ], [ [ -117.344650581075982, 39.992761801735718 ], [ -117.374813762529001, 39.826048660648887 ], [ -117.341908473670998, 39.742841328588952 ], [ -117.344650581075982, 39.992761801735718 ] ], [ [ -117.574986907919197, 39.160561741054451 ], [ -117.431644342599952, 39.318039779390745 ], [ -117.536603713880993, 39.221685164603528 ], [ -117.574986907919197, 39.160561741054451 ] ], [ [ -117.742268506604006, 38.68844681696568 ], [ -117.754607036663018, 38.672596521114087 ], [ -117.721700302798354, 38.744042673330767 ], [ -117.742268506604006, 38.68844681696568 ] ], [ [ -116.936063103034996, 37.792605771762084 ], [ -116.829118668461007, 37.669973703194231 ], [ -116.974454852489998, 37.868373117810087 ], [ -116.936063103034996, 37.792605771762084 ] ], [ [ -116.785242704196008, 37.599615175156011 ], [ -116.733141540611015, 37.555348450207639 ], [ -116.62900211188547, 37.410274701790556 ], [ -116.733140417716996, 37.555348450207617 ], [ -116.785242704196008, 37.599616954480034 ], [ -116.829118668461007, 37.669973703194231 ], [ -116.785242704196008, 37.599615175156011 ] ], [ [ -116.350000343695157, 37.189263090642136 ], [ -116.365686796536011, 37.184009722820001 ], [ -116.439821354895827, 37.204347983640687 ], [ -116.365687919430982, 37.18400793360356 ], [ -116.406820653396011, 37.150339905365506 ], [ -116.408428039252811, 37.14033781306896 ], [ -116.350000343695157, 37.189263090642136 ] ], [ [ -115.998831851585905, 37.306142205298897 ], [ -116.279871659681135, 37.212715061582038 ], [ -116.04649672347, 37.28536355774451 ], [ -115.998831851585905, 37.306142205298897 ] ], [ [ -115.900273827233249, 37.363998403630625 ], [ -115.955461424532231, 37.325022293913186 ], [ -115.942841882634994, 37.330511121445156 ], [ -115.900273827233249, 37.363998403630625 ] ], [ [ -115.85564019198101, 37.399061857487908 ], [ -115.715789305899918, 37.550402431053314 ], [ -115.862082511951115, 37.394003955626069 ], [ -115.85564019198101, 37.399061857487908 ] ], [ [ -114.953248986987433, 37.889754843082486 ], [ -115.136636528474014, 37.794435463191014 ], [ -115.348883726442011, 37.720828764309196 ], [ -115.359247901709182, 37.712070955928091 ], [ -115.136637566927007, 37.794434155625616 ], [ -114.977042018353998, 37.869679942766652 ], [ -114.953248986987433, 37.889754843082486 ] ], [ [ -114.899712679996398, 37.999969865207312 ], [ -114.912874735975009, 38.073851468425126 ], [ -114.896532538148989, 38.176078062795071 ], [ -114.912875174353019, 38.073852826188897 ], [ -114.899712679996398, 37.999969865207312 ] ], [ [ -114.875031397220994, 38.31013426797044 ], [ -114.875031412948559, 38.310134170092056 ], [ -114.855383440018031, 38.334750038341753 ], [ -114.875031397220994, 38.31013426797044 ] ], [ [ -119.562835810069402, 38.697537310842797 ], [ -119.562836256975089, 38.697535867964874 ], [ -119.542712423224003, 38.683587434337092 ], [ -119.562835810069402, 38.697537310842797 ] ], [ [ -114.668641497047375, 35.465164462336425 ], [ -114.674335254835086, 35.483669588281828 ], [ -114.673585000546012, 35.475843000028945 ], [ -114.668641497047375, 35.465164462336425 ] ], [ [ -114.656814383948003, 35.533765726172994 ], [ -114.67714300011302, 35.512945000154303 ], [ -114.676078827982664, 35.501851974228479 ], [ -114.656814383948003, 35.533765726172994 ] ], [ [ -114.675516623780993, 35.579674584837385 ], [ -114.674724133893974, 35.580460316042732 ], [ -114.675666999828991, 35.580033000104628 ], [ -114.675516623780993, 35.579674584837385 ] ], [ [ -114.067321598522, 34.289959853894906 ], [ -114.072557547239768, 34.290940435948507 ], [ -114.036259987549229, 34.261195533478677 ], [ -114.067321598522, 34.289959853894906 ] ], [ [ -114.023529793971775, 34.267159886220107 ], [ -114.024123608972019, 34.267660850389071 ], [ -114.027066776780529, 34.265502974360885 ], [ -114.023529793971775, 34.267159886220107 ] ], [ [ -113.836774715697018, 34.223084460595629 ], [ -113.835871378534009, 34.223637614143421 ], [ -113.855120109531015, 34.252729924045042 ], [ -113.836774715697018, 34.223084460595629 ] ], [ [ -113.730248303922423, 34.237304120680157 ], [ -113.732335666279994, 34.241008840296359 ], [ -113.733515667793611, 34.24067066430964 ], [ -113.730248303922423, 34.237304120680157 ] ], [ [ -113.705834675492994, 34.212136845455625 ], [ -113.693601740670616, 34.21112794887118 ], [ -113.711643278528356, 34.218126772014948 ], [ -113.705834675492994, 34.212136845455625 ] ], [ [ -113.67815837659802, 34.209852397211606 ], [ -113.595722329374013, 34.238022141483299 ], [ -113.687960382323666, 34.210662241394893 ], [ -113.67815837659802, 34.209852397211606 ] ], [ [ -114.550917610266836, 32.710906717754085 ], [ -114.579106605747, 32.727111230131904 ], [ -114.551335159993002, 32.710743162980187 ], [ -114.550917610266836, 32.710906717754085 ] ], [ [ -114.345642262577996, 32.762382744179732 ], [ -114.417668781410001, 32.762562882840221 ], [ -114.345776259421271, 32.761514495665963 ], [ -114.345642262577996, 32.762382744179732 ] ], [ [ -119.708773522137705, 35.022728550065189 ], [ -119.697990764661, 35.017286430295393 ], [ -119.565268694205997, 34.989053332032597 ], [ -119.708773522137705, 35.022728550065189 ] ], [ [ -118.776458131256007, 34.793038678406539 ], [ -118.463848294003, 34.974277674074763 ], [ -119.006802221202008, 35.403270555368984 ], [ -119.120328951426004, 35.215870434033079 ], [ -119.514104481043589, 35.887317078715007 ], [ -119.648246528852994, 35.939467254224546 ], [ -119.560496398750999, 35.972111428197408 ], [ -119.598887081008002, 36.071145254734489 ], [ -119.821553034860997, 36.186669283497721 ], [ -119.95305114175801, 35.990541635428471 ], [ -119.750540520846997, 35.932452233652292 ], [ -119.57992025601601, 35.494341637624586 ], [ -119.174075905867014, 35.165340236567303 ], [ -119.469191215557004, 34.986634006111615 ], [ -119.028191315628021, 34.782478494054203 ], [ -118.776458131256007, 34.793038678406539 ] ], [ [ -119.870912482706999, 36.30441012909683 ], [ -119.414611808512007, 36.107931244568654 ], [ -119.276405354365011, 36.121219233680016 ], [ -119.134908269823001, 36.354631037764293 ], [ -118.931986095645996, 36.388471227396231 ], [ -118.83217032285701, 36.631932582690297 ], [ -118.676413842329993, 36.662804301220262 ], [ -119.051023018161018, 36.689284956078851 ], [ -119.38386314737798, 36.819946698230275 ], [ -119.516674738544012, 36.694399985783519 ], [ -119.458579827635006, 36.586426327549241 ], [ -119.557205768355999, 36.48802482370364 ], [ -119.785356105901997, 36.921576935914871 ], [ -119.791182591411996, 37.388530184675268 ], [ -119.823735222349995, 37.303778479811498 ], [ -120.154860649149015, 37.165324099902193 ], [ -120.169125814113997, 36.815025574829612 ], [ -120.367249153009013, 36.756780702417707 ], [ -119.878590618798995, 36.149847026619412 ], [ -119.870912482706999, 36.30441012909683 ] ], [ [ -118.937817024433485, 35.448704039922454 ], [ -118.935967123500518, 35.448637910234574 ], [ -118.937811358548004, 35.449291876379888 ], [ -118.937817024433485, 35.448704039922454 ] ], [ [ -118.288185218530543, 34.330427586344165 ], [ -118.233523367817014, 34.391458659469002 ], [ -118.282882815663015, 34.346424059618698 ], [ -118.288185218530543, 34.330427586344165 ] ], [ [ -116.559831818635004, 36.167703724550975 ], [ -116.639888053903903, 35.98637879942423 ], [ -116.483725524223559, 36.211838187051654 ], [ -116.559831818635004, 36.167703724550975 ] ], [ [ -116.366220149677005, 36.367833421368438 ], [ -116.371182240286998, 36.368683781945983 ], [ -116.401213576894833, 36.321458676917018 ], [ -116.366220149677005, 36.367833421368438 ] ], [ [ -116.242289200103997, 36.796408396447887 ], [ -116.242289351073993, 36.796412090958555 ], [ -116.242289704998868, 36.796407764852404 ], [ -116.242289200103997, 36.796408396447887 ] ], [ [ -116.245031391051981, 36.863453650221622 ], [ -116.264225445878282, 36.902157316346788 ], [ -116.244219329322632, 36.843611867595833 ], [ -116.245031391051981, 36.863453650221622 ] ], [ [ -116.4205311802057, 37.064936798991141 ], [ -116.420531190419979, 37.064936735291695 ], [ -116.418587537798516, 37.061697291485508 ], [ -116.4205311802057, 37.064936798991141 ] ], [ [ -115.33901130345302, 36.462811664823391 ], [ -115.360948657472719, 37.003661992195283 ], [ -115.360948836428008, 37.00366199054718 ], [ -115.33901130345302, 36.462811664823391 ] ], [ [ -114.050675012314997, 37.008621581719083 ], [ -114.907546988028926, 37.006986425070032 ], [ -114.050675010339759, 37.008621365143938 ], [ -114.050675012314997, 37.008621581719083 ] ], [ [ -114.641489073997008, 36.682776997631976 ], [ -114.701543135082005, 36.724484097545513 ], [ -114.648893437727011, 36.66386214426808 ], [ -114.641489073997008, 36.682776997631976 ] ], [ [ -117.701193040237015, 36.482154358537464 ], [ -117.701193407647992, 36.482154177966706 ], [ -117.469473323978391, 36.502693263389652 ], [ -117.701193040237015, 36.482154358537464 ] ], [ [ -117.310431506116004, 36.421847342384488 ], [ -117.367351881957489, 36.462761262349218 ], [ -117.31043147857865, 36.421847307030284 ], [ -117.310431506116004, 36.421847342384488 ] ], [ [ -117.241897340967299, 36.332823841223899 ], [ -117.24461868261298, 36.337237472094891 ], [ -117.310415485830717, 36.421826774510542 ], [ -117.241897340967299, 36.332823841223899 ] ], [ [ -119.431064957794007, 35.86708523189931 ], [ -119.346936793249654, 35.883499561380205 ], [ -119.440056424573456, 35.869529171564793 ], [ -119.431064957794007, 35.86708523189931 ] ], [ [ -118.789894869866004, 35.795904979863451 ], [ -118.157819717539979, 36.184998275773054 ], [ -118.171038834736819, 36.295459976903203 ], [ -118.433112897392007, 36.310301752699324 ], [ -118.58986872722852, 36.228686916459928 ], [ -118.616180202630019, 36.082201571658395 ], [ -118.799785015717006, 36.024133464078979 ], [ -118.800869475166536, 36.10531542637888 ], [ -119.219712466889462, 35.907500144409603 ], [ -119.120328951426004, 35.820088705854296 ], [ -118.789894869866004, 35.795904979863451 ] ], [ [ -117.912342157363994, 36.595193925474987 ], [ -117.824450791202764, 36.524930491646877 ], [ -117.92145007275488, 36.611480012658753 ], [ -117.912342157363994, 36.595193925474987 ] ], [ [ -119.727590730137166, 37.509486731911579 ], [ -119.761830187899548, 37.49634166101356 ], [ -119.747063802644007, 37.49819597713212 ], [ -119.727590730137166, 37.509486731911579 ] ], [ [ -119.574305734286995, 37.597104965793392 ], [ -119.578938800914216, 37.594156283851888 ], [ -119.473393086195983, 37.637747136977985 ], [ -119.574305734286995, 37.597104965793392 ] ], [ [ -119.130675149376287, 37.772829391713373 ], [ -119.124145169025994, 37.769948368648613 ], [ -119.014457060794939, 37.762117269986511 ], [ -119.130675149376287, 37.772829391713373 ] ], [ [ -118.712023432456562, 37.795644031194257 ], [ -118.896543010415002, 37.793446974030907 ], [ -118.89654319842451, 37.79344692418892 ], [ -118.712023432456562, 37.795644031194257 ] ], [ [ -118.208275844718017, 37.317047414831556 ], [ -118.518120834749993, 37.56790237695553 ], [ -118.416659748111002, 37.472931791333203 ], [ -118.208275844718017, 37.317047414831556 ] ], [ [ -119.18162390482, 37.83867417934043 ], [ -119.166318817768072, 37.820070083682666 ], [ -119.211780032899682, 37.859611904794136 ], [ -119.18162390482, 37.83867417934043 ] ], [ [ -119.165719194191809, 37.81934092269632 ], [ -119.166145247717893, 37.795402008128441 ], [ -119.165718693725012, 37.819340314105794 ], [ -119.165719194191809, 37.81934092269632 ] ], [ [ -120.546650296129982, 37.976921242707128 ], [ -120.65419615997402, 37.828898116369466 ], [ -120.557564217774001, 37.436833088878274 ], [ -120.30912166379801, 37.521870333387881 ], [ -120.546650296129982, 37.976921242707128 ] ], [ [ -120.149032520620992, 37.861828323469211 ], [ -120.109270743340005, 37.874898153592177 ], [ -120.100976295467902, 37.883140289429114 ], [ -120.149032520620992, 37.861828323469211 ] ], [ [ -120.088061549351949, 37.895968778573099 ], [ -120.076364445674017, 37.907582710436969 ], [ -120.054426912699995, 38.029294885103347 ], [ -120.088061549351949, 37.895968778573099 ] ], [ [ -119.379610134751005, 37.930705850256032 ], [ -119.349372384661109, 37.919042740737879 ], [ -119.41365438394493, 37.98239183354179 ], [ -119.379610134751005, 37.930705850256032 ] ], [ [ -118.742441515001019, 38.597815576444951 ], [ -118.614929029102996, 38.547675321054996 ], [ -118.534034614873988, 38.708774810539133 ], [ -118.775347926753014, 39.162302501708218 ], [ -118.950847292235011, 39.146339983814713 ], [ -119.134574102825013, 39.228847653980964 ], [ -118.775347926753014, 38.789458337127499 ], [ -118.742441515001019, 38.597815576444951 ] ], [ [ -119.413180973723996, 39.971470045643123 ], [ -119.386855844323009, 40.159039826379392 ], [ -119.515190288706009, 40.353615036499903 ], [ -119.84260824346201, 40.37797628528719 ], [ -119.707692516728983, 39.952096408440035 ], [ -119.401664571781993, 39.771523271892463 ], [ -119.296364054177019, 39.588204571355128 ], [ -119.227261150946021, 39.65568817369379 ], [ -119.413180973723996, 39.971470045643123 ] ], [ [ -119.998075178109019, 40.719570794383628 ], [ -119.99651996977299, 40.320687615761329 ], [ -119.995704748653012, 40.375829180615717 ], [ -119.998075178109019, 40.719570794383628 ] ], [ [ -122.71904507692399, 39.250127606935422 ], [ -123.063839316697013, 39.305984818888334 ], [ -123.09263232839001, 39.022623707124339 ], [ -122.89823867629373, 38.877404012111008 ], [ -122.768121380284015, 38.965846885350665 ], [ -122.818989033913994, 39.226210794676433 ], [ -122.71904507692399, 39.250127606935422 ] ], [ [ -122.71904507692399, 39.250127606935422 ], [ -122.41253434979177, 39.200825437256235 ], [ -122.506454420685003, 39.228116563804825 ], [ -122.729184541997824, 39.252497818208546 ], [ -122.71904507692399, 39.250127606935422 ] ], [ [ -122.30334600664753, 38.963742470087524 ], [ -122.368659032017987, 39.156915600284258 ], [ -122.412534148374803, 39.200825305463461 ], [ -122.351520488836016, 39.011407006339105 ], [ -122.30334600664753, 38.963742470087524 ] ], [ [ -121.988244993065734, 38.868106653337357 ], [ -121.799243233448323, 38.846190342011184 ], [ -121.79924336142598, 38.846190465519278 ], [ -121.988244993065734, 38.868106653337357 ] ], [ [ -121.71149298069399, 38.750891943017983 ], [ -121.711493117238007, 38.750892125167113 ], [ -121.724887307121691, 38.759511325812959 ], [ -121.71149298069399, 38.750891943017983 ] ], [ [ -121.678700726520759, 38.757853411952887 ], [ -121.660764189326599, 38.752201852433053 ], [ -121.670677600857005, 38.759555065216382 ], [ -121.678700726520759, 38.757853411952887 ] ], [ [ -121.658226957521251, 38.754360769179442 ], [ -121.654095939848006, 38.767772468634668 ], [ -121.664456206067982, 38.768018651829465 ], [ -121.658226957521251, 38.754360769179442 ] ], [ [ -121.623229462544614, 38.787995379005586 ], [ -121.623455280173829, 38.782575510346661 ], [ -121.613662225940345, 38.779515982379209 ], [ -121.623229462544614, 38.787995379005586 ] ], [ [ -121.614197149364017, 38.884431466595707 ], [ -121.590383629208787, 38.899795640122264 ], [ -121.640601267999003, 38.824693858768512 ], [ -121.614197149364017, 38.884431466595707 ] ], [ [ -121.589490405914006, 38.989046721226714 ], [ -121.589490672714021, 38.989046855286908 ], [ -121.583680072519513, 38.965132809409191 ], [ -121.589490405914006, 38.989046721226714 ] ], [ [ -121.609982883469129, 39.170343961240327 ], [ -121.608632087076998, 39.039296774417672 ], [ -121.601941665820462, 39.018624817771908 ], [ -121.59286079233398, 39.095108113742803 ], [ -121.609982883469129, 39.170343961240327 ] ], [ [ -121.449091769754943, 39.209271507227832 ], [ -121.521959821229984, 39.181984648741206 ], [ -121.598691432859297, 39.131793342335271 ], [ -121.521959791585999, 39.181984434273673 ], [ -121.449091769754943, 39.209271507227832 ] ], [ [ -121.430002156949215, 39.216409500472182 ], [ -121.339305705028579, 39.219089107461869 ], [ -121.395509031708002, 39.224380100028696 ], [ -121.430002156949215, 39.216409500472182 ] ], [ [ -121.126457268297003, 38.990267490719198 ], [ -121.11411740588602, 39.242862293883327 ], [ -121.322186853877, 39.234755244230378 ], [ -121.341033756472996, 39.037395271041021 ], [ -121.126457268297003, 38.990267490719198 ] ], [ [ -121.264391736869811, 39.268725445833901 ], [ -121.26297459756961, 39.273634212352725 ], [ -121.265614887412994, 39.273063352936383 ], [ -121.264391736869811, 39.268725445833901 ] ], [ [ -121.220070398963557, 39.282901479015997 ], [ -121.199955360515006, 39.302925065693152 ], [ -121.195936204175325, 39.329062172405706 ], [ -121.220070398963557, 39.282901479015997 ] ], [ [ -121.176678244737289, 39.338633751381799 ], [ -121.195935939506001, 39.329062678328683 ], [ -121.195936014936066, 39.329062534142025 ], [ -121.176678244737289, 39.338633751381799 ] ], [ [ -121.157758631384013, 39.332233593720403 ], [ -121.157758662825017, 39.332233791052673 ], [ -121.167345391735267, 39.335477209480395 ], [ -121.157758631384013, 39.332233593720403 ] ], [ [ -121.144726493349026, 39.392104204889172 ], [ -121.145457221094418, 39.417797042620009 ], [ -121.145457357903013, 39.417796861074507 ], [ -121.144726493349026, 39.392104204889172 ] ], [ [ -121.157877128153018, 39.454581167624482 ], [ -121.157876947592015, 39.454581381951485 ], [ -121.161419251369495, 39.46624681119296 ], [ -121.157877128153018, 39.454581167624482 ] ], [ [ -121.14740421373601, 39.476284377533602 ], [ -121.13564526346876, 39.502895703275719 ], [ -121.163758286029008, 39.473948102268785 ], [ -121.14740421373601, 39.476284377533602 ] ], [ [ -121.096073554758775, 39.529563784243926 ], [ -121.127516878785016, 39.52127840311929 ], [ -121.127516924987503, 39.521278298658117 ], [ -121.096073554758775, 39.529563784243926 ] ], [ [ -121.090697591207217, 39.520488908568716 ], [ -121.090258151041994, 39.519746970412626 ], [ -121.090258132293187, 39.519746971693863 ], [ -121.090697591207217, 39.520488908568716 ] ], [ [ -120.825392456903998, 39.561530147463088 ], [ -120.818186602599994, 39.582966347493411 ], [ -120.865455852524988, 39.543149221283556 ], [ -120.903461887855002, 39.540323684580464 ], [ -120.966178330863016, 39.509743727408477 ], [ -121.005013623489987, 39.517543735824894 ], [ -121.027966775678308, 39.50761723363135 ], [ -120.96617846920401, 39.509743647012904 ], [ -120.903461735142017, 39.540323554341732 ], [ -120.865456104952003, 39.543149045329741 ], [ -120.825392456903998, 39.561530147463088 ] ], [ [ -120.602398128171714, 39.673624175392618 ], [ -120.764369556497016, 39.654558251597102 ], [ -120.78916459319062, 39.627195025724021 ], [ -120.602398128171714, 39.673624175392618 ] ], [ [ -120.593667817531284, 39.671304639523882 ], [ -120.593667404433987, 39.671304416473717 ], [ -120.593667756080009, 39.671304623194374 ], [ -120.593667817531284, 39.671304639523882 ] ], [ [ -120.497330419970993, 39.619213506655498 ], [ -120.479108293413489, 39.576383570162768 ], [ -120.492846079369542, 39.625632071149269 ], [ -120.497330419970993, 39.619213506655498 ] ], [ [ -120.43204296089101, 39.323970510231618 ], [ -120.432042870161013, 39.323970444214702 ], [ -120.440735957628263, 39.364091593728759 ], [ -120.43204296089101, 39.323970510231618 ] ], [ [ -120.351147529840233, 39.262663380268187 ], [ -120.297676299458786, 39.190764636418962 ], [ -120.316870990477994, 39.228036104278011 ], [ -120.351147529840233, 39.262663380268187 ] ], [ [ -120.305408004054911, 39.135749854548216 ], [ -120.304735873884013, 39.139395524174148 ], [ -120.297678697356204, 39.190741469199466 ], [ -120.305408004054911, 39.135749854548216 ] ], [ [ -120.264772233428047, 39.127784146653752 ], [ -120.235636047734047, 39.084140146749178 ], [ -120.238449750515997, 39.092693801169631 ], [ -120.264772233428047, 39.127784146653752 ] ], [ [ -120.192781283598194, 38.96959137952733 ], [ -120.189090694335007, 38.958855057017963 ], [ -120.184745902515786, 38.95663065518081 ], [ -120.192781283598194, 38.96959137952733 ] ], [ [ -120.139731076707989, 38.876127323767456 ], [ -120.16111996362298, 38.944530295118284 ], [ -120.161121261496064, 38.94453052343173 ], [ -120.16111996362298, 38.944529858450089 ], [ -120.139731076707989, 38.876127323767456 ] ], [ [ -120.074533479134814, 38.845282461612804 ], [ -120.082145136866998, 38.852280983818829 ], [ -120.139731076707989, 38.876127323767456 ], [ -120.074533479134814, 38.845282461612804 ] ], [ [ -120.050151508795338, 38.822852348106707 ], [ -120.043307151605092, 38.811293087189583 ], [ -120.047593685251002, 38.820498211615593 ], [ -120.050151508795338, 38.822852348106707 ] ], [ [ -121.523628217917675, 38.360909818295639 ], [ -121.521373109060008, 38.362213975146048 ], [ -121.521311709988041, 38.362501355412107 ], [ -121.523628217917675, 38.360909818295639 ] ], [ [ -121.513379827860035, 38.399607576445291 ], [ -121.532107896093223, 38.431729635331273 ], [ -121.532107905739011, 38.431729632790194 ], [ -121.513379827860035, 38.399607576445291 ] ], [ [ -121.50436469256158, 38.445364982534493 ], [ -121.501309237189005, 38.446865979028452 ], [ -121.504290992860419, 38.459327843692613 ], [ -121.50436469256158, 38.445364982534493 ] ], [ [ -121.507365005099004, 38.472170770463634 ], [ -121.544358138318231, 38.478375662268213 ], [ -121.506520962688967, 38.46864489871249 ], [ -121.507365005099004, 38.472170770463634 ] ], [ [ -121.545549558195646, 38.480330428967406 ], [ -121.551577870886831, 38.505648376297749 ], [ -121.558732070823012, 38.501951294599174 ], [ -121.545549558195646, 38.480330428967406 ] ], [ [ -121.525102993050737, 38.519323016115848 ], [ -121.525102801831011, 38.519323061155184 ], [ -121.525102920566383, 38.51932328724655 ], [ -121.525102993050737, 38.519323016115848 ] ], [ [ -121.51816074072913, 38.545281400116401 ], [ -121.513323609430003, 38.551704553461242 ], [ -121.512729333801303, 38.565577356674311 ], [ -121.51816074072913, 38.545281400116401 ] ], [ [ -121.35444526416741, 38.596854779184369 ], [ -121.334452392899721, 38.607351202821576 ], [ -121.334452497479006, 38.607351187129495 ], [ -121.35444526416741, 38.596854779184369 ] ], [ [ -121.255472694370681, 38.62610380984642 ], [ -121.243960436042016, 38.632437418891669 ], [ -121.243960377296943, 38.632437522428454 ], [ -121.255472694370681, 38.62610380984642 ] ], [ [ -121.243958427167769, 38.632440959483134 ], [ -121.153227105941923, 38.791971252843581 ], [ -121.177462030891007, 38.758661128579874 ], [ -121.243958427167769, 38.632440959483134 ] ], [ [ -121.047633630698002, 38.894724345829509 ], [ -121.102737311609985, 38.861255424083829 ], [ -121.118726023724264, 38.839331469808357 ], [ -121.047633630698002, 38.894724345829509 ] ], [ [ -120.999217244119009, 38.918358125897299 ], [ -120.981391056922519, 38.927319733767867 ], [ -121.036235443605733, 38.915760667525404 ], [ -120.999217244119009, 38.918358125897299 ] ], [ [ -120.937943651543492, 38.96216150351578 ], [ -120.913951366333549, 38.955460188007379 ], [ -120.937904312741011, 38.963670207951857 ], [ -120.937943651543492, 38.96216150351578 ] ], [ [ -120.726147772844868, 38.937751628350682 ], [ -120.625367618115007, 38.8879758236531 ], [ -120.625367480437745, 38.887975882134441 ], [ -120.726147772844868, 38.937751628350682 ] ], [ [ -120.605735869873413, 38.896312327273399 ], [ -120.56915273197599, 38.911833779903887 ], [ -120.569152692193256, 38.911833822519412 ], [ -120.605735869873413, 38.896312327273399 ] ], [ [ -120.43752708497, 39.052491440098919 ], [ -120.382442393468693, 39.058773436796841 ], [ -120.542213222568705, 38.940677265330606 ], [ -120.43752708497, 39.052491440098919 ] ], [ [ -120.415589664285008, 39.101654079508116 ], [ -120.411700962160921, 39.117369451957082 ], [ -120.390581860681834, 39.089192326067511 ], [ -120.415589664285008, 39.101654079508116 ] ], [ [ -120.382683252533994, 39.150849944968776 ], [ -120.382682239248481, 39.15084974732175 ], [ -120.398991922313883, 39.140305511444282 ], [ -120.382683252533994, 39.150849944968776 ] ], [ [ -120.742352971778004, 38.532204091296997 ], [ -121.073472546950995, 38.483426654234798 ], [ -121.074843600654006, 38.266297875281332 ], [ -120.679282817127003, 38.405054819557272 ], [ -120.742352971778004, 38.532204091296997 ] ], [ [ -121.594407177501907, 38.755611258916133 ], [ -121.592730967809004, 38.760955274498002 ], [ -121.597269756164721, 38.764981126431167 ], [ -121.594407177501907, 38.755611258916133 ] ], [ [ -121.633012036003009, 38.694741484668405 ], [ -121.632507904807795, 38.690994751850191 ], [ -121.606090235709004, 38.718341547957834 ], [ -121.633012036003009, 38.694741484668405 ] ], [ [ -121.630809989458996, 38.67837290837452 ], [ -121.599333113028365, 38.650530229094002 ], [ -121.631810224066996, 38.685808911388875 ], [ -121.630809989458996, 38.67837290837452 ] ], [ [ -121.592002748523996, 38.644042007646988 ], [ -121.566664608904986, 38.646362154930124 ], [ -121.593861648043017, 38.645687498961841 ], [ -121.592002748523996, 38.644042007646988 ] ], [ [ -121.511403827159398, 38.596501126533802 ], [ -121.511239400291018, 38.600335347176497 ], [ -121.514075445676752, 38.600623135430588 ], [ -121.511403827159398, 38.596501126533802 ] ], [ [ -124.036995018614988, 40.526432367427091 ], [ -124.070394023953085, 40.521742916151716 ], [ -124.036955801199269, 40.526392048873937 ], [ -124.036995018614988, 40.526432367427091 ] ], [ [ -123.991981562622001, 40.509107110122123 ], [ -124.018866484588159, 40.508124910500662 ], [ -123.991981573252971, 40.509094996884741 ], [ -123.991981562622001, 40.509107110122123 ] ], [ [ -123.973892330895794, 40.49663160486292 ], [ -123.991673096932161, 40.488148910680877 ], [ -123.991673236561994, 40.487989930262195 ], [ -123.973892330895794, 40.49663160486292 ] ], [ [ -123.904660898268716, 40.484625590633073 ], [ -123.960135632222332, 40.473058916141639 ], [ -123.960156577843989, 40.472985597231109 ], [ -123.904660898268716, 40.484625590633073 ] ], [ [ -123.100408080384867, 40.087445744013223 ], [ -122.99769050621002, 39.990865157047224 ], [ -122.978191433651716, 39.945444845056315 ], [ -122.997690273546993, 39.990865292630666 ], [ -123.100408080384867, 40.087445744013223 ] ], [ [ -123.117585222845051, 40.160169473842942 ], [ -123.123753103154982, 40.143183100242588 ], [ -123.110537013994431, 40.111640038349101 ], [ -123.117585222845051, 40.160169473842942 ] ], [ [ -123.070776082169019, 40.28145974814673 ], [ -123.067712045087688, 40.297219842780407 ], [ -123.087434867155906, 40.243085816147826 ], [ -123.070776082169019, 40.28145974814673 ] ], [ [ -122.741464509414342, 40.360466065839297 ], [ -122.745118174989017, 40.365447702570307 ], [ -122.745118260309482, 40.365447686692733 ], [ -122.741464509414342, 40.360466065839297 ] ], [ [ -122.581295874239999, 40.367330337437572 ], [ -122.581295666729005, 40.367330490750597 ], [ -122.628008529147976, 40.341284075350806 ], [ -122.581295874239999, 40.367330337437572 ] ], [ [ -122.443961433604002, 40.373248287361257 ], [ -122.443961319976523, 40.373248285647037 ], [ -122.464940842861267, 40.379320051615338 ], [ -122.443961433604002, 40.373248287361257 ] ], [ [ -122.155852632787003, 40.301832496263799 ], [ -122.234955469470989, 40.182456805616084 ], [ -122.127699993229996, 40.090980832191825 ], [ -122.127491696372999, 40.202309623575097 ], [ -121.576387059954001, 40.285212971550251 ], [ -121.505273767641924, 40.376309575777604 ], [ -121.683316641783009, 40.793832181808504 ], [ -121.967937225962004, 40.857922199108884 ], [ -122.137544080658984, 40.751641556326518 ], [ -122.408149838781995, 40.74530004605527 ], [ -122.443883254122994, 40.601085994257396 ], [ -122.228206041364018, 40.461919653260907 ], [ -122.199063057714994, 40.377713256153399 ], [ -122.227153852757013, 40.38931305886733 ], [ -122.275717171605493, 40.378562473542473 ], [ -122.155852632787003, 40.301832496263799 ] ], [ [ -121.468156695454937, 40.423750779662541 ], [ -121.482588220005994, 40.413561312022175 ], [ -121.494435161716638, 40.390170447119459 ], [ -121.468156695454937, 40.423750779662541 ] ], [ [ -121.431578062797414, 40.443889035706761 ], [ -121.436519401656994, 40.4460727824016 ], [ -121.440876424662292, 40.442999922162748 ], [ -121.431578062797414, 40.443889035706761 ] ], [ [ -121.288441059018993, 40.41789528132766 ], [ -121.363028758270005, 40.413561204639883 ], [ -121.288441078782014, 40.417895257390519 ], [ -121.20836912249213, 40.389729412137321 ], [ -121.288441059018993, 40.41789528132766 ] ], [ [ -120.919890390060999, 40.381065087561502 ], [ -120.88072032287684, 40.391937045798976 ], [ -121.054798061642984, 40.404892981331471 ], [ -120.919890390060999, 40.381065087561502 ] ], [ [ -120.729691217847986, 40.415395912194739 ], [ -120.790459072172993, 40.388646320891432 ], [ -120.825550489128759, 40.390819400854774 ], [ -120.790458878136008, 40.388646209363955 ], [ -120.729691217847986, 40.415395912194739 ] ], [ [ -120.691740177379998, 40.462334323267783 ], [ -120.724575615561591, 40.421727119967414 ], [ -120.654505489012621, 40.480751429224355 ], [ -120.691740177379998, 40.462334323267783 ] ], [ [ -120.309851271786457, 39.960816354038869 ], [ -120.318077540194011, 40.017348420222191 ], [ -120.326304194773257, 40.042936421997865 ], [ -120.309851271786457, 39.960816354038869 ] ], [ [ -119.636245010606004, 38.748282879442378 ], [ -119.813523040351001, 38.870861078179111 ], [ -119.814190600895998, 38.871318305871789 ], [ -119.636245010606004, 38.748282879442378 ] ], [ [ -119.829561336854979, 38.882007678345317 ], [ -119.833638003903005, 38.884860703149279 ], [ -119.834603692833994, 38.885514505197904 ], [ -119.829561336854979, 38.882007678345317 ] ], [ [ -120.001224896073012, 39.009781252959272 ], [ -120.001406804919, 39.01831671811798 ], [ -120.001555588387006, 39.025212914566048 ], [ -120.001224896073012, 39.009781252959272 ] ], [ [ -120.001583660739996, 39.026516180857612 ], [ -120.001821152842993, 39.037632222669124 ], [ -120.001790273255011, 39.036168675558507 ], [ -120.001583660739996, 39.026516180857612 ] ], [ [ -120.002283223768018, 39.388081627702995 ], [ -119.917168412044006, 39.385102248046692 ], [ -120.00143375437699, 39.521492784164998 ], [ -120.002283223768018, 39.388081627702995 ] ], [ [ -120.000917784536, 39.602659635551987 ], [ -120.000820092748995, 39.606827906638074 ], [ -120.00086669285399, 39.610696612848422 ], [ -120.000917784536, 39.602659635551987 ] ], [ [ -119.999195264977999, 39.874220365812299 ], [ -119.999173929989993, 39.874913224767106 ], [ -119.999149226320014, 39.881476078832414 ], [ -119.999195264977999, 39.874220365812299 ] ], [ [ -123.033144583146836, 39.829590700613693 ], [ -122.965666442496271, 39.91622161993358 ], [ -123.031053837047992, 39.839054589996856 ], [ -123.033144583146836, 39.829590700613693 ] ], [ [ -123.034920796947631, 39.779968761460303 ], [ -123.039511580080941, 39.80075477484543 ], [ -123.041730102196993, 39.790701733186999 ], [ -123.034920796947631, 39.779968761460303 ] ], [ [ -122.932371523450016, 39.663436330789708 ], [ -122.982827647171021, 39.697741932693575 ], [ -122.982829347101998, 39.697744362278982 ], [ -122.982827828631002, 39.697741962414511 ], [ -122.932371523450016, 39.663436330789708 ] ], [ [ -122.898916766574999, 39.522102147283235 ], [ -122.898916577928006, 39.522102142432722 ], [ -122.890360494312006, 39.527160103179789 ], [ -122.898916766574999, 39.522102147283235 ] ], [ [ -122.801842943984994, 39.286105608466102 ], [ -122.801843185631981, 39.286105547280613 ], [ -122.801842576243629, 39.286105027835646 ], [ -122.801842943984994, 39.286105608466102 ] ], [ [ -122.750482544524544, 39.257473272699798 ], [ -122.780467465022909, 39.267878426372263 ], [ -122.774969708411987, 39.263188415698501 ], [ -122.750482544524544, 39.257473272699798 ] ], [ [ -122.119402928686995, 40.024588108450118 ], [ -122.111007049462003, 40.06012830906873 ], [ -122.115985781151693, 40.065719246400306 ], [ -122.119402928686995, 40.024588108450118 ] ], [ [ -122.063916800822, 39.810628974146596 ], [ -122.040112568686993, 39.792743032192789 ], [ -122.063240406090657, 39.812014350941254 ], [ -122.063916800822, 39.810628974146596 ] ], [ [ -121.944901816064004, 39.690913973344514 ], [ -121.946561453551993, 39.728667733698678 ], [ -121.947091530978383, 39.728420260147338 ], [ -121.944901816064004, 39.690913973344514 ] ], [ [ -121.611179211413102, 39.175069688562751 ], [ -121.611432023529005, 39.176068265814024 ], [ -121.652839305103001, 39.200567486913734 ], [ -121.611179211413102, 39.175069688562751 ] ], [ [ -122.064238509982985, 39.182654856398997 ], [ -121.994998052224005, 39.183985678377418 ], [ -121.872970904028989, 39.101529905256257 ], [ -122.005281516438984, 39.31651318100441 ], [ -122.066980617388012, 39.318512981758118 ], [ -122.064238509982985, 39.182654856398997 ] ], [ [ -121.615309376873995, 39.456476011018587 ], [ -121.565319815653993, 39.550270570101176 ], [ -121.737233780257981, 39.788663630321821 ], [ -121.843410716711006, 39.731671252494706 ], [ -121.615309376873995, 39.456476011018587 ] ], [ [ -120.296864753290606, 40.923612342921899 ], [ -120.218985504097006, 40.984773378437865 ], [ -120.18388608015799, 41.023025409886174 ], [ -120.16523935082796, 41.077712311276272 ], [ -120.296864753290606, 40.923612342921899 ] ], [ [ -120.160851892867996, 41.141203994777229 ], [ -120.136720036165002, 41.091938200862998 ], [ -120.16085103048502, 41.14120342853613 ], [ -120.157560950757002, 41.22449344428783 ], [ -120.213809108516983, 41.315160544528645 ], [ -120.157561263371008, 41.224491775425378 ], [ -120.160851892867996, 41.141203994777229 ] ], [ [ -120.263958294254991, 41.491498231688261 ], [ -120.263957413008001, 41.491497630127604 ], [ -120.256603221803942, 41.533741042460974 ], [ -120.263958294254991, 41.491498231688261 ] ], [ [ -115.404983515935001, 40.301933976333785 ], [ -115.248678902286002, 40.353875173594304 ], [ -115.243742659800006, 40.444051378797738 ], [ -115.404983515935001, 40.301933976333785 ] ], [ [ -116.37808354745701, 42.149964922346626 ], [ -116.379219916292001, 41.83525300278616 ], [ -115.967892576634, 41.824185105099602 ], [ -116.022694300542014, 42.151077137230494 ], [ -116.37808354745701, 42.149964922346626 ] ], [ [ -117.111144751910004, 44.626231696751397 ], [ -117.105622358701012, 44.630348868355227 ], [ -117.103998653825002, 44.632663050884652 ], [ -117.111144751910004, 44.626231696751397 ] ], [ [ -117.099529535287004, 44.638885954172601 ], [ -117.09822024076, 44.640688457897888 ], [ -117.098233715489016, 44.641135879225374 ], [ -117.099529535287004, 44.638885954172601 ] ], [ [ -117.095433217591008, 44.650971884858635 ], [ -117.094968339431006, 44.652010352107915 ], [ -117.095527540695997, 44.653588786715019 ], [ -117.095433217591008, 44.650971884858635 ] ], [ [ -117.082609766910011, 44.673104784777664 ], [ -117.078944640551015, 44.67789572598403 ], [ -117.079290491934998, 44.681574899916576 ], [ -117.082609766910011, 44.673104784777664 ] ], [ [ -117.067911083074009, 44.701863645615106 ], [ -117.063823748530993, 44.703622690464293 ], [ -117.061878895940993, 44.707798212662013 ], [ -117.067911083074009, 44.701863645615106 ] ], [ [ -113.518341756227002, 44.774485893502415 ], [ -113.65819372544702, 44.948875070202845 ], [ -113.898133737834996, 44.944510333817604 ], [ -113.898133737834996, 44.771581096742253 ], [ -113.518341756227002, 44.774485893502415 ] ], [ [ -122.580128838804583, 41.224321102614859 ], [ -122.695971434728008, 40.727354933914235 ], [ -123.046971850033984, 40.447108950279123 ], [ -123.051900178650598, 40.401499469219104 ], [ -122.695644257522005, 40.727355084363175 ], [ -122.580128838804583, 41.224321102614859 ] ], [ [ -123.795041657096007, 41.249670175402585 ], [ -123.769813595234993, 40.955230236729811 ], [ -123.652447580471005, 40.909375524907517 ], [ -123.483528374445001, 41.119255377756595 ], [ -123.61625052754502, 41.260641006911499 ], [ -123.795041657096007, 41.249670175402585 ] ], [ [ -123.944347148717995, 44.407892642949804 ], [ -123.960287600831506, 44.409967410063835 ], [ -123.936151884732709, 44.394615680622316 ], [ -123.944347148717995, 44.407892642949804 ] ], [ [ -123.93227694451916, 44.39648377850525 ], [ -123.93597743279922, 44.39450467953597 ], [ -123.935903607580002, 44.394457705512224 ], [ -123.93227694451916, 44.39648377850525 ] ], [ [ -123.905103212469001, 44.411010426831758 ], [ -123.905747167596132, 44.410666309579149 ], [ -123.898373199649996, 44.389329266310874 ], [ -123.905103212469001, 44.411010426831758 ] ], [ [ -123.72615553351298, 44.999491152706732 ], [ -123.566971314525006, 44.998032526027551 ], [ -123.566285766115001, 45.173827796086101 ], [ -123.72615553351298, 45.173243357723521 ], [ -123.72615553351298, 44.999491152706732 ] ], [ [ -123.681460783185827, 44.844147263952252 ], [ -123.695552531193556, 44.866354763619377 ], [ -123.694483221908982, 44.861266281451478 ], [ -123.681460783185827, 44.844147263952252 ] ], [ [ -123.59576432531901, 44.73714496617152 ], [ -123.619089821089275, 44.762026648107494 ], [ -123.594042624754934, 44.728988038220969 ], [ -123.59576432531901, 44.73714496617152 ] ], [ [ -123.581367819473002, 44.668881540623012 ], [ -123.589807079754422, 44.708913371445327 ], [ -123.588878563445533, 44.63990455525856 ], [ -123.581367819473002, 44.668881540623012 ] ], [ [ -123.592062367135, 44.627614137450799 ], [ -123.591378782287066, 44.630253331292877 ], [ -123.597937874796557, 44.625967201664359 ], [ -123.592062367135, 44.627614137450799 ] ], [ [ -123.618387405806004, 44.620232496559503 ], [ -123.613718832315683, 44.621542069480526 ], [ -123.663222237195015, 44.627179897665584 ], [ -123.618387405806004, 44.620232496559503 ] ], [ [ -123.420126956152004, 44.28296513789811 ], [ -123.559978725046989, 44.50528512382018 ], [ -123.420559250085674, 44.277068429042565 ], [ -123.420126956152004, 44.28296513789811 ] ], [ [ -123.421360943112006, 44.266130400745496 ], [ -123.420872630910651, 44.272793158285076 ], [ -123.441104721890014, 44.257067512042937 ], [ -123.421360943112006, 44.266130400745496 ] ], [ [ -123.563443982901347, 44.243409857312756 ], [ -123.508973963352005, 44.265267208688734 ], [ -123.55792208161202, 44.248006001000086 ], [ -123.563443982901347, 44.243409857312756 ] ], [ [ -123.309068198949007, 43.904251770580295 ], [ -123.430821503814002, 44.013317138422387 ], [ -123.341151840138011, 43.926134895244466 ], [ -123.309068198949007, 43.904251770580295 ] ], [ [ -123.19730183287075, 43.861981108615915 ], [ -123.216107905775985, 43.875086604254463 ], [ -123.309068198949007, 43.904251770580295 ], [ -123.19730183287075, 43.861981108615915 ] ], [ [ -123.13400677766316, 43.775622950701575 ], [ -123.130825747795996, 43.780539534986502 ], [ -123.180813585132242, 43.850484772448318 ], [ -123.13400677766316, 43.775622950701575 ] ], [ [ -123.137407007689006, 43.688134511715624 ], [ -123.158549623439512, 43.728309352142851 ], [ -123.16126407423701, 43.724053096656696 ], [ -123.137407007689006, 43.688134511715624 ] ], [ [ -123.116643643121137, 43.589700923210373 ], [ -123.124960918594979, 43.603874650826512 ], [ -123.123696050253002, 43.595300527662452 ], [ -123.116643643121137, 43.589700923210373 ] ], [ [ -123.071278369646635, 43.55666472320263 ], [ -123.099973108815249, 43.576459613972347 ], [ -123.08036942375098, 43.560879665284425 ], [ -123.071278369646635, 43.55666472320263 ] ], [ [ -122.997444434004393, 43.529648321106237 ], [ -123.03703104514112, 43.540776413760696 ], [ -123.020315428244004, 43.533015814916638 ], [ -122.997444434004393, 43.529648321106237 ] ], [ [ -122.867849578112001, 43.516246760352566 ], [ -122.938361818389694, 43.520929266849848 ], [ -122.799569007963996, 43.500334616873751 ], [ -122.867849578112001, 43.516246760352566 ] ], [ [ -122.294898178689493, 43.340285206757017 ], [ -122.435074621484006, 43.347544442271861 ], [ -122.309619358434006, 43.339042954425487 ], [ -122.294898178689493, 43.340285206757017 ] ], [ [ -122.155872751905108, 43.356066408850054 ], [ -122.261304460138476, 43.343113695686441 ], [ -122.193213327400002, 43.348819766055399 ], [ -122.155872751905108, 43.356066408850054 ] ], [ [ -122.182473077049011, 43.563974852130556 ], [ -122.064558534802984, 43.404205828896906 ], [ -122.182472417075232, 43.563979001128061 ], [ -122.182473077049011, 43.563974852130556 ] ], [ [ -122.168762119613987, 43.650067810795512 ], [ -122.171096209094898, 43.635426204234157 ], [ -122.152871730085508, 43.667079279870819 ], [ -122.168762119613987, 43.650067810795512 ] ], [ [ -122.054275070587977, 43.821191667531927 ], [ -122.034266557137116, 43.84650998928722 ], [ -122.071084868090466, 43.757261601667622 ], [ -122.054275070587977, 43.821191667531927 ] ], [ [ -121.950072743418019, 43.894065927997062 ], [ -121.907375355206611, 43.902428244601175 ], [ -121.973235984542825, 43.882878932615618 ], [ -121.950072743418019, 43.894065927997062 ] ], [ [ -121.835585829140001, 43.92624491972073 ], [ -121.86654431411219, 43.957909945833435 ], [ -121.865749953822998, 43.953430795097013 ], [ -121.835585829140001, 43.92624491972073 ] ], [ [ -121.840762370964015, 44.001473734737544 ], [ -121.837595854613269, 44.007235268252657 ], [ -121.867680775657433, 43.96431713415712 ], [ -121.840762370964015, 44.001473734737544 ] ], [ [ -121.802919730200998, 44.070264723503669 ], [ -121.802919716727004, 44.070264674451124 ], [ -121.816082241217885, 44.144302747510054 ], [ -121.802919730200998, 44.070264723503669 ] ], [ [ -121.777321532979158, 44.269517642899224 ], [ -121.775083050115171, 44.258360305571479 ], [ -121.773304507597999, 44.263299750680225 ], [ -121.777321532979158, 44.269517642899224 ] ], [ [ -121.812146911289616, 44.314756866993449 ], [ -121.79618264980688, 44.298696690004022 ], [ -121.804564756590992, 44.311655861785262 ], [ -121.812146911289616, 44.314756866993449 ] ], [ [ -121.913155830929, 44.363510176838375 ], [ -121.908763837713664, 44.361569811552641 ], [ -121.935092350748747, 44.384912186575647 ], [ -121.913155830929, 44.363510176838375 ] ], [ [ -121.933701281963877, 44.441236128008399 ], [ -121.941263295108996, 44.418077842742484 ], [ -121.935093333939676, 44.38491314544757 ], [ -121.933701281963877, 44.441236128008399 ] ], [ [ -121.927552335876996, 44.537913709967619 ], [ -121.927450004218073, 44.532421019911027 ], [ -121.865864283183569, 44.663039531032048 ], [ -121.927552335876996, 44.537913709967619 ] ], [ [ -121.847651326299015, 44.826318784351344 ], [ -121.859019630985685, 44.858005357928242 ], [ -121.859373785342811, 44.786053635272715 ], [ -121.847651326299015, 44.826318784351344 ] ], [ [ -121.695460099235007, 45.088336085754918 ], [ -121.830513032848998, 44.995038933393879 ], [ -121.866161523258995, 44.945535735907001 ], [ -121.868580258877742, 44.922448995504254 ], [ -121.83051259357299, 44.995038923229757 ], [ -121.695460099235007, 45.088336085754918 ] ], [ [ -121.788009063721006, 45.173016679937589 ], [ -121.788008848814854, 45.173016572680311 ], [ -121.790900240524152, 45.185544174077954 ], [ -121.788009063721006, 45.173016679937589 ] ], [ [ -121.736369268002619, 45.324018580714799 ], [ -121.798970259905474, 45.220533887586193 ], [ -121.737963661425979, 45.314916387716792 ], [ -121.736369268002619, 45.324018580714799 ] ], [ [ -121.67132951978212, 45.51187974184343 ], [ -121.66950591458513, 45.493634894971642 ], [ -121.665295569411001, 45.500499096300778 ], [ -121.67132951978212, 45.51187974184343 ] ], [ [ -121.685176409543004, 45.537981979434463 ], [ -121.823172731279527, 45.611346095659293 ], [ -121.681914078411467, 45.531834091074018 ], [ -121.685176409543004, 45.537981979434463 ] ], [ [ -121.842247008550004, 45.702995299673702 ], [ -121.880856755052719, 45.686323894395393 ], [ -121.82822388020594, 45.705565595826251 ], [ -121.842247008550004, 45.702995299673702 ] ], [ [ -121.80912017807502, 45.70906448321989 ], [ -121.815289793878662, 45.707934834854726 ], [ -121.76912644827884, 45.702606144204829 ], [ -121.80912017807502, 45.70906448321989 ] ], [ [ -121.742127526177484, 45.707246404258974 ], [ -121.743285270683373, 45.699616059069164 ], [ -121.743285192798837, 45.699616050049329 ], [ -121.742127526177484, 45.707246404258974 ] ], [ [ -121.706628598129754, 45.696426805668914 ], [ -121.724055073011911, 45.697387573219082 ], [ -121.710411208768008, 45.695804720064054 ], [ -121.706628598129754, 45.696426805668914 ] ], [ [ -121.534225754988, 45.726730731498456 ], [ -121.673865685814789, 45.701810110654492 ], [ -121.529669394191274, 45.725399600401509 ], [ -121.534225754988, 45.726730731498456 ] ], [ [ -121.363083218634017, 45.705978586411 ], [ -121.41831950256001, 45.692806240711775 ], [ -121.352767056665741, 45.705176071313964 ], [ -121.363083218634017, 45.705978586411 ] ], [ [ -121.314132895907989, 45.702163505452553 ], [ -121.335328076288135, 45.70381763135542 ], [ -121.216674670733994, 45.671875154946079 ], [ -121.314132895907989, 45.702163505452553 ] ], [ [ -121.168299540191043, 45.607594836323983 ], [ -121.180544473599028, 45.613378750329709 ], [ -121.176261711890007, 45.606437918333214 ], [ -121.168299540191043, 45.607594836323983 ] ], [ [ -120.498999212142081, 45.701679103457536 ], [ -120.562484425332983, 45.743469364133666 ], [ -120.501807719466996, 45.70232034844463 ], [ -120.498999212142081, 45.701679103457536 ] ], [ [ -120.443162378367077, 45.699579969318734 ], [ -120.481307953296749, 45.697638196513097 ], [ -120.473785897073, 45.695919228513326 ], [ -120.443162378367077, 45.699579969318734 ] ], [ [ -120.212967568886782, 45.727571314478645 ], [ -120.29139681746102, 45.717614524611825 ], [ -120.214203098102999, 45.726718973426351 ], [ -120.212967568886782, 45.727571314478645 ] ], [ [ -120.170326010944009, 45.762550001272125 ], [ -120.197888129545703, 45.737971494502624 ], [ -120.157400532767795, 45.765872578348521 ], [ -120.170326010944009, 45.762550001272125 ] ], [ [ -119.97798884835602, 45.825275059962223 ], [ -120.032303135725215, 45.80068022783869 ], [ -120.024092566759492, 45.802749841365362 ], [ -119.97798884835602, 45.825275059962223 ] ], [ [ -120.02174129426902, 45.692173268856784 ], [ -120.03734926116114, 45.725923523946499 ], [ -120.037932304370997, 45.7253495330364 ], [ -120.02174129426902, 45.692173268856784 ] ], [ [ -119.593602290981067, 45.18157895190955 ], [ -119.56310530306699, 45.233893842521063 ], [ -119.589038542425996, 45.199404747689194 ], [ -119.593602290981067, 45.18157895190955 ] ], [ [ -119.595208845534003, 45.129283235356915 ], [ -119.596959462833325, 45.168460334666889 ], [ -119.601378025746996, 45.151186869933497 ], [ -119.595208845534003, 45.129283235356915 ] ], [ [ -123.469260421421154, 42.710154758641956 ], [ -123.588225952712989, 42.706185635430245 ], [ -123.851142338615972, 42.702288115621208 ], [ -123.546759076902006, 42.701867395111996 ], [ -123.469260421421154, 42.710154758641956 ] ], [ [ -123.237439870044014, 42.717576211819292 ], [ -123.170530396716998, 42.741146789045544 ], [ -123.135156125132994, 42.756584690296911 ], [ -123.237439870044014, 42.717576211819292 ] ], [ [ -123.048777091852003, 42.761637916726293 ], [ -122.941831620621997, 42.791123176694192 ], [ -123.135156125132994, 42.756584690296911 ], [ -123.048777091852003, 42.761637916726293 ] ], [ [ -122.431783991987004, 42.930312121158302 ], [ -122.282091791495517, 43.03723606998787 ], [ -122.303449427228998, 43.027506166856092 ], [ -122.431783991987004, 42.930312121158302 ] ], [ [ -122.138369555597706, 43.072232408008873 ], [ -122.131783275427807, 43.070178842987389 ], [ -122.134804647538999, 43.072351027494832 ], [ -122.138369555597706, 43.072232408008873 ] ], [ [ -122.090586043672801, 43.096444948579865 ], [ -122.092141614919342, 43.136067840133741 ], [ -122.096094042871016, 43.110605177271204 ], [ -122.090586043672801, 43.096444948579865 ] ], [ [ -122.088001733107362, 43.162718939731192 ], [ -122.079777947388635, 43.186122529111572 ], [ -122.085125277282003, 43.181225000064714 ], [ -122.088001733107362, 43.162718939731192 ] ], [ [ -122.027795318984872, 43.237914158458473 ], [ -122.023425800837003, 43.242022539381189 ], [ -122.022204922866393, 43.252526279502867 ], [ -122.027795318984872, 43.237914158458473 ] ], [ [ -122.021077114271407, 43.262226603773691 ], [ -122.019312639729989, 43.277397717691798 ], [ -122.045114906333751, 43.349768242686842 ], [ -122.021077114271407, 43.262226603773691 ] ], [ [ -122.065929588505, 42.931590411799476 ], [ -122.053134838922887, 42.969819640113393 ], [ -122.105690990805172, 42.897429840448723 ], [ -122.065929588505, 42.931590411799476 ] ], [ [ -122.196184035382984, 42.793101056011409 ], [ -122.196184088376597, 42.793100826257266 ], [ -122.183751017925232, 42.809891262695267 ], [ -122.196184035382984, 42.793101056011409 ] ], [ [ -122.307927865788002, 42.442966499179811 ], [ -122.276571254692954, 42.508789294154241 ], [ -122.344055764073175, 42.315333309143107 ], [ -122.307927865788002, 42.442966499179811 ] ], [ [ -122.504680583967996, 42.212930943201172 ], [ -122.525932141832996, 42.060726005107739 ], [ -122.510164462808007, 42.095444121129418 ], [ -122.504680247999019, 42.212930775535575 ], [ -122.372369635588996, 42.274889239675389 ], [ -122.344262383464653, 42.314602044694432 ], [ -122.504680583967996, 42.212930943201172 ] ], [ [ -122.595377433793132, 42.04174837239988 ], [ -122.592431053634002, 42.039210182354402 ], [ -122.58769419399276, 42.03945056444288 ], [ -122.595377433793132, 42.04174837239988 ] ], [ [ -122.633563588173004, 42.07877699862118 ], [ -122.643773772741596, 42.08340502226833 ], [ -122.621668415097915, 42.064386218411585 ], [ -122.633563588173004, 42.07877699862118 ] ], [ [ -122.659614408018982, 42.090582431813488 ], [ -122.692518788174965, 42.091276896689507 ], [ -122.651395997439764, 42.086859079376133 ], [ -122.659614408018982, 42.090582431813488 ] ], [ [ -122.740509345067991, 42.068362019254117 ], [ -122.692520467656053, 42.091276931921946 ], [ -122.749272278637292, 42.067647249756902 ], [ -122.740509345067991, 42.068362019254117 ] ], [ [ -122.80015172442701, 42.069750774134086 ], [ -122.83374268550368, 42.060726050941952 ], [ -122.763831780116618, 42.066458325681197 ], [ -122.80015172442701, 42.069750774134086 ] ], [ [ -122.91738041283601, 42.027413820699529 ], [ -122.917380506995897, 42.027413729409687 ], [ -122.878447936935942, 42.042930883521187 ], [ -122.91738041283601, 42.027413820699529 ] ], [ [ -121.995364677149993, 42.719364681241785 ], [ -121.968582529848007, 42.487675502052319 ], [ -121.835585829140001, 42.391310234079413 ], [ -121.118502284908999, 42.392705967445465 ], [ -121.111647016397001, 42.916813021955527 ], [ -121.352960328275998, 42.919627840375711 ], [ -121.351589274572987, 43.050641145808981 ], [ -121.894543384131012, 43.046411035966599 ], [ -121.919679368673997, 42.7210484300224 ], [ -121.995364677149993, 42.719364681241785 ] ], [ [ -123.533516576514018, 42.957246000214674 ], [ -123.628122185333993, 42.929371440428923 ], [ -123.638102143998793, 42.922207575649836 ], [ -123.533516576514018, 42.957246000214674 ] ], [ [ -123.037551762321471, 42.895996967313934 ], [ -122.965277359381005, 43.020655363274457 ], [ -123.037671215502996, 42.902365155163935 ], [ -123.037551762321471, 42.895996967313934 ] ], [ [ -123.022682436998466, 42.841514756520525 ], [ -123.03734854611605, 42.885160716927899 ], [ -123.03684855812898, 42.858485752517474 ], [ -123.022682436998466, 42.841514756520525 ] ], [ [ -123.009700861184996, 42.802836877083749 ], [ -123.011035310994231, 42.806814749237539 ], [ -123.012353085420813, 42.800333209119529 ], [ -123.009700861184996, 42.802836877083749 ] ], [ [ -123.878484273781979, 43.889238530361339 ], [ -123.890489273701391, 43.885769969426462 ], [ -123.84015632430993, 43.88649733643706 ], [ -123.878484273781979, 43.889238530361339 ] ], [ [ -123.715735205574006, 42.911639555954395 ], [ -123.823229114455017, 42.870003463273797 ], [ -123.828286488614566, 42.863977747453141 ], [ -123.715735205574006, 42.911639555954395 ] ], [ [ -123.834876901374486, 42.856123670667571 ], [ -123.838448276777015, 42.8518666634886 ], [ -123.827342401326007, 42.76799947861123 ], [ -123.834876901374486, 42.856123670667571 ] ], [ [ -121.28604819144401, 44.595420362008504 ], [ -121.228748028152012, 44.763380076644083 ], [ -121.049346605655003, 44.877520271969004 ], [ -121.065454521592997, 45.031670582653 ], [ -121.742076822532994, 45.047134320722662 ], [ -121.812276793305017, 44.609393166252033 ], [ -121.621836198860009, 44.575044764009213 ], [ -121.557567354751995, 44.675340606632531 ], [ -121.436962913388001, 44.584981539290268 ], [ -121.28604819144401, 44.595420362008504 ] ], [ [ -123.53462548752691, 47.465697821529908 ], [ -123.57700062809532, 47.443227727473484 ], [ -123.577098801563011, 47.44158104199915 ], [ -123.53462548752691, 47.465697821529908 ] ], [ [ -123.524323945532004, 47.351328787556277 ], [ -123.528437401286993, 47.448059220111247 ], [ -123.531637497499545, 47.45718190644142 ], [ -123.524323945532004, 47.351328787556277 ] ], [ [ -123.541921803179662, 47.301709135060243 ], [ -123.542422409561965, 47.300296591501294 ], [ -123.541388960670787, 47.297875274242685 ], [ -123.541921803179662, 47.301709135060243 ] ], [ [ -123.529876731752353, 47.270891404905328 ], [ -123.528437232403007, 47.267515856570547 ], [ -123.519391247198371, 47.264899286174881 ], [ -123.529876731752353, 47.270891404905328 ] ], [ [ -123.493062961717015, 47.217472853723493 ], [ -123.493062868292014, 47.217472767692193 ], [ -123.493060385595527, 47.217490895206332 ], [ -123.493062961717015, 47.217472853723493 ] ], [ [ -123.475096821324996, 47.115653366059242 ], [ -123.460196319280996, 47.138840000679586 ], [ -123.462159328047207, 47.143541420910068 ], [ -123.475096821324996, 47.115653366059242 ] ], [ [ -122.907635681238759, 46.779474279427696 ], [ -122.906949864764997, 46.779041218164963 ], [ -122.891342310985536, 46.794640294082576 ], [ -122.907635681238759, 46.779474279427696 ] ], [ [ -122.891339292328027, 46.794643103116009 ], [ -122.891338879473537, 46.794643063844582 ], [ -122.891339288507012, 46.794643106671678 ], [ -122.891339292328027, 46.794643103116009 ] ], [ [ -122.869764096566428, 46.792589079101781 ], [ -122.869581374572007, 46.792571668444111 ], [ -122.857929242784792, 46.811256292624265 ], [ -122.869764096566428, 46.792589079101781 ] ], [ [ -122.857912431782822, 46.811282801278075 ], [ -122.855047789221587, 46.809701165612658 ], [ -122.857912415338006, 46.81128282720934 ], [ -122.857912431782822, 46.811282801278075 ] ], [ [ -122.751220668914485, 46.783761353452547 ], [ -122.825809995765979, 46.808304565899221 ], [ -122.84125242042532, 46.802082630252734 ], [ -122.751220668914485, 46.783761353452547 ] ], [ [ -122.676226358620781, 46.790280975247441 ], [ -122.626812893099725, 46.794553710191337 ], [ -122.626812948239021, 46.794553739359117 ], [ -122.676226358620781, 46.790280975247441 ] ], [ [ -122.626812176099548, 46.794553330910794 ], [ -122.577785727037252, 46.75728424740241 ], [ -122.58813822946999, 46.774084331863712 ], [ -122.626812176099548, 46.794553330910794 ] ], [ [ -122.5516234806216, 46.737373469928535 ], [ -122.545731925179993, 46.732887521929207 ], [ -122.534070472830265, 46.732999204539311 ], [ -122.5516234806216, 46.737373469928535 ] ], [ [ -121.789772872544006, 46.458095701605373 ], [ -121.63121385876471, 46.720081179253135 ], [ -121.803024599258464, 46.334416188918055 ], [ -121.789772872544006, 46.458095701605373 ] ], [ [ -121.794160019811997, 46.171846420113809 ], [ -121.780997455112015, 46.219452344200903 ], [ -121.789742788385595, 46.307328451093007 ], [ -121.780997889896, 46.219452462294093 ], [ -121.794160408783, 46.171846719957003 ], [ -121.853391746018005, 46.086258706817517 ], [ -121.854548185862853, 46.06623342847444 ], [ -121.794160019811997, 46.171846420113809 ] ], [ [ -121.775603078547618, 45.915700036775149 ], [ -121.807322584513003, 45.986571158005184 ], [ -121.819837994943754, 46.002580046531669 ], [ -121.807322927669006, 45.986571380835208 ], [ -121.775603078547618, 45.915700036775149 ] ], [ [ -121.754672850326997, 45.801906101391111 ], [ -121.754672325710999, 45.801905865920119 ], [ -121.748008495659363, 45.837828838167233 ], [ -121.754672850326997, 45.801906101391111 ] ], [ [ -123.783570542924053, 45.140763997850861 ], [ -123.787169295357998, 45.13161740088988 ], [ -123.783253168732287, 45.126569509935464 ], [ -123.783570542924053, 45.140763997850861 ] ], [ [ -123.755681835725412, 45.187145194427103 ], [ -123.769345050153007, 45.176896189378795 ], [ -123.776772827724358, 45.158034574548246 ], [ -123.755681835725412, 45.187145194427103 ] ], [ [ -123.695991426795004, 45.220748218848719 ], [ -123.725607094964005, 45.20968974769908 ], [ -123.747452997791314, 45.193315726517774 ], [ -123.695991426795004, 45.220748218848719 ] ], [ [ -123.54297713811502, 45.21109791072746 ], [ -123.643889787103021, 45.222210528496319 ], [ -123.695991426795004, 45.220748218848719 ], [ -123.54297713811502, 45.21109791072746 ] ], [ [ -123.52309624947398, 45.217677491559947 ], [ -123.514374890132984, 45.225531126535508 ], [ -123.54297713811502, 45.21109791072746 ], [ -123.52309624947398, 45.217677491559947 ] ], [ [ -119.250113168880006, 46.318951031961859 ], [ -119.268913784882997, 46.277951041956385 ], [ -119.26502412466904, 46.275355908215182 ], [ -119.250113168880006, 46.318951031961859 ] ], [ [ -119.216869249642443, 46.243203131642503 ], [ -119.208411127603, 46.237551012561276 ], [ -119.206898615570722, 46.23719115430692 ], [ -119.216869249642443, 46.243203131642503 ] ], [ [ -119.194481880930041, 46.234236185498119 ], [ -119.165379579705998, 46.227304973729581 ], [ -119.117307360170017, 46.222549869908015 ], [ -119.194481880930041, 46.234236185498119 ] ], [ [ -118.823698624026008, 46.285034826070039 ], [ -118.774190222930002, 46.291291355140764 ], [ -118.774157000206046, 46.293222471701966 ], [ -118.823698624026008, 46.285034826070039 ] ], [ [ -118.773809171090647, 46.313434406101024 ], [ -118.773743906905551, 46.317225587370622 ], [ -118.774420416222, 46.316187011617679 ], [ -118.773809171090647, 46.313434406101024 ] ], [ [ -118.615864371061335, 46.50314007559345 ], [ -118.612105594857923, 46.5067785391767 ], [ -118.615578061896002, 46.504537301614285 ], [ -118.615864371061335, 46.50314007559345 ] ], [ [ -118.490625214946476, 46.585044218112316 ], [ -118.470121419669823, 46.596949363876313 ], [ -118.471632020767998, 46.597256061045499 ], [ -118.490625214946476, 46.585044218112316 ] ], [ [ -118.389712404221015, 46.580596171292605 ], [ -118.330438341899566, 46.603721440949684 ], [ -118.361702933662002, 46.598008332271121 ], [ -118.389712404221015, 46.580596171292605 ] ], [ [ -118.319188956477234, 46.605775124477844 ], [ -118.292113307488037, 46.597407532618938 ], [ -118.314061905462992, 46.606710772336307 ], [ -118.319188956477234, 46.605775124477844 ] ], [ [ -118.278616630139993, 46.59323374036137 ], [ -118.248551140474987, 46.601102950503389 ], [ -118.28145692963993, 46.594112241337513 ], [ -118.278616630139993, 46.59323374036137 ] ], [ [ -118.214622301520507, 46.588986843529675 ], [ -118.062681574844007, 46.771240091520703 ], [ -118.062179397576713, 46.771164247285618 ], [ -118.062681847932012, 46.771240139511526 ], [ -118.214622301520507, 46.588986843529675 ] ], [ [ -118.045453108505001, 46.768636923042358 ], [ -118.036463393470001, 46.784337597041208 ], [ -118.045453165342707, 46.768636931634241 ], [ -118.045453108505001, 46.768636923042358 ] ], [ [ -118.025451062179343, 46.784528324423697 ], [ -118.015599109207002, 46.78469791910868 ], [ -118.015599146453951, 46.784698204553948 ], [ -118.025451062179343, 46.784528324423697 ] ], [ [ -118.015600727741031, 46.784710322886689 ], [ -118.019395015667726, 46.813776607414852 ], [ -118.019936638031012, 46.813407146494519 ], [ -118.015600727741031, 46.784710322886689 ] ], [ [ -117.997654107970007, 46.822429915970211 ], [ -118.017987580736985, 46.814736644165755 ], [ -117.918489242614996, 46.84106589668658 ], [ -117.997654107970007, 46.822429915970211 ] ], [ [ -117.993214460728566, 46.833957200540802 ], [ -117.991756104886008, 46.837742914888359 ], [ -118.004616112124651, 46.847730144329347 ], [ -117.993214460728566, 46.833957200540802 ] ], [ [ -117.949978089492006, 46.870641658494556 ], [ -117.949977829879003, 46.870641700255653 ], [ -117.927897263951536, 46.9121577552202 ], [ -117.949978089492006, 46.870641658494556 ] ], [ [ -117.877837433414996, 46.912570887615068 ], [ -117.877837757706004, 46.912571202418199 ], [ -117.91871253824506, 46.912234978551567 ], [ -117.877837433414996, 46.912570887615068 ] ], [ [ -117.853683892907398, 46.923388087094004 ], [ -117.843555904881001, 46.923374817338221 ], [ -117.843555831116575, 46.923374979350029 ], [ -117.853683892907398, 46.923388087094004 ] ], [ [ -117.805537974958014, 46.94426305521521 ], [ -117.805537634497014, 46.944262979780817 ], [ -117.78397948432098, 47.010940329347626 ], [ -117.805537974958014, 46.94426305521521 ] ], [ [ -119.197228054239218, 47.428189448445835 ], [ -119.192369065362001, 47.939416829699013 ], [ -119.192369462963086, 47.939416829806483 ], [ -119.197228054239218, 47.428189448445835 ] ], [ [ -119.86426873243677, 47.940614141571416 ], [ -119.877306480463147, 47.928816079244136 ], [ -119.862838398878779, 47.937983028188732 ], [ -119.86426873243677, 47.940614141571416 ] ], [ [ -119.872684105848251, 48.016444884415208 ], [ -119.872152989639019, 48.018414044632401 ], [ -119.876385006983156, 48.023670039323164 ], [ -119.872684105848251, 48.016444884415208 ] ], [ [ -119.88975924362974, 48.049767537632235 ], [ -119.809879476253002, 48.088176126620709 ], [ -119.892502545533006, 48.055118174786422 ], [ -119.88975924362974, 48.049767537632235 ] ], [ [ -119.620719540737994, 47.996822005376721 ], [ -119.133189884312017, 48.152021970480654 ], [ -118.951878147650987, 48.018640182492916 ], [ -118.972308670497995, 47.943225941207309 ], [ -118.570381748436006, 47.93231189845558 ], [ -118.383436807782005, 47.830356883887283 ], [ -118.388269152918994, 48.021017397120062 ], [ -118.242676371417005, 48.061695778776247 ], [ -118.140633143236016, 48.25460462317259 ], [ -118.177354072076994, 48.518060807838346 ], [ -119.510829625568988, 48.514253954567693 ], [ -119.473597134919999, 48.40917139764872 ], [ -119.723471782539036, 48.271935400678217 ], [ -119.666557219869006, 48.14991079385188 ], [ -119.770679070566018, 48.102940611233016 ], [ -119.620719540737994, 47.996822005376721 ] ], [ [ -117.675223393095976, 47.888476069563794 ], [ -117.653211939515984, 47.836884807879507 ], [ -117.673810924327015, 47.888755804601495 ], [ -117.675223393095976, 47.888476069563794 ] ], [ [ -118.177918366789015, 46.548752387478736 ], [ -118.177918855472001, 46.548752276273788 ], [ -118.177880453363841, 46.548729213389223 ], [ -118.177918366789015, 46.548752387478736 ] ], [ [ -118.115263610193011, 46.511090196765089 ], [ -118.020650540535769, 46.503884140456194 ], [ -118.116144777420388, 46.511620333900375 ], [ -118.115263610193011, 46.511090196765089 ] ], [ [ -117.740260427888998, 46.437547443818097 ], [ -117.857837489340042, 46.456934213158043 ], [ -117.731929007782966, 46.432935687571074 ], [ -117.740260427888998, 46.437547443818097 ] ], [ [ -117.725114233921019, 46.429162643185876 ], [ -117.741297203203004, 46.413068395075584 ], [ -117.741296930025172, 46.413068081874243 ], [ -117.725114233921019, 46.429162643185876 ] ], [ [ -117.514148077566006, 46.288553096176805 ], [ -117.514147933896041, 46.288553323514286 ], [ -117.62770513282986, 46.362698168489878 ], [ -117.514148077566006, 46.288553096176805 ] ], [ [ -117.228959924316996, 46.592187409664433 ], [ -117.228959914435009, 46.592187683750119 ], [ -117.310128783746009, 46.549051014944112 ], [ -117.371553875177014, 46.49876763990418 ], [ -117.448335237894, 46.410284616436726 ], [ -117.474660277463016, 46.405505788524287 ], [ -117.51195391508638, 46.360127264668634 ], [ -117.474660383464013, 46.405505639240928 ], [ -117.448335254062997, 46.410284357536284 ], [ -117.426397271930995, 46.429404331687998 ], [ -117.371554000941003, 46.498767410487616 ], [ -117.228959924316996, 46.592187409664433 ] ], [ [ -117.197535732784004, 46.595443623171214 ], [ -117.150446557394034, 46.572981338887942 ], [ -117.205386611167199, 46.603377721839806 ], [ -117.197535732784004, 46.595443623171214 ] ], [ [ -117.083296978103007, 46.542568470658935 ], [ -117.046477019955674, 46.532077767137416 ], [ -117.117551877345832, 46.569391439929603 ], [ -117.083296978103007, 46.542568470658935 ] ], [ [ -118.498870063077007, 45.808339457528383 ], [ -118.744189556941279, 45.686207221467832 ], [ -118.74508455170502, 45.518363093592271 ], [ -118.396781717179621, 45.583278127175603 ], [ -118.306269020373009, 45.755551730738489 ], [ -118.498870063077007, 45.808339457528383 ] ], [ [ -118.738548164388291, 45.41556443859924 ], [ -118.688067395246293, 45.371260299636482 ], [ -118.738547916523018, 45.415564398788476 ], [ -118.738548164388291, 45.41556443859924 ] ], [ [ -118.760485300376999, 45.419085578396171 ], [ -118.746822975986959, 45.416893214459762 ], [ -118.760485173037424, 45.419085885253693 ], [ -118.760485300376999, 45.419085578396171 ] ], [ [ -118.76926071780899, 45.48486080334358 ], [ -118.769260461789003, 45.484861025035649 ], [ -118.783677808776488, 45.489615469320945 ], [ -118.76926071780899, 45.48486080334358 ] ], [ [ -118.794157019257995, 45.549357014909567 ], [ -118.860764333986566, 45.636076525803567 ], [ -118.796216771125543, 45.51803885573721 ], [ -118.794157019257995, 45.549357014909567 ] ], [ [ -117.648409762232376, 45.324713441434938 ], [ -117.694870023530996, 45.370684172711094 ], [ -117.653737289565001, 45.328914797326334 ], [ -117.648409762232376, 45.324713441434938 ] ], [ [ -117.84706147607298, 45.679400138911575 ], [ -117.959935384403835, 45.778985333847082 ], [ -117.949893872434018, 45.765699054147895 ], [ -117.84706147607298, 45.679400138911575 ] ], [ [ -116.845718412017021, 44.96675097131704 ], [ -116.836448921178999, 44.969239186953828 ], [ -116.83139140613001, 44.97556093002806 ], [ -116.845718412017021, 44.96675097131704 ] ], [ [ -116.842085849587008, 44.97968899053447 ], [ -116.839851290318009, 44.982475283228872 ], [ -116.839186537008004, 44.983304473039176 ], [ -116.842085849587008, 44.97968899053447 ] ], [ [ -116.827348987351002, 44.980858169749851 ], [ -116.82627100901, 44.982492756701099 ], [ -116.827357970503996, 44.983940653642286 ], [ -116.827348987351002, 44.980858169749851 ] ], [ [ -116.257927140842, 46.566335240034306 ], [ -116.910820443551998, 46.534984295971306 ], [ -116.835258653427999, 46.209968338584183 ], [ -115.965789395976003, 45.994067756287386 ], [ -115.893638958143015, 46.144542718271175 ], [ -116.257927140842, 46.566335240034306 ] ], [ [ -117.51641418656601, 46.837776656876883 ], [ -117.588143301055993, 46.856068062742928 ], [ -117.516155600807195, 46.837520027852165 ], [ -117.51641418656601, 46.837776656876883 ] ], [ [ -117.876021110877005, 46.869025224645377 ], [ -117.856189106757014, 46.859275551094036 ], [ -117.83182052421499, 46.852935822429878 ], [ -117.876021110877005, 46.869025224645377 ] ], [ [ -122.930078573686998, 47.370904993579956 ], [ -122.917593865708298, 47.380007728174 ], [ -122.944674228257597, 47.365757391028431 ], [ -122.930078573686998, 47.370904993579956 ] ], [ [ -122.555494574939004, 47.816792046324046 ], [ -122.552081703664356, 47.825246322767882 ], [ -122.568224985882978, 47.811572772652369 ], [ -122.555494574939004, 47.816792046324046 ] ], [ [ -122.555915289078015, 47.881193440538972 ], [ -122.547899692426952, 47.835603134719612 ], [ -122.543978172996006, 47.845312076939962 ], [ -122.555915289078015, 47.881193440538972 ] ], [ [ -122.640686304907987, 48.016864827481662 ], [ -122.653574917071353, 48.054873047039663 ], [ -122.635750062422019, 47.947663840374084 ], [ -122.640686304907987, 48.016864827481662 ] ], [ [ -119.472049725758012, 48.673971540795499 ], [ -119.472152415053714, 48.672889170580284 ], [ -119.437735432071989, 48.713254093810946 ], [ -119.472049725758012, 48.673971540795499 ] ], [ [ -119.459262571506017, 48.633459688857762 ], [ -119.47228800835741, 48.671459935503385 ], [ -119.474192398152994, 48.651380674523217 ], [ -119.459262571506017, 48.633459688857762 ] ], [ [ -122.723316713423998, 47.49585099788348 ], [ -122.732262164553561, 47.492378768883064 ], [ -122.715146036579881, 47.493305842576305 ], [ -122.723316713423998, 47.49585099788348 ] ], [ [ -122.531637566781001, 47.510480788711114 ], [ -122.666142314271994, 47.478027428391584 ], [ -122.514225457383361, 47.511023957905174 ], [ -122.531637566781001, 47.510480788711114 ] ], [ [ -122.408444854505021, 47.489223543000726 ], [ -122.4553664550848, 47.512823015851964 ], [ -122.406578466287485, 47.487443114794303 ], [ -122.408444854505021, 47.489223543000726 ] ], [ [ -122.249951149298838, 47.260286822407664 ], [ -122.278815460086932, 47.320748894773054 ], [ -122.264182718686996, 47.273707273554272 ], [ -122.249951149298838, 47.260286822407664 ] ], [ [ -122.196774365643279, 47.213284345789091 ], [ -122.233799936049394, 47.245048419465263 ], [ -122.204403205211008, 47.217292010009309 ], [ -122.196774365643279, 47.213284345789091 ] ], [ [ -122.124879545934391, 47.175473659909457 ], [ -122.124882376223695, 47.175475054059653 ], [ -122.124879844685012, 47.175473721332679 ], [ -122.124879545934391, 47.175473659909457 ] ], [ [ -121.634674292652917, 47.103549382646918 ], [ -121.913752733587003, 47.147375382185636 ], [ -121.913777623498916, 47.147376163761692 ], [ -121.913752733587003, 47.147375000337099 ], [ -121.634674292652917, 47.103549382646918 ] ], [ [ -121.410808775807936, 47.080872092264592 ], [ -121.406434791351018, 47.08819184164517 ], [ -121.476126251725532, 47.096493544997401 ], [ -121.410808775807936, 47.080872092264592 ] ], [ [ -121.22597784839499, 48.153742037381626 ], [ -121.26765967757801, 48.092063590406212 ], [ -121.205165755721708, 48.166764735076839 ], [ -121.22597784839499, 48.153742037381626 ] ], [ [ -121.166747430137008, 48.190783926666029 ], [ -121.177133268303407, 48.184293269959269 ], [ -121.125065600952979, 48.205608157747612 ], [ -121.166747430137008, 48.190783926666029 ] ], [ [ -121.036629725923746, 48.202364846524695 ], [ -121.036629829913991, 48.202364647890278 ], [ -121.001007029024052, 48.211540639182004 ], [ -121.036629725923746, 48.202364846524695 ] ], [ [ -120.880325074332006, 48.328534160281961 ], [ -120.880325216266016, 48.328533920186487 ], [ -120.848516767310642, 48.341435673107917 ], [ -120.880325074332006, 48.328534160281961 ] ], [ [ -120.263185008786678, 48.213554344666328 ], [ -120.092219742777999, 48.096841002250322 ], [ -120.092206359850636, 48.096829050652929 ], [ -120.092219221755002, 48.096841260233475 ], [ -120.263185008786678, 48.213554344666328 ] ], [ [ -119.892046471621597, 47.919472957128669 ], [ -119.901202364397662, 47.925726362369467 ], [ -119.89333498466199, 47.918656030746526 ], [ -119.892046471621597, 47.919472957128669 ] ], [ [ -120.048068669458019, 46.233779362957215 ], [ -120.567210686620982, 46.553648930374401 ], [ -121.051801252169, 46.465866951594855 ], [ -121.171134577404999, 46.326714979589717 ], [ -120.903496136125014, 46.164709129265169 ], [ -120.833296165354, 46.003173247653514 ], [ -120.670958241678008, 45.986571158005184 ], [ -120.466939611713997, 45.97471527026638 ], [ -120.102777193155006, 46.131414168756464 ], [ -120.048068669458019, 46.233779362957215 ] ], [ [ -122.696233069054998, 47.024852412089444 ], [ -122.623344328347997, 47.033763868300113 ], [ -122.69748678032299, 47.042243983787209 ], [ -122.696233069054998, 47.024852412089444 ] ], [ [ -122.899079397573999, 47.189235641471974 ], [ -122.920761359850005, 47.223764200156587 ], [ -122.898304600641012, 47.171385937839446 ], [ -122.899079397573999, 47.189235641471974 ] ], [ [ -122.42879506437302, 47.319175776313372 ], [ -122.397880666763982, 47.197822631722701 ], [ -122.308051945586996, 47.205924965817758 ], [ -122.42879506437302, 47.319175776313372 ] ], [ [ -120.991004616679234, 48.289404404687545 ], [ -120.967526764987014, 48.334107556328277 ], [ -120.943864402275764, 48.358409761453025 ], [ -120.967526926682993, 48.334107474513644 ], [ -120.991004616679234, 48.289404404687545 ] ], [ [ -122.552451531914016, 47.724475992638922 ], [ -122.596878837184008, 47.740455594324295 ], [ -122.593818950748016, 47.693481625552124 ], [ -122.552451531914016, 47.724475992638922 ] ], [ [ -122.193228724524019, 48.036527577304554 ], [ -122.189989175029979, 48.117309847314523 ], [ -122.353056979874012, 48.116174110915168 ], [ -122.287773039495008, 48.051914304394423 ], [ -122.193228724524019, 48.036527577304554 ] ], [ [ -122.502441197153018, 48.43779745857568 ], [ -122.571197126105005, 48.419254138280614 ], [ -122.533096206223007, 48.375049856056663 ], [ -122.514106944011004, 48.375786038653324 ], [ -122.502441197153018, 48.43779745857568 ] ], [ [ -122.648910381333991, 48.711791893971444 ], [ -122.605644148569013, 48.704128526042894 ], [ -122.623267971548998, 48.720962393001081 ], [ -122.648910381333991, 48.711791893971444 ] ], [ [ -122.599479459931999, 48.766233234986132 ], [ -122.669380740870992, 48.731808065300172 ], [ -122.648330967976008, 48.715034135719073 ], [ -122.599479459931999, 48.766233234986132 ] ], [ [ -123.662243383093895, 47.626281386790595 ], [ -123.590890646000986, 47.558883696621706 ], [ -123.543045431056541, 47.489684119212548 ], [ -123.590890525626989, 47.558883772398303 ], [ -123.662243383093895, 47.626281386790595 ] ], [ [ -123.141333133266002, 47.310368046606804 ], [ -123.193221508418006, 47.342854469795441 ], [ -123.192299050909995, 47.315726171424018 ], [ -123.141333133266002, 47.310368046606804 ] ], [ [ -114.586005191921004, 39.501295618174815 ], [ -114.586005191921004, 39.501294751738271 ], [ -114.472478352102002, 39.551036388697796 ], [ -114.586005191921004, 39.501295618174815 ] ], [ [ -114.472478352102002, 39.551036388697796 ], [ -114.04771670737, 39.54201053430522 ], [ -113.966048745154225, 39.588073811137932 ], [ -114.04771670737, 39.54201140023401 ], [ -114.324400060667998, 39.570300719724933 ], [ -114.472478352102002, 39.551036388697796 ] ], [ [ -113.479699911872643, 39.671993733015412 ], [ -113.348331097130995, 39.697733724859333 ], [ -113.265047510939524, 39.706988949295798 ], [ -113.348329974237004, 39.697734156850643 ], [ -113.479699911872643, 39.671993733015412 ] ], [ [ -112.957568440114997, 39.70577693409129 ], [ -112.815248349651995, 39.713015884640598 ], [ -112.672928259189007, 39.735543336064161 ], [ -112.815248349651995, 39.713016316536219 ], [ -112.957568440114997, 39.70577693409129 ] ], [ [ -112.535544411212996, 39.779815035371165 ], [ -112.503350752685435, 39.802463727271956 ], [ -112.576380263865303, 39.766677071773032 ], [ -112.535544411212996, 39.779815035371165 ] ], [ [ -112.416860136162484, 39.838952385748733 ], [ -112.432712014851006, 39.837005113077701 ], [ -112.447524347146327, 39.82976808224641 ], [ -112.416860136162484, 39.838952385748733 ] ], [ [ -112.236114407232904, 39.856602105670547 ], [ -112.257897614773, 39.858363272232076 ], [ -112.359506520596454, 39.845980220793152 ], [ -112.236114407232904, 39.856602105670547 ] ], [ [ -112.089663374151996, 39.844661347547067 ], [ -112.089660225741227, 39.844664486969002 ], [ -112.089664333697314, 39.844661467608802 ], [ -112.089663374151996, 39.844661347547067 ] ], [ [ -112.065806365994007, 39.868440236108626 ], [ -112.072525759988153, 39.967673146982044 ], [ -112.071606762563846, 39.862660673982212 ], [ -112.065806365994007, 39.868440236108626 ] ], [ [ -112.097754949073007, 39.995667758880792 ], [ -112.123960217565951, 40.004248615577467 ], [ -112.097754869393668, 39.99566767050969 ], [ -112.097754949073007, 39.995667758880792 ] ], [ [ -112.16487053318744, 40.044433151458335 ], [ -112.150404084981005, 40.012900089714798 ], [ -112.150402995969259, 40.012899733586252 ], [ -112.16487053318744, 40.044433151458335 ] ], [ [ -112.167953796950997, 40.051150123870272 ], [ -112.156217307763995, 40.101823195494383 ], [ -112.156217359520255, 40.101823401640203 ], [ -112.167953796950997, 40.051150123870272 ] ], [ [ -112.18254235177082, 40.206523132438818 ], [ -112.182542437164997, 40.2065226139934 ], [ -112.164984594951633, 40.136726409076068 ], [ -112.18254235177082, 40.206523132438818 ] ], [ [ -112.176638678837122, 40.580832834966763 ], [ -112.200424525789018, 40.513394452585921 ], [ -112.176862163729609, 40.351953912658828 ], [ -112.200423402894998, 40.513394452585892 ], [ -112.176638678837122, 40.580832834966763 ] ], [ [ -112.128391186118506, 40.438978204390999 ], [ -112.141466970799002, 40.432064152224491 ], [ -112.158649287785238, 40.411330142097867 ], [ -112.128391186118506, 40.438978204390999 ] ], [ [ -111.741108060760013, 40.535098437519984 ], [ -111.768529134808006, 40.543239459791032 ], [ -111.786353955832993, 40.543239459791032 ], [ -111.741108060760013, 40.535098437519984 ] ], [ [ -111.695862165687018, 40.474072449529274 ], [ -111.658842592829004, 40.417164741776787 ], [ -111.741108060760013, 40.535098437519984 ], [ -111.695862165687018, 40.474072449529274 ] ], [ [ -111.234469469458006, 40.306760312318907 ], [ -111.185484337014998, 40.10738006911852 ], [ -110.942799971433999, 40.061552797498194 ], [ -110.985303759101996, 39.921562541677673 ], [ -110.916748828194017, 39.863765446691524 ], [ -110.353228913101006, 39.933666134825692 ], [ -110.196924299453002, 40.104683281420876 ], [ -109.871974465939999, 40.103334847481307 ], [ -109.744702955845469, 40.025680785338771 ], [ -109.654042306647, 40.091599439585814 ], [ -109.830885524844007, 40.361535076563712 ], [ -109.750495290068997, 40.444492333966593 ], [ -109.880474774315999, 40.555145416362905 ], [ -109.953691961548003, 40.799188618225386 ], [ -109.774093952749496, 40.769401119085664 ], [ -110.03135131786, 40.815163965912788 ], [ -110.372753795801998, 40.823338837054393 ], [ -110.849893958961999, 40.68450493042171 ], [ -110.910222567654998, 40.474072449529274 ], [ -111.146052787619013, 40.467295001394277 ], [ -111.229688186358004, 40.307546400391146 ], [ -111.348973227147994, 40.302137792385402 ], [ -111.234469469458006, 40.306760312318907 ] ], [ [ -109.628058375357, 40.113243499822005 ], [ -109.626954036126122, 40.146798444825968 ], [ -109.629794004491814, 40.112860491610462 ], [ -109.628058375357, 40.113243499822005 ] ], [ [ -109.589732786823006, 40.153643376252809 ], [ -109.589732979062006, 40.153643025400903 ], [ -109.578680005480962, 40.164041088794555 ], [ -109.589732786823006, 40.153643376252809 ] ], [ [ -109.573994710880015, 40.187037222054933 ], [ -109.609220470831673, 40.186637948305091 ], [ -109.573994487155417, 40.187036462365853 ], [ -109.573994710880015, 40.187037222054933 ] ], [ [ -109.583008907701014, 40.208784886168075 ], [ -109.583009210543509, 40.20878553725359 ], [ -109.617508366187309, 40.187723344061723 ], [ -109.583008907701014, 40.208784886168075 ] ], [ [ -109.598949162635634, 40.243037991015591 ], [ -109.598949501638003, 40.243037942970631 ], [ -109.591409912890214, 40.226841583796507 ], [ -109.598949162635634, 40.243037991015591 ] ], [ [ -109.595488071258714, 40.267022968375365 ], [ -109.595488742005998, 40.2670226940673 ], [ -109.579141263302162, 40.255068510935978 ], [ -109.595488071258714, 40.267022968375365 ] ], [ [ -109.545061614956396, 40.28762858949414 ], [ -109.545061813531007, 40.28762934951596 ], [ -109.577025007691276, 40.274571472483331 ], [ -109.545061614956396, 40.28762858949414 ] ], [ [ -109.492745585183002, 40.271047804613012 ], [ -109.492746177173004, 40.271047884806009 ], [ -109.519646382866, 40.24315567651346 ], [ -109.492745585183002, 40.271047804613012 ] ], [ [ -109.506423467729803, 40.299412602759944 ], [ -109.520872428717993, 40.302483764443174 ], [ -109.520872746082944, 40.302483041584104 ], [ -109.506423467729803, 40.299412602759944 ] ], [ [ -109.497611780636007, 40.297539201242188 ], [ -109.492805561182863, 40.304648048861885 ], [ -109.497612515317712, 40.297539357468217 ], [ -109.497611780636007, 40.297539201242188 ] ], [ [ -109.414233421340015, 40.294993587204679 ], [ -109.414233398882999, 40.294992795151181 ], [ -109.392696469128637, 40.317089471177738 ], [ -109.414233421340015, 40.294993587204679 ] ], [ [ -109.365191709282939, 40.328282116761805 ], [ -109.384705797951, 40.325283183864592 ], [ -109.384706454677683, 40.32528251054692 ], [ -109.365191709282939, 40.328282116761805 ] ], [ [ -109.323204806964, 40.384832244442428 ], [ -109.323205072306536, 40.384832563555101 ], [ -109.328860510113856, 40.375274258641419 ], [ -109.323204806964, 40.384832244442428 ] ], [ [ -109.278953914194091, 40.394312669985126 ], [ -109.328408379096004, 40.435776951074736 ], [ -109.278954347633999, 40.394311973581281 ], [ -109.278953914194091, 40.394312669985126 ] ], [ [ -109.23572062400001, 40.405687036197286 ], [ -109.235721243718928, 40.4056880241085 ], [ -109.256619466765031, 40.416923573179957 ], [ -109.23572062400001, 40.405687036197286 ] ], [ [ -109.268269771868546, 40.457533504431147 ], [ -109.268270662399999, 40.457533385879444 ], [ -109.249249177176154, 40.427246186541502 ], [ -109.268269771868546, 40.457533504431147 ] ], [ [ -109.144903076824278, 40.503041802307763 ], [ -109.179240742685053, 40.48074463174639 ], [ -109.144902165095004, 40.503041017690485 ], [ -109.144903076824278, 40.503041802307763 ] ], [ [ -109.161119491239376, 40.516993641697027 ], [ -109.161119615310994, 40.516993491396008 ], [ -109.153958296852139, 40.510833400853315 ], [ -109.161119491239376, 40.516993641697027 ] ], [ [ -109.113483237690005, 40.50959881375033 ], [ -109.113470245722937, 40.509611056626987 ], [ -109.113483962800089, 40.509599070885905 ], [ -109.113483237690005, 40.50959881375033 ] ], [ [ -109.069502412720425, 40.537780492656687 ], [ -109.083428817962997, 40.535847725978186 ], [ -109.08557420564884, 40.533974913936248 ], [ -109.069502412720425, 40.537780492656687 ] ], [ [ -109.048813050567006, 40.577259282572939 ], [ -109.005378694502994, 40.598512489729828 ], [ -109.050836999818003, 40.233154999614172 ], [ -109.048813050567006, 40.577259282572939 ] ], [ [ -108.989859077876446, 40.522928299652619 ], [ -109.011204080488923, 40.546735137825593 ], [ -108.992157862377994, 40.522176736859805 ], [ -108.989859077876446, 40.522928299652619 ] ], [ [ -108.975442977808981, 40.527640184453794 ], [ -108.979974338267994, 40.529670539728606 ], [ -108.985847208075384, 40.524239800227249 ], [ -108.975442977808981, 40.527640184453794 ] ], [ [ -108.943087266914006, 40.529989739596303 ], [ -108.951185807687679, 40.523799569639486 ], [ -108.919192080356012, 40.525952688114579 ], [ -108.943087266914006, 40.529989739596303 ] ], [ [ -108.931294633020997, 40.517826637927485 ], [ -108.931295276214996, 40.517826532760537 ], [ -108.931189826397102, 40.517725148047234 ], [ -108.931294633020997, 40.517826637927485 ] ], [ [ -108.905051258462876, 40.491765128646357 ], [ -108.904949291525995, 40.492303413125079 ], [ -108.905158563862287, 40.492506246986352 ], [ -108.905051258462876, 40.491765128646357 ] ], [ [ -108.901977289070999, 40.470527936649781 ], [ -108.89635902858754, 40.475055370590717 ], [ -108.902697115786694, 40.47550213249891 ], [ -108.901977289070999, 40.470527936649781 ] ], [ [ -108.870883102000235, 40.495574787280269 ], [ -108.870882930164001, 40.495575682498526 ], [ -108.870887338770174, 40.495571376186959 ], [ -108.870883102000235, 40.495574787280269 ] ], [ [ -108.855847512674842, 40.484820349888494 ], [ -108.873011554546991, 40.484482460414625 ], [ -108.873011693943994, 40.484481734037324 ], [ -108.855847512674842, 40.484820349888494 ] ], [ [ -108.870318295889007, 40.471855000507929 ], [ -108.869272321587346, 40.471612514400093 ], [ -108.869942821563171, 40.472191492364409 ], [ -108.870318295889007, 40.471855000507929 ] ], [ [ -108.84366490232, 40.465672800172378 ], [ -108.843348690824698, 40.466176896923201 ], [ -108.845224836430972, 40.466034807144645 ], [ -108.84366490232, 40.465672800172378 ] ], [ [ -108.822700455122728, 40.480427462534109 ], [ -108.829005717407, 40.483599356349522 ], [ -108.830453619105029, 40.481692855529793 ], [ -108.822700455122728, 40.480427462534109 ] ], [ [ -108.812157814252998, 40.494889133990128 ], [ -108.812653907072004, 40.478786995274902 ], [ -108.812156844620532, 40.494889342552995 ], [ -108.812157814252998, 40.494889133990128 ] ], [ [ -108.776871647669694, 40.50247259316599 ], [ -108.776871989892996, 40.50247322651952 ], [ -108.802970788996987, 40.496864828257984 ], [ -108.776871647669694, 40.50247259316599 ] ], [ [ -108.766725518759003, 40.483689887081901 ], [ -108.766725649912999, 40.483689792110049 ], [ -108.751460094649616, 40.489814244064767 ], [ -108.766725518759003, 40.483689887081901 ] ], [ [ -108.745172689304994, 40.492335863343818 ], [ -108.660016475128003, 40.457664588115499 ], [ -108.652656774537505, 40.463365661118324 ], [ -108.660016891947009, 40.457664962681768 ], [ -108.745172689304994, 40.492335863343818 ] ], [ [ -108.644716336870005, 40.469514362098479 ], [ -108.612231688636001, 40.445268383426935 ], [ -108.612231376573035, 40.445268544742348 ], [ -108.644716336870005, 40.469514362098479 ] ], [ [ -108.559362910149005, 40.472577608624007 ], [ -108.559362497823003, 40.472576910909943 ], [ -108.559357414829194, 40.472574219676829 ], [ -108.559362910149005, 40.472577608624007 ] ], [ [ -108.498567915025006, 40.440359910657513 ], [ -108.469152717847379, 40.441138696177504 ], [ -108.499653924165585, 40.440935927502522 ], [ -108.498567915025006, 40.440359910657513 ] ], [ [ -108.427654647140386, 40.460988331451681 ], [ -108.428896089860004, 40.461173012789111 ], [ -108.469056908508733, 40.441167240694035 ], [ -108.427654647140386, 40.460988331451681 ] ], [ [ -108.37982337167702, 40.453862801873257 ], [ -108.379823405812999, 40.45386229946115 ], [ -108.377206215533306, 40.457070287290342 ], [ -108.37982337167702, 40.453862801873257 ] ], [ [ -108.305591088173998, 40.497090504729833 ], [ -108.305591549908002, 40.49708968772552 ], [ -108.298893260845816, 40.505127909711739 ], [ -108.305591088173998, 40.497090504729833 ] ], [ [ -108.274065280205292, 40.52242428147963 ], [ -108.285006193437994, 40.521785649717735 ], [ -108.285006474253194, 40.521785312968035 ], [ -108.274065280205292, 40.52242428147963 ] ], [ [ -108.233244649417657, 40.546103088897986 ], [ -108.233245266767, 40.54610308941961 ], [ -108.239216849432339, 40.539228649588452 ], [ -108.233244649417657, 40.546103088897986 ] ], [ [ -108.188188017903997, 40.546057012915568 ], [ -108.188187036944001, 40.546056941241034 ], [ -108.169560134678164, 40.556898147830495 ], [ -108.188188017903997, 40.546057012915568 ] ], [ [ -108.164041303066995, 40.56010887704543 ], [ -108.131698449409001, 40.542054669756901 ], [ -108.131697592943055, 40.542055135821364 ], [ -108.164041303066995, 40.56010887704543 ] ], [ [ -108.118474260279996, 40.549249868979068 ], [ -108.118475052594007, 40.549249068309784 ], [ -108.113369573884995, 40.532529989154526 ], [ -108.118474260279996, 40.549249868979068 ] ], [ [ -108.079967975626005, 40.537320676355307 ], [ -108.079968863161, 40.537319868033578 ], [ -108.074513999740176, 40.528385697638598 ], [ -108.079967975626005, 40.537320676355307 ] ], [ [ -108.07321015753233, 40.526249859508759 ], [ -108.06101837935492, 40.533590039287567 ], [ -108.061018014707003, 40.533591301189134 ], [ -108.07321015753233, 40.526249859508759 ] ], [ [ -108.033136807402002, 40.515843932959442 ], [ -108.033136554077004, 40.515844483395298 ], [ -108.063769399391802, 40.524068580239259 ], [ -108.033136807402002, 40.515843932959442 ] ], [ [ -108.017085317411031, 40.496461161856949 ], [ -108.017085905738, 40.496462036974471 ], [ -108.027705472601951, 40.494228755118876 ], [ -108.017085317411031, 40.496461161856949 ] ], [ [ -107.942278700453002, 40.470064492515533 ], [ -107.942278902574003, 40.470063665614909 ], [ -107.941547083100218, 40.464200974102802 ], [ -107.942278700453002, 40.470064492515533 ] ], [ [ -107.920646042211004, 40.451201734130088 ], [ -107.920645022623006, 40.451202015765389 ], [ -107.939870518030119, 40.45076624736862 ], [ -107.920646042211004, 40.451201734130088 ] ], [ [ -107.891692312627697, 40.44864855730701 ], [ -107.891692321015995, 40.448648792474202 ], [ -107.90154529468974, 40.444940020663843 ], [ -107.891692312627697, 40.44864855730701 ] ], [ [ -107.891011451031005, 40.429566534883975 ], [ -107.889329302484356, 40.429502056630888 ], [ -107.891011453368748, 40.429566600464476 ], [ -107.891011451031005, 40.429566534883975 ] ], [ [ -107.869452324386003, 40.420012734287305 ], [ -107.869452397691134, 40.420013867436232 ], [ -107.870533900068907, 40.425819041176844 ], [ -107.869452324386003, 40.420012734287305 ] ], [ [ -107.850335478818067, 40.432734518464549 ], [ -107.838561463535996, 40.453023734262374 ], [ -107.83856283531253, 40.453023306502438 ], [ -107.850335478818067, 40.432734518464549 ] ], [ [ -107.854716809847829, 40.425180641024916 ], [ -107.854717259679006, 40.425179865380429 ], [ -107.843017107346, 40.435476105762113 ], [ -107.854716809847829, 40.425180641024916 ] ], [ [ -107.831989066423006, 40.421650131227103 ], [ -107.831988723151895, 40.421650298744154 ], [ -107.83892137086788, 40.430342182123525 ], [ -107.831989066423006, 40.421650131227103 ] ], [ [ -107.76737594426352, 40.423414610321544 ], [ -107.800861282458641, 40.419229443675114 ], [ -107.797129475597004, 40.407666931232399 ], [ -107.76737594426352, 40.423414610321544 ] ], [ [ -107.756009486029996, 40.395267928898093 ], [ -107.743892316724995, 40.406091355862046 ], [ -107.756597161719299, 40.396723743444333 ], [ -107.756009486029996, 40.395267928898093 ] ], [ [ -107.713365365249203, 40.405036725168266 ], [ -107.710076714486121, 40.423727840860572 ], [ -107.710077674236999, 40.423728411437502 ], [ -107.713365365249203, 40.405036725168266 ] ], [ [ -107.679957214835085, 40.405813659943128 ], [ -107.673089104035, 40.401726254609905 ], [ -107.674082785713509, 40.404520022270511 ], [ -107.679957214835085, 40.405813659943128 ] ], [ [ -107.641356705918994, 40.44949284755792 ], [ -107.641356714719549, 40.449492894997192 ], [ -107.646050512363317, 40.445181239830326 ], [ -107.641356705918994, 40.44949284755792 ] ], [ [ -107.644250988772271, 40.465091097898181 ], [ -107.644251376005002, 40.465090944743004 ], [ -107.642254575647186, 40.454332485811626 ], [ -107.644250988772271, 40.465091097898181 ] ], [ [ -107.451521731384005, 40.524617351396373 ], [ -107.451522323372998, 40.524617761779311 ], [ -107.561972142611367, 40.497240283343167 ], [ -107.451521731384005, 40.524617351396373 ] ], [ [ -107.132868385530003, 40.472950426085625 ], [ -107.132868156399198, 40.472950533597341 ], [ -107.145630795046756, 40.481659972951839 ], [ -107.132868385530003, 40.472950426085625 ] ], [ [ -107.040421808324993, 40.483088624081297 ], [ -107.040422169447993, 40.483088363760658 ], [ -107.031227431439476, 40.477153817594434 ], [ -107.040421808324993, 40.483088624081297 ] ], [ [ -106.863162059805603, 40.495356344293675 ], [ -106.958199010369995, 40.482728205325891 ], [ -106.981613020644673, 40.479573449113516 ], [ -106.863162059805603, 40.495356344293675 ] ], [ [ -106.827469432860013, 40.458500554801873 ], [ -106.827469512809998, 40.458499968353202 ], [ -106.813229871591204, 40.459016001531623 ], [ -106.827469432860013, 40.458500554801873 ] ], [ [ -106.727105157742002, 40.501202724530295 ], [ -106.727105301471994, 40.50120256537452 ], [ -106.711004255126682, 40.502985534623633 ], [ -106.727105157742002, 40.501202724530295 ] ], [ [ -106.529278087255278, 40.461609073430338 ], [ -106.529978851795008, 40.462244358356685 ], [ -106.572845326563652, 40.460553953322687 ], [ -106.529278087255278, 40.461609073430338 ] ], [ [ -106.499712890497008, 40.434792504996224 ], [ -106.499712479744389, 40.434792466366666 ], [ -106.499727562456314, 40.43480615347903 ], [ -106.499712890497008, 40.434792504996224 ] ], [ [ -106.499710832620792, 40.434792311461763 ], [ -106.400202381666944, 40.425393642351722 ], [ -106.411547210525001, 40.430994034940888 ], [ -106.499710832620792, 40.434792311461763 ] ], [ [ -106.913126040988999, 42.436947804270808 ], [ -106.910307576785002, 42.420167319245408 ], [ -106.888305589689011, 42.393157936243853 ], [ -106.913126040988999, 42.436947804270808 ] ], [ [ -106.856237979834006, 42.467697322157903 ], [ -106.824134582460232, 42.469126870867605 ], [ -106.913126040988999, 42.436947804270808 ], [ -106.856237979834006, 42.467697322157903 ] ], [ [ -106.720082721307065, 42.548013218476441 ], [ -106.78552689192, 42.506323121240968 ], [ -106.785526927414026, 42.506322941582354 ], [ -106.720082721307065, 42.548013218476441 ] ], [ [ -106.712039105708669, 42.553131725885777 ], [ -106.712038164639011, 42.553132324658797 ], [ -106.714874840389001, 42.564570792539627 ], [ -106.712039105708669, 42.553131725885777 ] ], [ [ -106.704276720584005, 42.561524334014528 ], [ -106.704276472769095, 42.56152464174324 ], [ -106.70905890264423, 42.562899331652218 ], [ -106.704276720584005, 42.561524334014528 ] ], [ [ -106.664626123896483, 42.578834152558855 ], [ -106.690300238218995, 42.578874303900577 ], [ -106.690300616769903, 42.578873834101628 ], [ -106.664626123896483, 42.578834152558855 ] ], [ [ -106.655309568099767, 42.59385390105902 ], [ -106.655310643204999, 42.593854166182908 ], [ -106.655711737821747, 42.580255961210213 ], [ -106.655309568099767, 42.59385390105902 ] ], [ [ -106.632472113475004, 42.605937696475543 ], [ -106.632472134135995, 42.605937023389899 ], [ -106.622871597190326, 42.599578412741558 ], [ -106.632472113475004, 42.605937696475543 ] ], [ [ -106.616592909007792, 42.621336867555854 ], [ -106.612662783971004, 42.592814935436927 ], [ -106.612662036333006, 42.592814440041344 ], [ -106.616592909007792, 42.621336867555854 ] ], [ [ -106.631747770421001, 42.666365755013629 ], [ -106.631746744545012, 42.666366371960301 ], [ -106.612987024883878, 42.689305923145199 ], [ -106.631747770421001, 42.666365755013629 ] ], [ [ -106.598782853644636, 42.711671510262207 ], [ -106.616465701774004, 42.706320749149278 ], [ -106.616095578811979, 42.705751616598214 ], [ -106.598782853644636, 42.711671510262207 ] ], [ [ -106.598778106493, 42.71167294630451 ], [ -106.577879268532001, 42.697242365208801 ], [ -106.577181171758895, 42.697636893998606 ], [ -106.598778106493, 42.71167294630451 ] ], [ [ -106.541295378586995, 42.717906935326937 ], [ -106.538536347156992, 42.722592158419879 ], [ -106.575390976042485, 42.69864858496107 ], [ -106.541295378586995, 42.717906935326937 ] ], [ [ -106.521202311468997, 42.7520126771348 ], [ -106.533083439041491, 42.757406148606442 ], [ -106.521202772931801, 42.752011894255148 ], [ -106.521202311468997, 42.7520126771348 ] ], [ [ -106.532463943536015, 42.768785900875592 ], [ -106.538872845946003, 42.760034068536775 ], [ -106.538871907474089, 42.760033642583032 ], [ -106.532463943536015, 42.768785900875592 ] ], [ [ -106.461926257895996, 42.806206523401492 ], [ -106.461926977445998, 42.806205741762717 ], [ -106.446861224390204, 42.795994135565813 ], [ -106.461926257895996, 42.806206523401492 ] ], [ [ -106.440078013414833, 42.808340326717506 ], [ -106.440078661551993, 42.808340254399198 ], [ -106.442126847282623, 42.803604836613772 ], [ -106.440078013414833, 42.808340326717506 ] ], [ [ -106.373903308544001, 42.822078683413004 ], [ -106.379327339821998, 42.839670846848321 ], [ -106.373904342505, 42.822079248736756 ], [ -106.403763203919851, 42.832236180567627 ], [ -106.373903308544001, 42.822078683413004 ] ], [ [ -106.274268914594003, 42.872961573860188 ], [ -106.274268758286993, 42.872961901056669 ], [ -106.327120797749785, 42.864746530722172 ], [ -106.274268914594003, 42.872961573860188 ] ], [ [ -106.10582132409202, 42.857791487583818 ], [ -106.095455871416348, 42.859631329774082 ], [ -106.105821606318642, 42.857791546923544 ], [ -106.10582132409202, 42.857791487583818 ] ], [ [ -105.980927228719011, 42.850794815069996 ], [ -105.980926304353005, 42.850794477877315 ], [ -105.968724465539239, 42.860745439064068 ], [ -105.980927228719011, 42.850794815069996 ] ], [ [ -105.936806868767192, 42.866217959984013 ], [ -105.963368074558005, 42.86511203780929 ], [ -105.963368113135772, 42.865112006362878 ], [ -105.936806868767192, 42.866217959984013 ] ], [ [ -105.789360570013997, 42.8276756624212 ], [ -105.789360027454734, 42.827675807680876 ], [ -105.789894970771769, 42.832803968068653 ], [ -105.789360570013997, 42.8276756624212 ] ], [ [ -105.67699296399087, 42.85769918829758 ], [ -105.676993082425994, 42.857699202020406 ], [ -105.704207886763513, 42.850438764245723 ], [ -105.67699296399087, 42.85769918829758 ] ], [ [ -105.649099335214359, 42.854464095657221 ], [ -105.518305161972009, 42.839210626678899 ], [ -105.49770080523642, 42.848436800336394 ], [ -105.518305341634999, 42.839211378258831 ], [ -105.649099335214359, 42.854464095657221 ] ], [ [ -105.463672216951778, 42.848663475176977 ], [ -105.465852552295004, 42.850922841454086 ], [ -105.469186775428795, 42.849740283545238 ], [ -105.463672216951778, 42.848663475176977 ] ], [ [ -105.421480524839865, 42.840415871619932 ], [ -105.438880616126994, 42.829711400791311 ], [ -105.435846753279435, 42.828880377913947 ], [ -105.421480524839865, 42.840415871619932 ] ], [ [ -105.404720607050791, 42.82034748094523 ], [ -105.404719371111, 42.820348840314033 ], [ -105.404719980935937, 42.820348967753858 ], [ -105.404720607050791, 42.82034748094523 ] ], [ [ -105.420132776147, 42.783729544511132 ], [ -105.419743168228848, 42.783523468463976 ], [ -105.419847685495171, 42.784407245145857 ], [ -105.420132776147, 42.783729544511132 ] ], [ [ -105.392920580166006, 42.769330044041723 ], [ -105.401391673532004, 42.740085388324914 ], [ -105.401391246778033, 42.740084801936732 ], [ -105.392920580166006, 42.769330044041723 ] ], [ [ -105.382462047064195, 42.714064166131848 ], [ -105.382461992081005, 42.714064384649184 ], [ -105.393933229951074, 42.729835338561799 ], [ -105.382462047064195, 42.714064166131848 ] ], [ [ -105.361226404465995, 42.663230656622616 ], [ -105.394679012572013, 42.665472981794068 ], [ -105.361225933384716, 42.663230379514516 ], [ -105.361226404465995, 42.663230656622616 ] ], [ [ -105.337593322054005, 42.649323691018999 ], [ -105.337593012135017, 42.649323790127625 ], [ -105.355269570668796, 42.659726313248527 ], [ -105.337593322054005, 42.649323691018999 ] ], [ [ -105.228169425903999, 42.646858259180405 ], [ -105.228169537295997, 42.646857491389085 ], [ -105.222717253234663, 42.639896226225709 ], [ -105.228169425903999, 42.646858259180405 ] ], [ [ -105.160241053738019, 42.653769175039237 ], [ -105.220487135524394, 42.637048449217396 ], [ -105.079138973096391, 42.611637949931399 ], [ -105.160241053738019, 42.653769175039237 ] ], [ [ -105.042601233162102, 42.576682004590047 ], [ -105.040989623414006, 42.59178564163993 ], [ -105.040989860255436, 42.591785764956747 ], [ -105.042601233162102, 42.576682004590047 ] ], [ [ -105.043545534315015, 42.567827937712494 ], [ -105.04352532638714, 42.567829605232852 ], [ -105.043545479444276, 42.567828452260571 ], [ -105.043545534315015, 42.567827937712494 ] ], [ [ -104.979559589430835, 42.534006563842105 ], [ -104.982982909100002, 42.571279038936083 ], [ -104.984517822586696, 42.571191938360506 ], [ -104.979559589430835, 42.534006563842105 ] ], [ [ -104.976660454739999, 42.478751784312074 ], [ -104.970325899345568, 42.486406760190796 ], [ -104.936380733120004, 42.477383446896781 ], [ -104.976660454739999, 42.478751784312074 ] ], [ [ -104.955854242068, 42.465600001185706 ], [ -104.955853991251132, 42.465599655068317 ], [ -104.945353095761348, 42.471954864910337 ], [ -104.955854242068, 42.465600001185706 ] ], [ [ -104.964179378962996, 42.439511807494476 ], [ -104.964178594850324, 42.439511541628313 ], [ -104.957821878055142, 42.444040228600365 ], [ -104.964179378962996, 42.439511807494476 ] ], [ [ -104.941050402900046, 42.424861229898816 ], [ -104.93701613847, 42.430297586462416 ], [ -104.937016617670551, 42.43029774907329 ], [ -104.941050402900046, 42.424861229898816 ] ], [ [ -104.911674049960055, 42.385674475945379 ], [ -104.912337148470996, 42.389589057546885 ], [ -104.947915539294357, 42.415587436846785 ], [ -104.911674049960055, 42.385674475945379 ] ], [ [ -104.864967193197003, 42.322305931710432 ], [ -104.863245214893183, 42.32648744541585 ], [ -104.867489677460327, 42.324336417600065 ], [ -104.864967193197003, 42.322305931710432 ] ], [ [ -104.853057603582599, 42.351215941243034 ], [ -104.864104568876996, 42.342997260413888 ], [ -104.85889953072153, 42.337037920740052 ], [ -104.853057603582599, 42.351215941243034 ] ], [ [ -104.819094723212999, 42.337520604309944 ], [ -104.819093979407995, 42.337521189316675 ], [ -104.850142570049002, 42.353384191374417 ], [ -104.819094723212999, 42.337520604309944 ] ], [ [ -104.789184217808042, 42.323834287936734 ], [ -104.817920251529415, 42.312075077409702 ], [ -104.817920175978998, 42.312074967507002 ], [ -104.789184217808042, 42.323834287936734 ] ], [ [ -104.769803392819, 42.318488788596326 ], [ -104.753333552838996, 42.262773327161 ], [ -104.741045290600795, 42.256541086744093 ], [ -104.753333140511998, 42.262773394972093 ], [ -104.769803392819, 42.318488788596326 ] ], [ [ -104.662996722079995, 42.237176095795384 ], [ -104.607559440109, 42.227844271419251 ], [ -104.58675000090993, 42.239901200492312 ], [ -104.607560244100995, 42.227844989151478 ], [ -104.631678769803997, 42.248700054648566 ], [ -104.662997563801, 42.237176859977353 ], [ -104.685431823805999, 42.254780258710781 ], [ -104.732993819965344, 42.252456411032789 ], [ -104.662996722079995, 42.237176095795384 ] ], [ [ -104.575193140422002, 42.226728417464422 ], [ -104.575192802637915, 42.226728433434211 ], [ -104.585266234049357, 42.238210343484511 ], [ -104.575193140422002, 42.226728417464422 ] ], [ [ -104.527512801946003, 42.197202587202845 ], [ -104.527512810928997, 42.197201845829689 ], [ -104.5102494388575, 42.197773872644653 ], [ -104.527512801946003, 42.197202587202845 ] ], [ [ -104.496530267034132, 42.196392916427008 ], [ -104.500719474212005, 42.198088252422636 ], [ -104.50071962284423, 42.198088247524922 ], [ -104.496530267034132, 42.196392916427008 ] ], [ [ -104.463592418828, 42.183055783446399 ], [ -104.469290751577006, 42.169360945927785 ], [ -104.469290307552342, 42.169360817850269 ], [ -104.463592418828, 42.183055783446399 ] ], [ [ -104.395470041461991, 42.148040316846412 ], [ -104.395470106679994, 42.148040382798072 ], [ -104.402007017242056, 42.149930504595638 ], [ -104.395470041461991, 42.148040316846412 ] ], [ [ -104.343789966086959, 42.103053589760208 ], [ -104.241469012370999, 42.07930592686926 ], [ -104.235991901352165, 42.071313743592938 ], [ -104.241469086932, 42.079306580946657 ], [ -104.343789966086959, 42.103053589760208 ] ], [ [ -104.126533386014998, 42.033709177657308 ], [ -104.126534063345005, 42.033709153637197 ], [ -104.12653028186331, 42.033706730560901 ], [ -104.126533386014998, 42.033709177657308 ] ], [ [ -104.080163028379005, 41.990299720778786 ], [ -104.062241840790833, 41.982974931290109 ], [ -104.085093620513121, 42.001019663198697 ], [ -104.080163028379005, 41.990299720778786 ] ], [ [ -104.06224053096544, 41.982975138169827 ], [ -104.04580789513038, 41.98727081674712 ], [ -104.052813589329133, 41.994634135078023 ], [ -104.06224053096544, 41.982975138169827 ] ], [ [ -104.025955752657964, 41.977357131096412 ], [ -104.014141346572003, 41.964461935755885 ], [ -103.949202464323719, 41.938974256106825 ], [ -104.025955752657964, 41.977357131096412 ] ], [ [ -103.907778571143993, 41.933929260266503 ], [ -103.874052426144402, 41.943904777063509 ], [ -103.937654562862207, 41.937569249015546 ], [ -103.907778571143993, 41.933929260266503 ] ], [ [ -103.716136480006995, 41.859420350439507 ], [ -103.710862919700588, 41.858228246226474 ], [ -103.716136498843198, 41.859420403451274 ], [ -103.716136480006995, 41.859420350439507 ] ], [ [ -103.527472304035996, 41.790718768025698 ], [ -103.467460638617709, 41.771921794258112 ], [ -103.618197958526466, 41.837235733064311 ], [ -103.527472304035996, 41.790718768025698 ] ], [ [ -103.38423864184999, 41.74579248608471 ], [ -103.421986327444003, 41.764157563966108 ], [ -103.438160741285529, 41.762730739680919 ], [ -103.38423864184999, 41.74579248608471 ] ], [ [ -103.24538157893295, 41.702033770324135 ], [ -103.293471364807999, 41.722713827006217 ], [ -103.331416896868049, 41.729170344531859 ], [ -103.24538157893295, 41.702033770324135 ] ], [ [ -103.242180771598981, 41.701608918197806 ], [ -103.113124379235998, 41.684412037944902 ], [ -103.076945311468535, 41.662201234619069 ], [ -103.113123543802004, 41.68441233782783 ], [ -103.242180771598981, 41.701608918197806 ] ], [ [ -102.808701105661001, 41.551415751039272 ], [ -102.930493734277007, 41.613896615730702 ], [ -102.98300269174581, 41.62435703666948 ], [ -102.930494636185998, 41.613895921953713 ], [ -102.808701105661001, 41.551415751039272 ] ], [ [ -102.730340466046997, 41.54980735298583 ], [ -102.667126561188013, 41.501963537072783 ], [ -102.592053161242077, 41.481395112495335 ], [ -102.667125613465018, 41.501964013399594 ], [ -102.730340466046997, 41.54980735298583 ] ], [ [ -102.567796557194399, 41.471389919862602 ], [ -102.507244406919995, 41.442459288963512 ], [ -102.480368267546666, 41.437321942910934 ], [ -102.507244660244993, 41.442459942157463 ], [ -102.567796557194399, 41.471389919862602 ] ], [ [ -102.046121330524471, 41.298452463065203 ], [ -102.168253559665004, 41.320022001387393 ], [ -102.216576142365, 41.352418135309968 ], [ -102.375920926141916, 41.38449418727344 ], [ -102.168253905517005, 41.320021670127019 ], [ -102.046121330524471, 41.298452463065203 ] ], [ [ -102.025954027148003, 41.284144932158874 ], [ -102.025303964711057, 41.28427962437928 ], [ -102.046119002179907, 41.298450878383477 ], [ -102.025954027148003, 41.284144932158874 ] ], [ [ -101.990076128816241, 41.291573113089356 ], [ -101.990076206726997, 41.291573127622506 ], [ -101.990078596896097, 41.291572602494533 ], [ -101.990076128816241, 41.291573113089356 ] ], [ [ -101.87467395896131, 41.269988024467246 ], [ -101.874674239754, 41.269988122886588 ], [ -101.889092219318826, 41.272691276459739 ], [ -101.87467395896131, 41.269988024467246 ] ], [ [ -101.655609388921704, 41.211154194072897 ], [ -101.580726514456003, 41.208970168308532 ], [ -101.580713871755108, 41.208965154731146 ], [ -101.580726518947003, 41.208970913054763 ], [ -101.655609388921704, 41.211154194072897 ] ], [ [ -101.508039333241001, 41.180113343679544 ], [ -101.465684765114759, 41.184449662496206 ], [ -101.515132802386546, 41.182932278187629 ], [ -101.508039333241001, 41.180113343679544 ] ], [ [ -101.383308772573002, 41.181267301764876 ], [ -101.421985220598998, 41.171260760287801 ], [ -101.367486467002294, 41.17936738383144 ], [ -101.383308772573002, 41.181267301764876 ] ], [ [ -101.308882834751998, 41.172312246778283 ], [ -101.308882353689214, 41.172312366730466 ], [ -101.308885533599593, 41.17231275030786 ], [ -101.308882834751998, 41.172312246778283 ] ], [ [ -101.22880733388817, 41.192248398088189 ], [ -101.230404742212016, 41.192472090229941 ], [ -101.308855493102655, 41.17231906436777 ], [ -101.22880733388817, 41.192248398088189 ] ], [ [ -101.162121761883, 41.182891086745116 ], [ -101.162122820996998, 41.182890411338761 ], [ -101.153207251449913, 41.18717133272348 ], [ -101.162121761883, 41.182891086745116 ] ], [ [ -101.040732856817002, 41.199251475620159 ], [ -101.040733476653998, 41.199251253244661 ], [ -100.988348020519609, 41.200447921639046 ], [ -101.040732856817002, 41.199251475620159 ] ], [ [ -100.771025652674268, 41.164885135690774 ], [ -100.824670245240995, 41.1980037273268 ], [ -100.850966224546696, 41.203482751814242 ], [ -100.771025652674268, 41.164885135690774 ] ], [ [ -100.813767382757007, 40.98286782317318 ], [ -100.897130106875011, 40.729857952935404 ], [ -100.813767482469999, 40.98286707450297 ], [ -100.774579600045982, 41.035599671959055 ], [ -100.813767382757007, 40.98286782317318 ] ], [ [ -101.194641713807869, 40.297439006246421 ], [ -101.228387047929999, 40.252592413339116 ], [ -101.363485322455759, 40.102492820826782 ], [ -101.228386846708005, 40.25259236534729 ], [ -101.194641713807869, 40.297439006246421 ] ], [ [ -101.405728055263239, 40.002616435124061 ], [ -101.405728000169006, 40.002617000694492 ], [ -101.427099728226196, 40.00262952605852 ], [ -101.405728055263239, 40.002616435124061 ] ], [ [ -101.426124208271006, 39.792635614496099 ], [ -101.426124194077488, 39.792635499350382 ], [ -101.421847188181772, 39.83676825272147 ], [ -101.426124208271006, 39.792635614496099 ] ], [ [ -101.395485464114714, 39.543224063314568 ], [ -101.394314788600994, 39.556803518559001 ], [ -101.426123802121097, 39.792632319583198 ], [ -101.395485464114714, 39.543224063314568 ] ], [ [ -101.410767508489002, 39.312158508323982 ], [ -101.395912592749724, 39.238990680866976 ], [ -101.409068520550889, 39.332790714074797 ], [ -101.410767508489002, 39.312158508323982 ] ], [ [ -101.331427194971994, 39.29181016817617 ], [ -101.369817876330998, 39.270489959260708 ], [ -101.375158964381654, 39.263173348147134 ], [ -101.331427194971994, 39.29181016817617 ] ], [ [ -100.621213766230909, 39.54724196614886 ], [ -100.630523034847002, 39.546013498754213 ], [ -100.764341982399998, 39.488256991642068 ], [ -100.621213766230909, 39.54724196614886 ] ], [ [ -100.526319755464002, 39.536384130877948 ], [ -100.589938599293006, 39.551363715602427 ], [ -100.597785771925743, 39.55033031656302 ], [ -100.526319755464002, 39.536384130877948 ] ], [ [ -100.481347814212995, 39.544943503274496 ], [ -100.468985632601417, 39.550820286798881 ], [ -100.526319755464002, 39.536384130877948 ], [ -100.481347814212995, 39.544943503274496 ] ], [ [ -100.182374502313124, 39.71051374352038 ], [ -100.197256768928, 39.707769658323976 ], [ -100.289394405625004, 39.63595112276964 ], [ -100.182374502313124, 39.71051374352038 ] ], [ [ -100.033822153208007, 39.728149496541455 ], [ -100.086472230550996, 39.728149496541455 ], [ -100.154540217094592, 39.715640707218682 ], [ -100.033822153208007, 39.728149496541455 ] ], [ [ -97.619845577452395, 40.627343424177198 ], [ -97.721855102640504, 40.601263680667323 ], [ -97.740434988464855, 40.592389994499491 ], [ -97.619845577452395, 40.627343424177198 ] ], [ [ -113.275789029766997, 34.6521434069479 ], [ -113.293179804922545, 34.642670724467699 ], [ -113.233836133009589, 34.65666175629854 ], [ -113.275789029766997, 34.6521434069479 ] ], [ [ -113.196814292624197, 34.694326331705369 ], [ -113.119483032713006, 34.7297472156636 ], [ -113.119478786982938, 34.729752776187325 ], [ -113.119484111589998, 34.72974686793426 ], [ -113.196814292624197, 34.694326331705369 ] ], [ [ -113.095627045041994, 34.836096906324279 ], [ -113.103525553848939, 34.750639337639676 ], [ -113.079843828690215, 34.85336495075353 ], [ -113.095627045041994, 34.836096906324279 ] ], [ [ -113.024055845396006, 34.891210576195014 ], [ -113.060627774357783, 34.866408162171858 ], [ -113.006069412604532, 34.894084015473439 ], [ -113.024055845396006, 34.891210576195014 ] ], [ [ -112.908061143048997, 34.950895071369509 ], [ -112.948042244493649, 34.923468980248529 ], [ -112.874332974518609, 34.96072042777908 ], [ -112.908061143048997, 34.950895071369509 ] ], [ [ -112.867241656761834, 34.99627030616638 ], [ -112.874331880463998, 34.960722195192915 ], [ -112.860346022702998, 34.986423095444827 ], [ -112.867241656761834, 34.99627030616638 ] ], [ [ -113.151971108727864, 35.403550874335323 ], [ -113.110258380079387, 35.366807438064555 ], [ -113.117017157258005, 35.378247383551468 ], [ -113.151971108727864, 35.403550874335323 ] ], [ [ -113.285725700726246, 35.492576383147515 ], [ -113.242857839854295, 35.469215319103007 ], [ -113.271675608148996, 35.489996853153094 ], [ -113.285725700726246, 35.492576383147515 ] ], [ [ -113.341753501660918, 35.499510908463655 ], [ -113.320648925434611, 35.498980111835358 ], [ -113.338061107645018, 35.50216864631858 ], [ -113.341753501660918, 35.499510908463655 ] ], [ [ -112.460593475482, 36.363229609775516 ], [ -112.471846927266569, 36.368384574162164 ], [ -112.459877847859801, 36.35734015269454 ], [ -112.460593475482, 36.363229609775516 ] ], [ [ -112.528752220678726, 36.264467430408388 ], [ -112.457069833779997, 36.334221677747919 ], [ -112.529346035751999, 36.266588040815009 ], [ -112.528752220678726, 36.264467430408388 ] ], [ [ -112.520630637543107, 36.249424839250111 ], [ -112.526717387359184, 36.257199760999058 ], [ -112.524798314625997, 36.25034420026082 ], [ -112.520630637543107, 36.249424839250111 ] ], [ [ -112.427708398719005, 36.202192260428163 ], [ -112.449256743517182, 36.198627275284295 ], [ -112.448897410482999, 36.197725032351208 ], [ -112.427708398719005, 36.202192260428163 ] ], [ [ -112.414822065967996, 36.235069736815696 ], [ -112.415904134450244, 36.232310188193104 ], [ -112.410124550493009, 36.235742525700807 ], [ -112.414822065967996, 36.235069736815696 ] ], [ [ -112.358502189230009, 36.243123027654917 ], [ -112.377711418863058, 36.240379441756041 ], [ -112.346973469994325, 36.237270318200764 ], [ -112.358502189230009, 36.243123027654917 ] ], [ [ -112.339839689201995, 36.233647735819105 ], [ -112.342051845692396, 36.234771167560424 ], [ -112.300935900035, 36.151731298436026 ], [ -112.339839689201995, 36.233647735819105 ] ], [ [ -112.172083890326263, 36.102343549919041 ], [ -112.209001175150206, 36.103113727237179 ], [ -112.203273308134001, 36.097294740302715 ], [ -112.172083890326263, 36.102343549919041 ] ], [ [ -112.080152461080999, 36.100375932888404 ], [ -112.137174503625289, 36.101604737035728 ], [ -112.126346078778994, 36.096405563323501 ], [ -112.080152461080999, 36.100375932888404 ] ], [ [ -111.972195555188179, 36.049587229686018 ], [ -111.991744440689118, 36.054035499046911 ], [ -111.984461671228019, 36.050212601406137 ], [ -111.972195555188179, 36.049587229686018 ] ], [ [ -111.814215204370001, 36.181129721341307 ], [ -111.827662984173003, 36.103781798459693 ], [ -111.808099628542834, 36.186825354004263 ], [ -111.814215204370001, 36.181129721341307 ] ], [ [ -111.74950506287901, 36.201762765194637 ], [ -111.800087010240006, 36.194285957971893 ], [ -111.805218961716719, 36.189507798420024 ], [ -111.74950506287901, 36.201762765194637 ] ], [ [ -111.711739888334009, 36.18553808052674 ], [ -111.710204381838125, 36.162408443099686 ], [ -111.74950506287901, 36.201762765194637 ], [ -111.711739888334009, 36.18553808052674 ] ], [ [ -111.685762856105995, 36.128490314456599 ], [ -111.685763309071206, 36.128490527862375 ], [ -111.693571461713006, 36.116532976750506 ], [ -111.685762856105995, 36.128490314456599 ] ], [ [ -111.680148185460808, 36.055420857752708 ], [ -111.654571103652998, 36.058796872927694 ], [ -111.680148385580011, 36.055421739117065 ], [ -111.680148185460808, 36.055420857752708 ] ], [ [ -111.69062049600501, 35.991846347307394 ], [ -111.690653065383188, 35.980304330448732 ], [ -111.668728552530993, 36.005091665615126 ], [ -111.69062049600501, 35.991846347307394 ] ], [ [ -111.673363859397, 35.974244256972106 ], [ -111.673363859397, 35.974245165709071 ], [ -111.690685621297462, 35.968763474580612 ], [ -111.673363859397, 35.974244256972106 ] ], [ [ -111.617556022371019, 35.947646497755322 ], [ -111.604968379452004, 35.930474625796485 ], [ -111.667713456260003, 35.94846281426242 ], [ -111.617556022371019, 35.947646497755322 ] ], [ [ -111.358643591182002, 35.856405052558074 ], [ -111.487338484573002, 35.917849720904897 ], [ -111.439534636728993, 35.881404058857385 ], [ -111.358643591182002, 35.856404142466431 ], [ -111.340818770157, 35.821388826214083 ], [ -111.358643591182002, 35.856405052558074 ] ], [ [ -111.254439018224005, 35.787023008230406 ], [ -111.231129982389007, 35.759033795647603 ], [ -111.269521731843994, 35.76984727947201 ], [ -111.254439018224005, 35.787023008230406 ] ], [ [ -111.03492734934791, 35.562698822873315 ], [ -111.035746408093004, 35.562185143038377 ], [ -111.036375568839759, 35.557338020235832 ], [ -111.03492734934791, 35.562698822873315 ] ], [ [ -111.041585552981317, 35.488688017990476 ], [ -111.043084947018684, 35.505608439911455 ], [ -111.044603796795016, 35.493887931832688 ], [ -111.041585552981317, 35.488688017990476 ] ], [ [ -110.968524738322913, 35.276120213614902 ], [ -110.992335039332261, 35.308522796172518 ], [ -110.992301635165006, 35.305250634990479 ], [ -110.968524738322913, 35.276120213614902 ] ], [ [ -110.942062529516704, 35.265626861396321 ], [ -110.968415403477778, 35.276073024136778 ], [ -110.942285685933001, 35.265528793106377 ], [ -110.942062529516704, 35.265626861396321 ] ], [ [ -110.917857008793007, 35.275731155668034 ], [ -110.918376227512766, 35.275509077362173 ], [ -110.913896601873432, 35.271203848552247 ], [ -110.917857008793007, 35.275731155668034 ] ], [ [ -110.902414929164394, 35.279417198900205 ], [ -110.906137434075916, 35.26374516477582 ], [ -110.905171789969998, 35.262816775500859 ], [ -110.902414929164394, 35.279417198900205 ] ], [ [ -110.902413546128003, 35.279423020334463 ], [ -110.902413565167748, 35.279422940193037 ], [ -110.89681871934512, 35.278282693034249 ], [ -110.902413546128003, 35.279423020334463 ] ], [ [ -110.860995146851124, 35.270974072669517 ], [ -110.867446510210385, 35.258767857236769 ], [ -110.860994555014003, 35.270973951822796 ], [ -110.860995146851124, 35.270974072669517 ] ], [ [ -110.803127855472624, 35.2459952369409 ], [ -110.803150123895207, 35.245985201638867 ], [ -110.803150123153003, 35.245985200928594 ], [ -110.803127855472624, 35.2459952369409 ] ], [ [ -110.778731994557234, 35.233009086106797 ], [ -110.784157037710997, 35.254541950464287 ], [ -110.756768718805489, 35.19999160946962 ], [ -110.778731994557234, 35.233009086106797 ] ], [ [ -110.756761121880999, 35.199981316323189 ], [ -110.756761358428278, 35.199981636823502 ], [ -110.756761786945901, 35.199980555205542 ], [ -110.756761121880999, 35.199981316323189 ] ], [ [ -110.698818194718001, 35.181605772133864 ], [ -110.761435604089144, 35.18818143528793 ], [ -110.763172847221014, 35.183794732478702 ], [ -110.698818194718001, 35.181605772133864 ] ], [ [ -110.694051977685021, 35.181103844275498 ], [ -110.695862430720169, 35.181294525673358 ], [ -110.694265625951914, 35.180157212522971 ], [ -110.694051977685021, 35.181103844275498 ] ], [ [ -110.677165896131001, 35.165972822860098 ], [ -110.679673639908387, 35.166235215102212 ], [ -110.676927852587738, 35.142039314726652 ], [ -110.677165896131001, 35.165972822860098 ] ], [ [ -110.650874453553016, 35.108951739046027 ], [ -110.663897968613512, 35.125495405909106 ], [ -110.650874964882618, 35.108951470198946 ], [ -110.650874453553016, 35.108951739046027 ] ], [ [ -110.679698194489674, 35.074517764169144 ], [ -110.656383372033005, 35.083939164105601 ], [ -110.679699145233002, 35.074518298818035 ], [ -110.679698194489674, 35.074517764169144 ] ], [ [ -110.670037737129732, 35.032173429485781 ], [ -110.668914870246994, 35.068452788522009 ], [ -110.670037764352003, 35.032173468973404 ], [ -110.670037737129732, 35.032173429485781 ] ], [ [ -110.629910481825021, 34.982497715417537 ], [ -110.670033460424392, 35.032167225854209 ], [ -110.63886622399302, 34.98692539948658 ], [ -110.629910481825021, 34.982497715417537 ] ], [ [ -110.613850822669249, 34.993311855460327 ], [ -110.627539122610528, 34.981325121589215 ], [ -110.625896797077999, 34.980512971764369 ], [ -110.613850822669249, 34.993311855460327 ] ], [ [ -110.305045527049003, 34.934310258823693 ], [ -110.544295535645546, 34.966753817940969 ], [ -110.522330027972004, 34.951265199501805 ], [ -110.305045527049003, 34.934310258823693 ] ], [ [ -110.257713294729001, 34.900953475241522 ], [ -110.114353404325001, 34.888438884152897 ], [ -110.305045527049003, 34.934310258823693 ], [ -110.257713294729001, 34.900953475241522 ] ], [ [ -109.888301346228999, 34.713383489033816 ], [ -109.855393811582999, 34.664278423374689 ], [ -109.973151716390007, 34.720815403538424 ], [ -109.888301346228999, 34.713383489033816 ] ], [ [ -109.855393811582999, 34.664278423374689 ], [ -109.763493912230004, 34.635162098040837 ], [ -109.748230575743349, 34.645738433529452 ], [ -109.855393811582999, 34.664278423374689 ] ], [ [ -109.714773782796001, 34.647622772201402 ], [ -109.633716548921001, 34.649826845421003 ], [ -109.723867512662537, 34.651968260338634 ], [ -109.714773782796001, 34.647622772201402 ] ], [ [ -109.345408123700608, 34.670228490596173 ], [ -109.467444893567944, 34.649083711106321 ], [ -109.419564922551999, 34.645605245600784 ], [ -109.345408123700608, 34.670228490596173 ] ], [ [ -109.028207131659997, 34.937716255739161 ], [ -109.045699576030003, 34.816580359693937 ], [ -109.087349964178998, 34.824715532376274 ], [ -109.178991597888, 34.7976695479474 ], [ -109.246508974643007, 34.738895831164427 ], [ -109.045708559182998, 34.811768015385375 ], [ -109.028207131659997, 34.937716255739161 ] ], [ [ -108.868087072941208, 35.076831183744638 ], [ -108.899849106500994, 35.04243031201171 ], [ -108.868086923842995, 35.076830426178525 ], [ -108.868087072941208, 35.076831183744638 ] ], [ [ -108.633761381979994, 35.129510048214314 ], [ -108.583624160185011, 35.103360061868614 ], [ -108.810713772433999, 35.084413302975513 ], [ -108.633761381979994, 35.129510048214314 ] ], [ [ -108.456997637735995, 35.156205233123664 ], [ -108.456997637735995, 35.156204315062034 ], [ -108.39776537844115, 35.168328169402884 ], [ -108.456997637735995, 35.156205233123664 ] ], [ [ -107.884427196155002, 35.309894698413082 ], [ -107.801063537789005, 35.324065324186819 ], [ -108.018215033748461, 35.325661126827264 ], [ -107.884427196155002, 35.309894698413082 ] ], [ [ -107.563041428532003, 35.342287593788058 ], [ -107.308566674847, 35.436501034171094 ], [ -107.638726737008, 35.328114665307879 ], [ -107.563041428532003, 35.342287593788058 ] ], [ [ -106.638650297503006, 35.203951533424494 ], [ -106.443100534878994, 35.188928465074376 ], [ -106.438988496665999, 35.281445167774521 ], [ -106.549967652108066, 35.333554788083759 ], [ -106.638650297503006, 35.203951533424494 ] ], [ [ -106.514306707601804, 35.366366927331782 ], [ -106.539848241191081, 35.342869856240036 ], [ -106.515877547621997, 35.359384868318273 ], [ -106.514306707601804, 35.366366927331782 ] ], [ [ -106.314767213389999, 35.366476226057806 ], [ -106.312299092147001, 35.481250380985543 ], [ -106.174915244169995, 35.452350816594127 ], [ -106.284465124576798, 35.709921982349485 ], [ -106.355674245640998, 35.585100508435879 ], [ -106.521042860506, 35.656468722372402 ], [ -106.491861918098863, 35.38699825085947 ], [ -106.419825185868007, 35.458409610838864 ], [ -106.420067730995001, 35.363436102478325 ], [ -106.314767213389999, 35.366476226057806 ] ], [ [ -106.258312589360003, 35.74916753293536 ], [ -106.265955006639004, 35.726024813737922 ], [ -106.253100209004558, 35.752501608963229 ], [ -106.258312589360003, 35.74916753293536 ] ], [ [ -106.197579738787994, 35.787981256132881 ], [ -106.197577228690946, 35.78798531237463 ], [ -106.197611486099873, 35.787961895931467 ], [ -106.197579738787994, 35.787981256132881 ] ], [ [ -105.986527300149021, 35.92438247878556 ], [ -105.980769099178005, 36.079021039951201 ], [ -106.065924418746221, 36.089506262920352 ], [ -106.141638576787528, 35.878256829008954 ], [ -106.107402358992005, 35.933384142321714 ], [ -106.106634299424002, 35.866278022604668 ], [ -105.866418055086001, 35.857108550325414 ], [ -105.864774138116005, 35.923618654107806 ], [ -105.986527300149021, 35.92438247878556 ] ], [ [ -106.054031202174002, 36.115126058048617 ], [ -106.06023514525468, 36.101764191164726 ], [ -106.052585285374278, 36.115931063593344 ], [ -106.054031202174002, 36.115126058048617 ] ], [ [ -105.980728674990019, 36.187295373299726 ], [ -105.979556373544, 36.156543857865969 ], [ -105.969653525818032, 36.198305496338563 ], [ -105.980728674990019, 36.187295373299726 ] ], [ [ -105.871639512675003, 36.221326871344935 ], [ -105.958156257688998, 36.209730696005003 ], [ -105.964374921297647, 36.203551590020183 ], [ -105.871639512675003, 36.221326871344935 ] ], [ [ -105.717490855707993, 36.416789069195069 ], [ -105.730871261865019, 36.339130651061311 ], [ -105.868837571735838, 36.222785316014196 ], [ -105.730871261865019, 36.339129746543392 ], [ -105.717490855707993, 36.416789069195069 ] ], [ [ -105.732791410784998, 36.477685101749877 ], [ -105.722588088541499, 36.437088001642167 ], [ -105.732791146045358, 36.47768585475778 ], [ -105.732791410784998, 36.477685101749877 ] ], [ [ -105.686869573332586, 36.678805673117147 ], [ -105.688569595136016, 36.603244239750921 ], [ -105.686869533461007, 36.678805642370492 ], [ -105.686869573332586, 36.678805673117147 ] ], [ [ -105.706726792815999, 36.694112692957638 ], [ -105.700106749746638, 36.689011277309646 ], [ -105.706726461947994, 36.694113338350149 ], [ -105.706726792815999, 36.694112692957638 ] ], [ [ -105.670684640134667, 36.764344206177846 ], [ -105.694720532709937, 36.717524106126589 ], [ -105.670684137828999, 36.764343384849056 ], [ -105.670684640134667, 36.764344206177846 ] ], [ [ -105.717178691146998, 36.966102747405387 ], [ -105.718651311243136, 36.987975247270811 ], [ -105.737835258002434, 36.928785508102052 ], [ -105.717178691146998, 36.966102747405387 ] ], [ [ -105.792228097563424, 36.996806511341219 ], [ -105.719184460957479, 36.995890790856187 ], [ -105.719243221240461, 36.996763086046045 ], [ -105.792228097563424, 36.996806511341219 ] ], [ [ -105.120623255294419, 36.994058078483476 ], [ -105.204233801554807, 36.995203004111495 ], [ -105.60753943852815, 36.996611217023279 ], [ -105.120623255294419, 36.994058078483476 ] ], [ [ -105.196738206850995, 37.067838095639416 ], [ -105.199779421085537, 37.038381799972747 ], [ -105.196737529525137, 37.067839347507785 ], [ -105.196738206850995, 37.067838095639416 ] ], [ [ -104.236043188055007, 37.25160287582176 ], [ -104.322400482106005, 37.289254911170303 ], [ -104.380397962637005, 37.27030971966613 ], [ -104.42322267200791, 37.242480500131471 ], [ -104.236043188055007, 37.25160287582176 ] ], [ [ -104.080448243481001, 37.186289150076036 ], [ -104.050821805411005, 37.222264210148907 ], [ -104.122026766407004, 37.185315839475521 ], [ -104.080448243481001, 37.186289150076036 ] ], [ [ -103.917548565053124, 37.29524321394927 ], [ -103.952922712510613, 37.271588792639427 ], [ -103.917547749858997, 37.295241972191064 ], [ -103.917548565053124, 37.29524321394927 ] ], [ [ -103.905694708514645, 37.326312903472378 ], [ -103.927272012809993, 37.310051245504923 ], [ -103.905694479684996, 37.326311290030723 ], [ -103.905694708514645, 37.326312903472378 ] ], [ [ -103.867475792273282, 37.363792031291545 ], [ -103.909260791362996, 37.351448136649054 ], [ -103.867475655921993, 37.363790286592945 ], [ -103.867475792273282, 37.363792031291545 ] ], [ [ -103.869193683903006, 37.385768709650925 ], [ -103.86919354063042, 37.385766877488429 ], [ -103.855453951632001, 37.381187948863975 ], [ -103.869193683903006, 37.385768709650925 ] ], [ [ -103.820044608920995, 37.426501430847622 ], [ -103.812296379306517, 37.424083231993237 ], [ -103.855453951632001, 37.381187948863975 ], [ -103.820044608920995, 37.426501430847622 ] ], [ [ -103.803731203360996, 37.436495250471701 ], [ -103.760924234285, 37.455851358927703 ], [ -103.804139978869699, 37.42907988269841 ], [ -103.803731203360996, 37.436495250471701 ] ], [ [ -103.718993122610001, 37.52491550967828 ], [ -103.709496249494592, 37.51382081788131 ], [ -103.709495684269001, 37.51382193881026 ], [ -103.718993122610001, 37.52491550967828 ] ], [ [ -103.670679480841997, 37.52636175608167 ], [ -103.670457147809003, 37.540281334365851 ], [ -103.670679480841997, 37.526363537156001 ], [ -103.718993122610001, 37.52491550967828 ], [ -103.670679480841997, 37.52636175608167 ] ], [ [ -103.652239313847005, 37.560887012967299 ], [ -103.649245678162998, 37.546901839067104 ], [ -103.652238916471518, 37.560886936945806 ], [ -103.652239313847005, 37.560887012967299 ] ], [ [ -103.638380549567501, 37.558234822572217 ], [ -103.645308684278277, 37.559560900236569 ], [ -103.638378309013007, 37.558232613334894 ], [ -103.638380549567501, 37.558234822572217 ] ], [ [ -103.642899080681005, 37.588402810284471 ], [ -103.605872770456998, 37.604677179559701 ], [ -103.653681109877994, 37.573317459685029 ], [ -103.642899080681005, 37.588402810284471 ] ], [ [ -103.606357860711, 37.618847180546531 ], [ -103.606357800118346, 37.618845410912485 ], [ -103.594041153430098, 37.620720899118581 ], [ -103.606357860711, 37.618847180546531 ] ], [ [ -103.530379306009337, 37.66879846299306 ], [ -103.556213901551004, 37.663072584041068 ], [ -103.530378353979998, 37.66879689621166 ], [ -103.530379306009337, 37.66879846299306 ] ], [ [ -103.51604564541887, 37.710501466943107 ], [ -103.514974773610746, 37.704515663818547 ], [ -103.514974492646004, 37.704515870005679 ], [ -103.51604564541887, 37.710501466943107 ] ], [ [ -103.499590843405002, 37.707371152264834 ], [ -103.499590843405002, 37.70736937552099 ], [ -103.490094559524479, 37.724809672548183 ], [ -103.499590843405002, 37.707371152264834 ] ], [ [ -103.328342755004996, 37.862745791445484 ], [ -103.320072314819967, 37.843609031318316 ], [ -103.320071517027003, 37.843608958289714 ], [ -103.328342755004996, 37.862745791445484 ] ], [ [ -103.310961150048954, 37.891353371503243 ], [ -103.304968688831735, 37.865905019003549 ], [ -103.304231972778993, 37.866004516110436 ], [ -103.310961150048954, 37.891353371503243 ] ], [ [ -103.310964845833993, 37.891369060959931 ], [ -103.31096440560998, 37.891367192108142 ], [ -103.310933326044946, 37.891360377266714 ], [ -103.310964845833993, 37.891369060959931 ] ], [ [ -103.296587030737584, 37.888559764400192 ], [ -103.296578362060941, 37.888211772801085 ], [ -103.296210017291997, 37.888130954667474 ], [ -103.296587030737584, 37.888559764400192 ] ], [ [ -103.278791683932994, 37.934220226136603 ], [ -103.297276766691994, 37.916237647511906 ], [ -103.297065724715466, 37.907771124200728 ], [ -103.278791683932994, 37.934220226136603 ] ], [ [ -102.928686932983993, 38.067931135360595 ], [ -102.928686776677011, 38.067930049061616 ], [ -102.925768448440081, 38.073223868533766 ], [ -102.928686932983993, 38.067931135360595 ] ], [ [ -102.853598237379913, 38.085114265500131 ], [ -102.875005675932996, 38.086362864845519 ], [ -102.913083096582653, 38.081296513389162 ], [ -102.863502773872995, 38.077363834201797 ], [ -102.853598237379913, 38.085114265500131 ] ], [ [ -102.852812754370987, 38.085728691623736 ], [ -102.841159429062159, 38.076342208876298 ], [ -102.852812281205999, 38.08572906174161 ], [ -102.852812754370987, 38.085728691623736 ] ], [ [ -102.790220163236995, 38.093725657332207 ], [ -102.751217854933998, 38.087743834679323 ], [ -102.750301542457251, 38.088115443656598 ], [ -102.790220163236995, 38.093725657332207 ] ], [ [ -102.721860915042001, 38.102382052218651 ], [ -102.744731913529577, 38.090373968927928 ], [ -102.717136827699818, 38.101558195100274 ], [ -102.721860915042001, 38.102382052218651 ] ], [ [ -102.658910327054002, 38.108451513173655 ], [ -102.659031562115885, 38.108309999746758 ], [ -102.653090224860549, 38.108590303550777 ], [ -102.658910327054002, 38.108451513173655 ] ], [ [ -102.494921948354175, 38.096496138470691 ], [ -102.520470499354502, 38.097535304223314 ], [ -102.517251639185005, 38.095266292664441 ], [ -102.494921948354175, 38.096496138470691 ] ], [ [ -102.48208041415009, 38.11091781453684 ], [ -102.483494197908811, 38.11276935447016 ], [ -102.494910731217729, 38.0965037492196 ], [ -102.48208041415009, 38.11091781453684 ] ], [ [ -102.394243081542996, 38.110163988575465 ], [ -102.446693465194002, 38.098037529399413 ], [ -102.377137273007321, 38.107782337129358 ], [ -102.394243081542996, 38.110163988575465 ] ], [ [ -102.330797318812998, 38.101317632987616 ], [ -102.375602048354139, 38.107568462683759 ], [ -102.316656017907988, 38.096516021154329 ], [ -102.330797318812998, 38.101317632987616 ] ], [ [ -102.268853988396998, 38.080268332261383 ], [ -102.285238608749253, 38.085840299420902 ], [ -102.206921886922004, 38.042193109418427 ], [ -102.268853988396998, 38.080268332261383 ] ], [ [ -101.702598703264002, 37.960928218784332 ], [ -101.839879244982995, 37.994323890541587 ], [ -101.740992698507, 37.957618803637004 ], [ -101.702598703264002, 37.960926448136526 ], [ -101.670912877405001, 37.938779388991122 ], [ -101.702598703264002, 37.960928218784332 ] ], [ [ -101.458014400856996, 37.901107334588993 ], [ -101.382048368854996, 37.875992549021454 ], [ -101.466444351802281, 37.897770629535295 ], [ -101.458014400856996, 37.901107334588993 ] ], [ [ -101.215729785576997, 37.955688685294731 ], [ -101.141369492145998, 37.961007897888308 ], [ -101.059465799474665, 37.990176262791863 ], [ -101.141369492145998, 37.961009668534096 ], [ -101.215729785576997, 37.955688685294731 ] ], [ [ -100.975295250925612, 37.971608557464506 ], [ -101.028468424585839, 37.983346183529591 ], [ -101.018075719400002, 37.978273205579889 ], [ -100.975295250925612, 37.971608557464506 ] ], [ [ -100.85269237195638, 37.952419029893527 ], [ -101.077143986157722, 38.165449119382735 ], [ -100.88242237824609, 37.957084506865733 ], [ -100.85269237195638, 37.952419029893527 ] ], [ [ -100.71667933600007, 37.889466387507056 ], [ -100.816100566734917, 37.946659478403525 ], [ -100.765875949171999, 37.90999205282926 ], [ -100.71667933600007, 37.889466387507056 ] ], [ [ -100.642043103998532, 37.861350415447369 ], [ -100.661086229361032, 37.866234328435795 ], [ -100.650458155679999, 37.861788358553135 ], [ -100.642043103998532, 37.861350415447369 ] ], [ [ -100.596963480510993, 37.863506409821966 ], [ -100.608184781114062, 37.85958242422717 ], [ -100.577391239429275, 37.857966248935604 ], [ -100.596963480510993, 37.863506409821966 ] ], [ [ -100.148277453974998, 37.761682282368078 ], [ -100.129809955002528, 37.757737746778837 ], [ -100.207364141788005, 37.787993186564485 ], [ -100.148277453974998, 37.761682282368078 ] ], [ [ -100.043462750299938, 37.003545254215055 ], [ -99.967713146405245, 37.002587707285521 ], [ -99.199781246720519, 37.015430550397873 ], [ -100.043462750299938, 37.003545254215055 ] ], [ [ -97.962545616102261, 35.348373464263474 ], [ -97.960208373418382, 35.349044220200277 ], [ -97.962546193271905, 35.348373660937924 ], [ -97.962545616102261, 35.348373464263474 ] ], [ [ -106.53701257618674, 31.794358566503131 ], [ -106.53972332683901, 31.800198073047305 ], [ -106.541713575653986, 31.800366201976829 ], [ -106.53701257618674, 31.794358566503131 ] ], [ [ -106.602190390552707, 31.824821531244083 ], [ -106.602789945599127, 31.825407471430427 ], [ -106.602805271877997, 31.825017055782663 ], [ -106.602190390552707, 31.824821531244083 ] ], [ [ -106.659512382024886, 32.043615963236718 ], [ -106.645477493662, 31.898669410496932 ], [ -106.607752160607205, 31.848085899172553 ], [ -106.607258669898997, 31.968827901526012 ], [ -106.659512382024886, 32.043615963236718 ] ], [ [ -106.660795001571344, 32.045917592057499 ], [ -106.656350755710378, 32.095834151706903 ], [ -106.661312546332994, 32.046846269038717 ], [ -106.660795001571344, 32.045917592057499 ] ], [ [ -106.656349507253893, 32.095848164658115 ], [ -106.656349354387999, 32.095849880458275 ], [ -106.730774775678, 32.186632100715173 ], [ -106.656349507253893, 32.095848164658115 ] ], [ [ -106.839863937993002, 32.374635897423083 ], [ -106.839863937993002, 32.374634000708838 ], [ -106.828444104944012, 32.267658705373385 ], [ -106.839863937993002, 32.374635897423083 ] ], [ [ -106.867006462808064, 32.383775676952219 ], [ -106.866421646898459, 32.399088880822227 ], [ -106.867006534303016, 32.383775701020419 ], [ -106.867006462808064, 32.383775676952219 ] ], [ [ -106.865836548311577, 32.414403208891564 ], [ -106.865836478644994, 32.414405031965714 ], [ -106.929623601182016, 32.48098646487842 ], [ -106.865836548311577, 32.414403208891564 ] ], [ [ -107.253760622784242, 32.703598969249839 ], [ -107.284517860774756, 32.75085198855249 ], [ -107.285248655858993, 32.739205144832532 ], [ -107.253760622784242, 32.703598969249839 ] ], [ [ -107.303364859928053, 32.792939489917337 ], [ -107.291540237423803, 32.854768347037187 ], [ -107.307297804507996, 32.798736733410337 ], [ -107.303364859928053, 32.792939489917337 ] ], [ [ -107.291539438310068, 32.854772521960115 ], [ -107.291539108636002, 32.854774244322805 ], [ -107.306552202822004, 32.862248522491605 ], [ -107.291539438310068, 32.854772521960115 ] ], [ [ -107.291842290044997, 32.887594500261919 ], [ -107.291842380264498, 32.887596230728235 ], [ -107.306552202822004, 32.862248522491605 ], [ -107.291842290044997, 32.887594500261919 ] ], [ [ -107.295489362236751, 32.957483944098655 ], [ -107.281108059686204, 32.990582349648527 ], [ -107.295489450098003, 32.957485626175227 ], [ -107.295489362236751, 32.957483944098655 ] ], [ [ -107.26671255299226, 33.023682241043389 ], [ -107.266711919971996, 33.023683695874517 ], [ -107.273444318980253, 33.028234756790312 ], [ -107.26671255299226, 33.023682241043389 ] ], [ [ -107.274439677203006, 33.070116812542487 ], [ -107.280177666079993, 33.032787389112876 ], [ -107.280177404049624, 33.032787211964269 ], [ -107.274439677203006, 33.070116812542487 ] ], [ [ -107.284080845990005, 33.100095380175183 ], [ -107.294501546180669, 33.109678387127531 ], [ -107.297589262074993, 33.109074541872225 ], [ -107.284080845990005, 33.100095380175183 ] ], [ [ -107.216918147467283, 33.140817487315232 ], [ -107.177405906001013, 33.16450001718043 ], [ -107.177406396318148, 33.16450160340959 ], [ -107.216918147467283, 33.140817487315232 ] ], [ [ -107.192077640379011, 33.21193353055402 ], [ -107.163443840696999, 33.223578421250579 ], [ -107.163422275709891, 33.224151425356034 ], [ -107.192077640379011, 33.21193353055402 ] ], [ [ -107.163334426087218, 33.226485589964277 ], [ -107.161276655074005, 33.2811187595387 ], [ -107.166476785828593, 33.296051547051157 ], [ -107.163334426087218, 33.226485589964277 ] ], [ [ -107.181760489341002, 33.339904513254375 ], [ -107.148546057513258, 33.435959217643095 ], [ -107.165107969760996, 33.407499788984296 ], [ -107.181760489341002, 33.339904513254375 ] ], [ [ -107.098598951913004, 33.521640689428686 ], [ -107.076251113433017, 33.532132212855799 ], [ -107.072106567766696, 33.544098156246299 ], [ -107.098598951913004, 33.521640689428686 ] ], [ [ -106.990724761020005, 33.637022276305274 ], [ -107.004424069102996, 33.669774262115823 ], [ -106.990725342866369, 33.637021798335311 ], [ -106.990724761020005, 33.637022276305274 ] ], [ [ -106.852523446134001, 33.802389292644818 ], [ -106.840984586310014, 33.8500900445786 ], [ -106.840984686577954, 33.850091495455509 ], [ -106.852523446134001, 33.802389292644818 ] ], [ [ -106.867199672089001, 34.079857616757685 ], [ -106.886885890891577, 34.118965571333312 ], [ -106.886886251540005, 34.118964428145915 ], [ -106.867199672089001, 34.079857616757685 ] ], [ [ -106.861419013234993, 34.260034653851562 ], [ -106.838568118195994, 34.284476256200506 ], [ -106.838590703063588, 34.284547811488153 ], [ -106.861419013234993, 34.260034653851562 ] ], [ [ -106.800297641303999, 34.413473778717766 ], [ -106.793887489525346, 34.519505898432421 ], [ -106.804025649733006, 34.477853634735958 ], [ -106.800297641303999, 34.413473778717766 ] ], [ [ -106.765312752564, 34.540337655872584 ], [ -106.793344681004996, 34.521734663532321 ], [ -106.793557642333042, 34.520860263214246 ], [ -106.765312752564, 34.540337655872584 ] ], [ [ -106.770221719313, 34.572135671652894 ], [ -106.744224801268999, 34.597724476215689 ], [ -106.770222045592007, 34.572137199558661 ], [ -106.770221719313, 34.572135671652894 ] ], [ [ -106.736892619392222, 34.648002810197113 ], [ -106.736892302762001, 34.648003362374503 ], [ -106.751215939968006, 34.706552774961494 ], [ -106.736892619392222, 34.648002810197113 ] ], [ [ -106.712673722703002, 34.812760008205487 ], [ -106.712753232035581, 34.813481828978574 ], [ -106.751215939968006, 34.706552774961494 ], [ -106.712673722703002, 34.812760008205487 ] ], [ [ -106.940839067504001, 34.960838313573717 ], [ -107.024319506858006, 34.877411054426148 ], [ -106.401317645226996, 34.87881678891452 ], [ -106.391445160253994, 34.957385421537701 ], [ -106.940839067504001, 34.960838313573717 ] ], [ [ -106.658186409143994, 35.063305941423351 ], [ -106.658186996355184, 35.063306527738234 ], [ -106.687466995829993, 35.000826774617778 ], [ -106.658186409143994, 35.063305941423351 ] ], [ [ -106.676104188323364, 35.08119068136611 ], [ -106.694031255210547, 35.099073313616174 ], [ -106.694031434769002, 35.09907165526068 ], [ -106.676104188323364, 35.08119068136611 ] ], [ [ -106.694030550446044, 35.099079822638053 ], [ -106.689398155493194, 35.13222346487575 ], [ -106.690629065630006, 35.1304816702838 ], [ -106.694030550446044, 35.099079822638053 ] ], [ [ -103.000380208156855, 36.998995832596819 ], [ -103.000868655543997, 36.998989948267884 ], [ -103.000868648509154, 36.998989120439987 ], [ -103.000380208156855, 36.998995832596819 ] ], [ [ -102.985242461177009, 35.112694926096168 ], [ -102.993369968710013, 32.011699756557306 ], [ -102.992708243790887, 36.02596073679171 ], [ -102.985242461177009, 35.112694926096168 ] ], [ [ -99.207964245488938, 34.327553978748114 ], [ -99.209122311477586, 34.325477249985902 ], [ -99.208510419435882, 34.322019138761391 ], [ -99.207964245488938, 34.327553978748114 ] ], [ [ -99.202066859271966, 34.285583546709368 ], [ -99.190040116707308, 34.217480625687152 ], [ -99.195402999159498, 34.28084899984384 ], [ -99.202066859271966, 34.285583546709368 ] ], [ [ -99.130175477262227, 34.218321420513121 ], [ -99.130443536480414, 34.219477719896432 ], [ -99.139969656248539, 34.214492016601255 ], [ -99.130175477262227, 34.218321420513121 ] ], [ [ -99.045783927944896, 34.198614697902457 ], [ -99.123803862086447, 34.203573771178839 ], [ -99.123465903122394, 34.202051644964108 ], [ -99.045783927944896, 34.198614697902457 ] ], [ [ -99.011443741404506, 34.204057615905469 ], [ -98.988172793729731, 34.221309672335892 ], [ -99.041634433179254, 34.199272974307 ], [ -99.011443741404506, 34.204057615905469 ] ], [ [ -98.961726517101695, 34.207489809880428 ], [ -98.971393204104601, 34.203138380291215 ], [ -98.970397470284894, 34.201984778444015 ], [ -98.961726517101695, 34.207489809880428 ] ], [ [ -98.835613863101699, 34.160134669111066 ], [ -98.855584999360602, 34.161620999641819 ], [ -98.866484849794304, 34.150262510606169 ], [ -98.835613863101699, 34.160134669111066 ] ], [ [ -98.824261445532898, 34.15928821940193 ], [ -98.773235550553309, 34.134433622137379 ], [ -98.812953999468505, 34.158444000034066 ], [ -98.824261445532898, 34.15928821940193 ] ], [ [ -98.755089592617892, 34.125585345377999 ], [ -98.754997185670405, 34.125540273524102 ], [ -98.749622392906659, 34.128259458744701 ], [ -98.755089592617892, 34.125585345377999 ] ], [ [ -98.689070893447564, 34.133900585960362 ], [ -98.648086437919204, 34.164401121403209 ], [ -98.644231420688783, 34.16413384364477 ], [ -98.648073000020801, 34.164440999047017 ], [ -98.689070893447564, 34.133900585960362 ] ], [ [ -98.559129043132302, 34.122405708599608 ], [ -98.559829207042696, 34.12159148115326 ], [ -98.557135363258325, 34.120769745802619 ], [ -98.559129043132302, 34.122405708599608 ] ], [ [ -98.486328000365404, 34.062598000694891 ], [ -98.489812234578537, 34.065462735952593 ], [ -98.414828285282169, 34.084948383131909 ], [ -98.486328000365404, 34.062598000694891 ] ], [ [ -98.414037411220136, 34.08612832279632 ], [ -98.384430163250897, 34.130269843240775 ], [ -98.398440162636902, 34.128456109193003 ], [ -98.414037411220136, 34.08612832279632 ] ], [ [ -98.384381000616102, 34.146317000256339 ], [ -98.367324733232294, 34.15574503421886 ], [ -98.294249198648885, 34.133136532300284 ], [ -98.365620433878902, 34.15699281110367 ], [ -98.384381000616102, 34.146317000256339 ] ], [ [ -98.172583440052094, 34.114754838689741 ], [ -98.232474134356707, 34.134640942594466 ], [ -98.291085111644421, 34.133094996088658 ], [ -98.238266022150995, 34.132388871521229 ], [ -98.172583440052094, 34.114754838689741 ] ], [ [ -98.169257442025, 34.113860684252003 ], [ -98.130815999565002, 34.150531999640542 ], [ -98.170732234542541, 34.114257178848739 ], [ -98.169257442025, 34.113860684252003 ] ], [ [ -98.122148096254563, 34.151985061398697 ], [ -98.108558776128191, 34.152924403109616 ], [ -98.109461583048684, 34.154110452639067 ], [ -98.122148096254563, 34.151985061398697 ] ], [ [ -98.106029599666954, 34.14960149495883 ], [ -98.092728522407981, 34.122738871338576 ], [ -98.089754999668003, 34.12821099975919 ], [ -98.106029599666954, 34.14960149495883 ] ], [ [ -98.097984345001876, 34.113064501996355 ], [ -98.121527705191497, 34.077331575982512 ], [ -98.118775308108653, 34.074767606607949 ], [ -98.097984345001876, 34.113064501996355 ] ], [ [ -98.082463050094518, 34.039428044190643 ], [ -98.083115923502646, 34.03999398639953 ], [ -98.096648185083239, 34.036712865597423 ], [ -98.082463050094518, 34.039428044190643 ] ], [ [ -98.08656677050179, 34.005153756670474 ], [ -98.087446860324135, 34.005329778074724 ], [ -98.086181056301058, 34.004594500409311 ], [ -98.08656677050179, 34.005153756670474 ] ], [ [ -101.366202087242996, 29.747558973328637 ], [ -101.347416068864007, 29.774977745847526 ], [ -101.348523382754962, 29.777474686743819 ], [ -101.366202087242996, 29.747558973328637 ] ], [ [ -101.359943075500993, 29.803215288893039 ], [ -101.365904281658331, 29.807265251373789 ], [ -101.352996705226161, 29.787560026584494 ], [ -101.359943075500993, 29.803215288893039 ] ], [ [ -101.395323222965999, 29.790192861924492 ], [ -101.3699010706802, 29.809980190259395 ], [ -101.371136083940996, 29.81081904104688 ], [ -101.395323222965999, 29.790192861924492 ] ], [ [ -101.45005383746755, 29.805863153230078 ], [ -101.450641478161998, 29.805561562141307 ], [ -101.4254049250641, 29.798554513658676 ], [ -101.45005383746755, 29.805863153230078 ] ], [ [ -101.393528838186, 29.828822545276509 ], [ -101.391692078443384, 29.835788054151426 ], [ -101.413208455529954, 29.824761953475047 ], [ -101.393528838186, 29.828822545276509 ] ], [ [ -101.387281055385003, 29.852510526154379 ], [ -101.398804852325952, 29.858980287892329 ], [ -101.389073139408751, 29.84571753406993 ], [ -101.387281055385003, 29.852510526154379 ] ], [ [ -101.454326816616003, 29.890119230057291 ], [ -101.464758081282781, 29.89007340021772 ], [ -101.423435492549828, 29.872800787159616 ], [ -101.454326816616003, 29.890119230057291 ] ], [ [ -101.528363776660797, 29.889772393525337 ], [ -101.510727541728997, 29.884834770432576 ], [ -101.498530864980495, 29.889918186060264 ], [ -101.528363776660797, 29.889772393525337 ] ], [ [ -101.532821406107914, 29.897098706312399 ], [ -101.532803639836018, 29.891014873416822 ], [ -101.532272795463271, 29.89086633015744 ], [ -101.532821406107914, 29.897098706312399 ] ], [ [ -101.484840341028999, 29.92908006039929 ], [ -101.532886734, 29.919460990641703 ], [ -101.532883222435572, 29.918259289214447 ], [ -101.484840341028999, 29.92908006039929 ] ], [ [ -101.709492015903464, 30.264911553839546 ], [ -101.699744306449006, 30.254542115272304 ], [ -101.671597842809007, 30.246964566223046 ], [ -101.709492015903464, 30.264911553839546 ] ], [ [ -101.755521065354742, 30.286682233426362 ], [ -101.757094999974996, 30.283426885409565 ], [ -101.745109518008277, 30.281760598437419 ], [ -101.755521065354742, 30.286682233426362 ] ], [ [ -101.7172595102911, 30.337140483745042 ], [ -101.735939675034004, 30.32715680919495 ], [ -101.750042593762743, 30.298010917485499 ], [ -101.7172595102911, 30.337140483745042 ] ], [ [ -101.658951809396996, 30.34274083800759 ], [ -101.701543182804997, 30.345535621626137 ], [ -101.712231396680323, 30.339826781980584 ], [ -101.658951809396996, 30.34274083800759 ] ], [ [ -101.877635436375002, 30.920323881922194 ], [ -101.87933045544365, 30.920896712776244 ], [ -101.890928256791994, 30.8898745441677 ], [ -101.877635436375002, 30.920323881922194 ] ], [ [ -104.392199695340295, 32.561389123324197 ], [ -104.392363522221018, 32.561265152545836 ], [ -104.338810456559003, 32.510603661329228 ], [ -104.392199695340295, 32.561389123324197 ] ], [ [ -104.802866657606003, 36.731776181962807 ], [ -104.822856418464994, 36.733345655755407 ], [ -104.802849511416483, 36.731700013657168 ], [ -104.802866657606003, 36.731776181962807 ] ], [ [ -99.179005988574886, 32.973638752859621 ], [ -99.169711173948897, 32.973978095974992 ], [ -99.169711274502447, 32.973978320139324 ], [ -99.179005988574886, 32.973638752859621 ] ], [ [ -99.427475578674049, 33.102114901712163 ], [ -99.227296108575501, 33.102114901263107 ], [ -99.19940860508531, 33.040120118095416 ], [ -99.2272954294491, 33.102115912646532 ], [ -99.427475578674049, 33.102114901712163 ] ], [ [ -99.405538921680517, 33.050346293026372 ], [ -99.412254654619886, 33.066202553053017 ], [ -99.405539148124106, 33.050346292988323 ], [ -99.405538921680517, 33.050346293026372 ] ], [ [ -99.241326766539103, 32.99079853506187 ], [ -99.243928849988606, 33.000647710403129 ], [ -99.24132744735553, 32.990798391440315 ], [ -99.241326766539103, 32.99079853506187 ] ], [ [ -99.254154148722208, 32.98809171691731 ], [ -99.250131177816172, 32.98894081545167 ], [ -99.254155056444304, 32.988092134090998 ], [ -99.254154148722208, 32.98809171691731 ] ], [ [ -99.233945775827578, 32.97880034266894 ], [ -99.239591119900496, 32.971408239222406 ], [ -99.233944169887394, 32.97879960413718 ], [ -99.233945775827578, 32.97880034266894 ] ], [ [ -98.676116120571905, 33.116912921527529 ], [ -98.670631905762406, 33.003533606885512 ], [ -98.676115606735621, 33.116911672558913 ], [ -98.511585184709006, 33.116912921527529 ], [ -98.676116120571905, 33.116912921527529 ] ], [ [ -105.602344802589997, 35.514724303264337 ], [ -105.603990965348004, 35.593903233975716 ], [ -105.699418997980004, 35.592380176023021 ], [ -105.698597039494999, 35.513203396331093 ], [ -105.602344802589997, 35.514724303264337 ] ], [ [ -105.891099267517006, 35.760883526770201 ], [ -105.891099267517006, 35.832659935578711 ], [ -105.973364735448996, 35.831895225952323 ], [ -105.975832856692008, 35.759356362692856 ], [ -105.891099267517006, 35.760883526770201 ] ], [ [ -105.638450339646994, 36.155684364395057 ], [ -105.638450339646994, 36.225258309365707 ], [ -105.738814614765005, 36.223721992131168 ], [ -105.738814614765005, 36.154661663686994 ], [ -105.638450339646994, 36.155684364395057 ] ], [ [ -105.478855646270006, 36.479254336830948 ], [ -105.481323767513004, 36.564786393473739 ], [ -105.585800080845004, 36.560161361524564 ], [ -105.585800080845004, 36.478485072510985 ], [ -105.478855646270006, 36.479254336830948 ] ], [ [ -112.191494042071994, 33.264568885798703 ], [ -112.165304082782555, 33.257835846924579 ], [ -112.191494146809447, 33.264569323899259 ], [ -112.191494042071994, 33.264568885798703 ] ], [ [ -112.133760996333478, 33.235569942479053 ], [ -112.131714050692011, 33.233110884902331 ], [ -112.13171393267028, 33.233110875584053 ], [ -112.133760996333478, 33.235569942479053 ] ], [ [ -112.095626783240547, 33.230255094625697 ], [ -112.090954857166608, 33.21694311720313 ], [ -112.095625941850003, 33.230255027917607 ], [ -112.095626783240547, 33.230255094625697 ] ], [ [ -112.026270636134143, 33.178862823208469 ], [ -112.012643683850243, 33.174015515568506 ], [ -112.012644067479002, 33.174015842974242 ], [ -112.026270636134143, 33.178862823208469 ] ], [ [ -111.996801474452198, 33.160491526418241 ], [ -111.988627956905006, 33.153511174830783 ], [ -111.988627867026395, 33.153511200977583 ], [ -111.996801474452198, 33.160491526418241 ] ], [ [ -111.849862600631994, 33.154022390934166 ], [ -111.889537044113894, 33.159178033080295 ], [ -111.804381049331695, 33.115127986176418 ], [ -111.849862600631994, 33.154022390934166 ] ], [ [ -111.798493714465138, 33.115248609724311 ], [ -111.736824146087002, 33.088199503702015 ], [ -111.736823958561615, 33.088199504860292 ], [ -111.774979038548011, 33.115727898206202 ], [ -111.798493714465138, 33.115248609724311 ] ], [ [ -111.671206225559999, 33.088585968172467 ], [ -111.671205656927, 33.088586489747392 ], [ -111.700892955046541, 33.088415789445818 ], [ -111.671206225559999, 33.088585968172467 ] ], [ [ -111.549775888395999, 33.042867196401538 ], [ -111.62159129215749, 33.058765896299995 ], [ -111.5374682024934, 33.026572061407983 ], [ -111.549775888395999, 33.042867196401538 ] ], [ [ -111.530733392917995, 33.017652105364398 ], [ -111.472994204081999, 33.015746169581277 ], [ -111.466004033103744, 33.022285522460677 ], [ -111.472994635274006, 33.01574661701536 ], [ -111.530733392917995, 33.017652105364398 ] ], [ [ -110.995138627122003, 32.106782401803542 ], [ -110.995138065674993, 32.106783139901815 ], [ -110.984457688316652, 32.217241764242871 ], [ -110.995138627122003, 32.106782401803542 ] ], [ [ -110.985956974721176, 31.845664910476799 ], [ -111.055644838136999, 31.710195672532983 ], [ -111.054991049808095, 31.704880579969249 ], [ -110.999528581625995, 31.806126227112696 ], [ -110.985956974721176, 31.845664910476799 ] ], [ [ -111.042791924510993, 31.605566416190101 ], [ -111.039467679157994, 31.635200829487619 ], [ -111.051292697399219, 31.674799877155088 ], [ -111.042791924510993, 31.605566416190101 ] ], [ [ -111.046163573962005, 31.551580128490652 ], [ -111.012801189949002, 31.525515097397914 ], [ -111.045988987228114, 31.554377492694741 ], [ -111.046163573962005, 31.551580128490652 ] ], [ [ -111.01163636763755, 31.523013721831685 ], [ -110.994163266030995, 31.471536774111534 ], [ -110.985031958749062, 31.465833839890887 ], [ -111.01163636763755, 31.523013721831685 ] ], [ [ -110.949941381010419, 31.443903096395967 ], [ -110.904041776327645, 31.415180970946018 ], [ -110.913768667238998, 31.424857351179487 ], [ -110.949941381010419, 31.443903096395967 ] ], [ [ -110.867778282714454, 31.379076316587977 ], [ -110.844324408679128, 31.379414506664421 ], [ -110.844324404200009, 31.379414573806095 ], [ -110.867778282714454, 31.379076316587977 ] ], [ [ -113.65705254122993, 32.829439647714466 ], [ -113.656651388173003, 32.829536636082288 ], [ -113.655529494534079, 32.831187253231889 ], [ -113.65705254122993, 32.829439647714466 ] ], [ [ -113.624422845847391, 32.866857937560702 ], [ -113.620204386986515, 32.868159703817014 ], [ -113.622999978403001, 32.868488552966426 ], [ -113.624422845847391, 32.866857937560702 ] ], [ [ -113.488614577145853, 32.907407543554775 ], [ -113.456398149747571, 32.92151085371129 ], [ -113.456398425811003, 32.921511079419993 ], [ -113.488614577145853, 32.907407543554775 ] ], [ [ -113.258517535025007, 32.998489714728706 ], [ -113.290310648475, 32.966497998941918 ], [ -113.258517652704015, 32.998489593430797 ], [ -113.132911833754022, 33.009944992969729 ], [ -113.258517535025007, 32.998489714728706 ] ], [ [ -113.115830736614384, 33.020127579029591 ], [ -113.065813087248998, 33.050022044308228 ], [ -113.063410415518661, 33.054457173205961 ], [ -113.102689028477002, 33.043782116209599 ], [ -113.115830736614384, 33.020127579029591 ] ], [ [ -113.056305093470243, 33.067569615351061 ], [ -113.043331935822977, 33.091497763672265 ], [ -113.047096787119003, 33.092264907740734 ], [ -113.056305093470243, 33.067569615351061 ] ], [ [ -113.039548193985027, 33.090726629580885 ], [ -112.994180983216381, 33.054046965069141 ], [ -113.025683196534004, 33.087899709237917 ], [ -113.039548193985027, 33.090726629580885 ] ], [ [ -112.99417878587785, 33.054045187197204 ], [ -112.994178766581996, 33.054045171584889 ], [ -112.993150689598735, 33.054157671229177 ], [ -112.99417878587785, 33.054045187197204 ] ], [ [ -112.857964462522872, 33.04295176344931 ], [ -112.851726611003897, 33.043565572972483 ], [ -112.851726687552002, 33.043565623697674 ], [ -112.857964462522872, 33.04295176344931 ] ], [ [ -112.770144151369038, 32.989457749639094 ], [ -112.711191758865994, 33.002299231525022 ], [ -112.710572498620067, 33.002993946337007 ], [ -112.770144151369038, 32.989457749639094 ] ], [ [ -112.694213275051098, 33.021340579737547 ], [ -112.686421429066996, 33.030075026719658 ], [ -112.686030988140317, 33.03491673522101 ], [ -112.694213275051098, 33.021340579737547 ] ], [ [ -112.685107596539297, 33.046364854714128 ], [ -112.682619780785458, 33.077191034341581 ], [ -112.691747964391993, 33.060467381211616 ], [ -112.685107596539297, 33.046364854714128 ] ], [ [ -112.763555729079002, 33.263997132573067 ], [ -112.768111500906002, 33.229390892571644 ], [ -112.76811094970617, 33.229390369562566 ], [ -112.763555729079002, 33.263997132573067 ] ], [ [ -112.769859358468153, 33.28747300955942 ], [ -112.760437380583596, 33.306859399272376 ], [ -112.770141693449006, 33.296846639543524 ], [ -112.769859358468153, 33.28747300955942 ] ], [ [ -112.757755701667932, 33.309625694664518 ], [ -112.725717479072216, 33.307582649759553 ], [ -112.755858480431002, 33.311582618005403 ], [ -112.757755701667932, 33.309625694664518 ] ], [ [ -112.59654757749189, 33.34172660832624 ], [ -112.694403788162148, 33.319285126523766 ], [ -112.636020217563001, 33.324183583953776 ], [ -112.59654757749189, 33.34172660832624 ] ], [ [ -112.539346910624687, 33.344496633916151 ], [ -112.537033875445999, 33.344435613187095 ], [ -112.536814581933712, 33.344618601830966 ], [ -112.539346910624687, 33.344496633916151 ] ], [ [ -112.517265571761001, 33.360925904740917 ], [ -112.517265940968997, 33.360926528234877 ], [ -112.517295448332732, 33.360900990428107 ], [ -112.517265571761001, 33.360925904740917 ] ], [ [ -112.400590204713907, 33.389180009901523 ], [ -112.398116378702724, 33.389426341838409 ], [ -112.399103794284002, 33.389553023450596 ], [ -112.400590204713907, 33.389180009901523 ] ], [ [ -112.293370524956558, 33.375937167157382 ], [ -112.273398639367088, 33.332328559310334 ], [ -112.288826610005998, 33.375349728197556 ], [ -112.293370524956558, 33.375937167157382 ] ], [ [ -112.19151378604262, 33.264651471676494 ], [ -112.202294144473996, 33.309720815478279 ], [ -112.272346054036348, 33.33198739101811 ], [ -112.202295034705003, 33.309719881564085 ], [ -112.19151378604262, 33.264651471676494 ] ], [ [ -109.045769195465013, 34.777315595162129 ], [ -109.045362707799001, 34.785405765462805 ], [ -109.045742246006, 34.792989810058501 ], [ -109.045769195465013, 34.777315595162129 ] ], [ [ -107.530717798821001, 35.053954392803419 ], [ -107.740496875545006, 35.112241159941156 ], [ -107.741318834029997, 34.892931756979173 ], [ -107.529895840335996, 34.892176514683698 ], [ -107.530717798821001, 35.053954392803419 ] ], [ [ -107.578434060926, 35.172843399083931 ], [ -107.501926793964998, 35.096341215437505 ], [ -107.501102589691996, 34.960932180142578 ], [ -107.238675499953999, 34.960932180142578 ], [ -107.242789783955004, 35.10164215400119 ], [ -107.151473789535999, 35.124357869811789 ], [ -107.578434060926, 35.172843399083931 ] ], [ [ -108.741208873114005, 34.998771889460784 ], [ -108.740386914628999, 35.08426628346561 ], [ -108.84387957272402, 35.083075415670251 ], [ -108.843219310989994, 34.997259667065848 ], [ -108.741208873114005, 34.998771889460784 ] ], [ [ -100.912558414861834, 38.251020812854122 ], [ -101.024000108698999, 38.190354292226672 ], [ -100.949412990658999, 38.225016171833303 ], [ -100.912558414861834, 38.251020812854122 ] ], [ [ -100.570990055018001, 38.583092389672807 ], [ -100.672835121093328, 38.524010753085875 ], [ -100.402071536270768, 38.595762318154456 ], [ -100.570990055018001, 38.583092389672807 ] ], [ [ -100.391133872770098, 38.614306777961353 ], [ -100.331870640166997, 38.658087798667701 ], [ -100.285392529869512, 38.65082050764515 ], [ -100.331870951883005, 38.658088378794289 ], [ -100.391133872770098, 38.614306777961353 ] ], [ [ -100.167339459961994, 38.668657396669595 ], [ -100.167339704303998, 38.668656617436703 ], [ -100.063135131346002, 38.643293743421225 ], [ -100.03903374058757, 38.643876706141036 ], [ -100.167339459961994, 38.668657396669595 ] ], [ [ -99.992936283468808, 38.625333322046949 ], [ -99.992936076856296, 38.625334162808137 ], [ -100.013479235256199, 38.640175536613079 ], [ -99.992936283468808, 38.625333322046949 ] ], [ [ -99.960029778292707, 38.595762353805561 ], [ -99.990742150422037, 38.598930133413013 ], [ -99.936581143030693, 38.628830980431772 ], [ -99.960029778292707, 38.595762353805561 ] ], [ [ -99.665114271463565, 38.595109157348723 ], [ -99.571736458839098, 38.550107905361024 ], [ -99.571735744150146, 38.550108140948346 ], [ -99.665114271463565, 38.595109157348723 ] ], [ [ -99.404977318154451, 38.571981530653041 ], [ -99.488372831015496, 38.577549971311385 ], [ -99.553742335161459, 38.556037626481675 ], [ -99.488372800472803, 38.577549129990295 ], [ -99.404977318154451, 38.571981530653041 ] ], [ [ -99.33062075351755, 38.576358187564594 ], [ -99.270093763469973, 38.590218663369164 ], [ -99.270094384654996, 38.590218973988307 ], [ -99.33062075351755, 38.576358187564594 ] ], [ [ -99.135411213410038, 38.566009769067364 ], [ -99.215251267277296, 38.562771821448315 ], [ -99.154922658583999, 38.559605612553796 ], [ -99.135411213410038, 38.566009769067364 ] ], [ [ -99.070312641773228, 38.60582105002451 ], [ -99.032071494563851, 38.637747001385698 ], [ -99.032072157719, 38.637747334035829 ], [ -99.070312641773228, 38.60582105002451 ] ], [ [ -98.653649723338404, 38.647256725463386 ], [ -98.807212450567718, 38.670507132697104 ], [ -98.833537489239006, 38.662051580648907 ], [ -98.867147252177205, 38.627299142583375 ], [ -98.653649723338404, 38.647256725463386 ] ], [ [ -98.463889857830594, 38.656767274734754 ], [ -98.514346392991698, 38.658881001355788 ], [ -98.514346926454252, 38.658880446260902 ], [ -98.463889857830594, 38.656767274734754 ] ], [ [ -98.444128482994032, 38.648876939376322 ], [ -98.418917540281825, 38.638803308572555 ], [ -98.418918126797706, 38.638803872603205 ], [ -98.444128482994032, 38.648876939376322 ] ], [ [ -98.412024546794882, 38.632173778888237 ], [ -98.3509125129914, 38.573326599486499 ], [ -98.24999801976162, 38.540610699999888 ], [ -98.195905255840643, 38.546667290240812 ], [ -98.412024546794882, 38.632173778888237 ] ], [ [ -97.916547877872901, 38.407785671765566 ], [ -97.861705218252425, 38.391989589127647 ], [ -97.916548094548432, 38.407785841683967 ], [ -97.916547877872901, 38.407785671765566 ] ], [ [ -97.758598401328399, 38.459411675429799 ], [ -97.841961024835399, 38.393042466260979 ], [ -97.855696598121341, 38.392310244087227 ], [ -97.841960759832403, 38.393042156469491 ], [ -97.758599347254304, 38.459410893221424 ], [ -97.642942998357867, 38.472201465778184 ], [ -97.758598401328399, 38.459411675429799 ] ], [ [ -97.598600114513474, 38.455562222013114 ], [ -97.544708232317305, 38.411998557935121 ], [ -97.489863838433607, 38.400413409993895 ], [ -97.544707460664512, 38.411998978155594 ], [ -97.598600114513474, 38.455562222013114 ] ], [ [ -97.445987874169006, 38.520567077617699 ], [ -97.408694425367472, 38.551163372900611 ], [ -97.447321883746724, 38.497933060502923 ], [ -97.445987874169006, 38.520567077617699 ] ], [ [ -97.367012485965603, 38.56382719341719 ], [ -97.3670134480613, 38.563827698446779 ], [ -97.405920087112108, 38.552006899825052 ], [ -97.367012485965603, 38.56382719341719 ] ], [ [ -97.060408596751643, 38.570874094737256 ], [ -97.055501449103303, 38.570160855623925 ], [ -97.055501391242004, 38.57016086696656 ], [ -97.060408596751643, 38.570874094737256 ] ], [ [ -96.950151573565577, 38.625593479372078 ], [ -96.990784766978095, 38.582828455259126 ], [ -97.018623697348986, 38.577383844901355 ], [ -96.990784570247101, 38.582828260744186 ], [ -96.950151573565577, 38.625593479372078 ] ], [ [ -96.824681544475197, 38.720362742144545 ], [ -96.838318916846603, 38.673678219078219 ], [ -96.848682298625164, 38.67165737585195 ], [ -96.838318008649907, 38.67367832006979 ], [ -96.824681544475197, 38.720362742144545 ] ], [ [ -94.97791584832359, 38.713278114558399 ], [ -94.977922454100764, 38.713278170931098 ], [ -94.977915676388236, 38.71327809535822 ], [ -94.97791584832359, 38.713278114558399 ] ], [ [ -95.184935221515474, 38.736215656465056 ], [ -95.184934961070994, 38.736214955479333 ], [ -95.184934946690944, 38.7362156262542 ], [ -95.184935221515474, 38.736215656465056 ] ], [ [ -95.058849754477095, 37.768013109146189 ], [ -100.129709277052001, 37.766447412374575 ], [ -100.129709283500162, 37.766446853759398 ], [ -95.570542271496393, 37.766446841429605 ], [ -95.058849754477095, 37.768013109146189 ] ], [ [ -95.570542271496393, 37.766446841429605 ], [ -95.570615036900037, 37.045817328732831 ], [ -95.570453653405494, 37.045815274267895 ], [ -95.570542271496393, 37.766446841429605 ] ], [ [ -95.57048646897961, 37.010061441106338 ], [ -95.570449337533844, 37.0103555962624 ], [ -95.570487528504614, 37.010356246618862 ], [ -95.57048646897961, 37.010061441106338 ] ], [ [ -95.011036605801124, 36.999532396969848 ], [ -95.011075564400244, 36.999532474898167 ], [ -95.011034677128507, 36.999531610530163 ], [ -95.011036605801124, 36.999532396969848 ] ], [ [ -95.057204012465704, 37.018344603794269 ], [ -95.05720380763276, 37.018344520391857 ], [ -95.057204415019129, 37.018346238463295 ], [ -95.057204012465704, 37.018344603794269 ] ], [ [ -95.062113522741484, 37.038273815517606 ], [ -95.06211340081137, 37.038273813452058 ], [ -95.061388771373686, 37.201554838598938 ], [ -95.062113522741484, 37.038273815517606 ] ], [ [ -94.601973337775405, 36.401879794851247 ], [ -94.601941896740513, 36.401592389532937 ], [ -94.601692614249103, 36.400155346996812 ], [ -94.601973337775405, 36.401879794851247 ] ], [ [ -94.609972835380503, 36.450775632866282 ], [ -94.60635037899732, 36.427190790781424 ], [ -94.6020788898213, 36.402514251884988 ], [ -94.609972835380503, 36.450775632866282 ] ], [ [ -94.610377077258306, 36.453244996022477 ], [ -94.610338898858799, 36.452583857485003 ], [ -94.610271525212397, 36.452580244690694 ], [ -94.610377077258306, 36.453244996022477 ] ], [ [ -94.611583065527299, 36.46062010202472 ], [ -94.610520807703793, 36.453864582487277 ], [ -94.610473646151405, 36.453837486972795 ], [ -94.611583065527299, 36.46062010202472 ] ], [ [ -111.883036569992314, 36.399826129517393 ], [ -111.868226410828001, 36.412073861930843 ], [ -111.88303738407501, 36.39982635993595 ], [ -111.883036569992314, 36.399826129517393 ] ], [ [ -111.870132995858555, 36.4300693319747 ], [ -111.870133085017997, 36.430069269847039 ], [ -111.868226410828001, 36.412073861930843 ], [ -111.870132995858555, 36.4300693319747 ] ], [ [ -111.840746946286998, 36.493433796764975 ], [ -111.840746946286998, 36.493434699487608 ], [ -111.856768399379021, 36.504097828085889 ], [ -111.840746946286998, 36.493433796764975 ] ], [ [ -111.766078979870997, 36.600917585184682 ], [ -111.766078979870997, 36.600918486653008 ], [ -111.787398407803991, 36.585554349658004 ], [ -111.766078979870997, 36.600917585184682 ] ], [ [ -111.559442749930923, 36.843925909972434 ], [ -111.546757549041004, 36.843171299939051 ], [ -111.546758122284473, 36.843172232659313 ], [ -111.559442749930923, 36.843925909972434 ] ], [ [ -111.514260472564018, 36.87981563535179 ], [ -111.514258747849993, 36.879815812819878 ], [ -111.522006364010636, 36.883052129137447 ], [ -111.514260472564018, 36.87981563535179 ] ], [ [ -111.529754329792937, 36.886288707089712 ], [ -111.523390122712982, 36.899651749274263 ], [ -111.529754686501008, 36.886288856080299 ], [ -111.529754329792937, 36.886288707089712 ] ], [ [ -111.245693918933, 37.039544751837447 ], [ -111.304625647359998, 37.073928625209049 ], [ -111.475072170519809, 37.001312612774413 ], [ -111.304625647359998, 37.073927729298596 ], [ -111.245693918933, 37.039544751837447 ] ], [ [ -111.169995135728996, 37.099011758285691 ], [ -111.143216357109011, 37.092991201952493 ], [ -111.140645377594296, 37.094371156697548 ], [ -111.169995135728996, 37.099011758285691 ] ], [ [ -111.054851328398001, 37.103778065917894 ], [ -111.107270271015011, 37.110472958842628 ], [ -111.108782877665945, 37.109607785978511 ], [ -111.054851328398001, 37.103778065917894 ] ], [ [ -111.048698672182837, 37.104826609736705 ], [ -110.985701263614999, 37.115542988197539 ], [ -110.948508765064005, 37.128967702993606 ], [ -111.048698672182837, 37.104826609736705 ] ], [ [ -110.808547828475625, 37.177114729524355 ], [ -110.786127048519006, 37.179377299590364 ], [ -110.777692488981486, 37.184331226652098 ], [ -110.808547828475625, 37.177114729524355 ] ], [ [ -110.747329957492937, 37.202153869868411 ], [ -110.731830626958001, 37.21124562911109 ], [ -110.703042696455341, 37.253233149929642 ], [ -110.747329957492937, 37.202153869868411 ] ], [ [ -110.628192463595738, 37.275112412324852 ], [ -110.591157153552885, 37.285914431276936 ], [ -110.591157263395004, 37.285914462202705 ], [ -110.628192463595738, 37.275112412324852 ] ], [ [ -110.420366436714247, 37.218259407801042 ], [ -110.575243016940988, 37.281432531772388 ], [ -110.478454063708, 37.223685008858297 ], [ -110.420366436714247, 37.218259407801042 ] ], [ [ -110.364928160918879, 37.188704264701094 ], [ -110.364927223888998, 37.188703586096693 ], [ -110.364926900210023, 37.188703592035552 ], [ -110.364928160918879, 37.188704264701094 ] ], [ [ -110.315812648615406, 37.18461080536094 ], [ -110.255513253075634, 37.13820238366371 ], [ -110.308985753480997, 37.184040321276385 ], [ -110.315812648615406, 37.18461080536094 ] ], [ [ -110.255512978112137, 37.138202171840511 ], [ -110.255512422283005, 37.138201743647187 ], [ -110.255509971499379, 37.138201373923756 ], [ -110.255512978112137, 37.138202171840511 ] ], [ [ -110.214380811211001, 37.131989144256174 ], [ -110.138695658145011, 37.166944939384983 ], [ -110.223671136314934, 37.133393687356239 ], [ -110.214380811211001, 37.131989144256174 ] ], [ [ -109.849125603803898, 37.195055327234016 ], [ -109.846920926060733, 37.192884710356502 ], [ -109.849125452871007, 37.195055427337103 ], [ -109.849125603803898, 37.195055327234016 ] ], [ [ -109.767585738348998, 37.181438575136184 ], [ -109.767585804823995, 37.181438624520197 ], [ -109.776703056253936, 37.183972788175339 ], [ -109.767585738348998, 37.181438575136184 ] ], [ [ -109.749199310642396, 37.214979617265662 ], [ -109.746774438633523, 37.208058074124366 ], [ -109.749199272642002, 37.214979686552205 ], [ -109.749199310642396, 37.214979617265662 ] ], [ [ -109.742693492576663, 37.196406387549295 ], [ -109.742693421826004, 37.196406185512792 ], [ -109.73633707602616, 37.194514585009344 ], [ -109.742693492576663, 37.196406387549295 ] ], [ [ -109.725834432714777, 37.191388133254989 ], [ -109.725834289730997, 37.191388090683176 ], [ -109.723386583472688, 37.194696947480452 ], [ -109.725834432714777, 37.191388133254989 ] ], [ [ -109.620619112078998, 37.241217017260617 ], [ -109.620620097531003, 37.24121727542758 ], [ -109.627648246766, 37.241675284651201 ], [ -109.620619112078998, 37.241217017260617 ] ], [ [ -109.536344311659761, 37.275043561503935 ], [ -109.599119033495001, 37.266116203059774 ], [ -109.611185351165048, 37.26126990761108 ], [ -109.599117935753, 37.266116008604754 ], [ -109.536344311659761, 37.275043561503935 ] ], [ [ -109.466315700698246, 37.282646571424095 ], [ -109.442790864222999, 37.274077873197619 ], [ -109.442790663348433, 37.274078003703465 ], [ -109.466315700698246, 37.282646571424095 ] ], [ [ -109.433629047457245, 37.280029367871592 ], [ -109.426372006326943, 37.284742349359519 ], [ -109.426372334215003, 37.284742455561982 ], [ -109.433629047457245, 37.280029367871592 ] ], [ [ -109.283749220742095, 37.257617080113022 ], [ -109.340148687020999, 37.269970450422932 ], [ -109.342368508359542, 37.269217105240543 ], [ -109.340149359858998, 37.269970156610874 ], [ -109.283749220742095, 37.257617080113022 ] ], [ [ -109.205891206529728, 37.214873353425006 ], [ -109.17909289144977, 37.209916973063144 ], [ -109.179280726951006, 37.210730249196658 ], [ -109.205891206529728, 37.214873353425006 ] ], [ [ -109.121820611435993, 37.156841188247135 ], [ -109.121820567418993, 37.1568409555654 ], [ -109.095266662732513, 37.122020209666033 ], [ -109.121820611435993, 37.156841188247135 ] ], [ [ -109.102915522264013, 37.099870647218907 ], [ -109.083033360710999, 37.0836211943789 ], [ -109.102204069977546, 37.101931453737102 ], [ -109.102915522264013, 37.099870647218907 ] ], [ [ -109.083849183224388, 37.080876678655237 ], [ -109.093283336629995, 37.067115816447519 ], [ -109.088839636312713, 37.064083670045328 ], [ -109.083849183224388, 37.080876678655237 ] ], [ [ -108.529801599937002, 36.99927064459078 ], [ -106.988093931781833, 37.00551517332579 ], [ -106.996234547017224, 37.290934695749023 ], [ -106.995553022416019, 37.213077310304186 ], [ -109.044634259306648, 37.227046114068976 ], [ -109.045223468930004, 36.999084111686614 ], [ -109.628899333210001, 36.998311071407699 ], [ -109.606966965547997, 35.74848859576646 ], [ -108.529801599937002, 35.750822474977916 ], [ -108.529801599937002, 36.99927064459078 ] ], [ [ -107.003779597055996, 38.142870896334891 ], [ -106.99869957581501, 37.571169746413112 ], [ -106.995781714332679, 37.570277943510433 ], [ -107.003779597055996, 38.142870896334891 ] ], [ [ -110.988706128240011, 35.591666118492284 ], [ -110.94070357036, 35.659904103057009 ], [ -110.932047103287061, 35.78329504982333 ], [ -110.940704651033016, 35.659903764395558 ], [ -110.988706128240011, 35.591666118492284 ] ], [ [ -110.735479949136675, 36.128776895009686 ], [ -110.735480032799998, 36.128776912655766 ], [ -110.739834952140711, 36.121404016790983 ], [ -110.735479949136675, 36.128776895009686 ] ], [ [ -110.634273385238231, 36.107381546615834 ], [ -110.386536030962006, 36.025970632525187 ], [ -110.286808146207733, 35.938397191113559 ], [ -110.386536198048006, 36.025970780007313 ], [ -110.634273385238231, 36.107381546615834 ] ], [ [ -110.35028652529482, 35.791545931761675 ], [ -110.237085730017995, 35.848126426211039 ], [ -110.274077853599181, 35.924720031667519 ], [ -110.237086591502006, 35.848126758975177 ], [ -110.35028652529482, 35.791545931761675 ] ], [ [ -110.529815240076999, 35.598277755463371 ], [ -110.521098075285622, 35.622967760771509 ], [ -110.529817140995803, 35.598276340759156 ], [ -110.529815240076999, 35.598277755463371 ] ], [ [ -110.618251216830998, 35.523409032078824 ], [ -110.621678830311311, 35.407438874428216 ], [ -110.611453387913755, 35.529171730718474 ], [ -110.618251216830998, 35.523409032078824 ] ], [ [ -110.623209593513096, 35.406132653314138 ], [ -110.621679206818996, 35.407434384734657 ], [ -110.621679205837822, 35.407434396434603 ], [ -110.623209593513096, 35.406132653314138 ] ], [ [ -106.638136012003017, 35.548424555142091 ], [ -106.727255625552004, 35.54652147442328 ], [ -106.723828552743001, 35.476137011818771 ], [ -106.639505942811013, 35.475503304469648 ], [ -106.638136012003017, 35.548424555142091 ] ], [ [ -106.743023304576994, 35.61950690367469 ], [ -106.644990157620995, 35.659517842739085 ], [ -106.743023304576994, 35.656976917184814 ], [ -106.743023304576994, 35.61950690367469 ] ], [ [ -106.551756260069993, 35.477404411532085 ], [ -106.631964586001004, 35.478672705673297 ], [ -106.629909689787993, 35.398847354095686 ], [ -106.551756260069993, 35.39821395343229 ], [ -106.551756260069993, 35.477404411532085 ] ], [ [ -103.714342095226996, 39.266989466108484 ], [ -103.714342596487, 39.266988834612505 ], [ -103.675223164938998, 39.243446739699202 ], [ -103.622412590890818, 39.231891251345786 ], [ -103.714342095226996, 39.266989466108484 ] ], [ [ -103.562787467372999, 39.169472808744487 ], [ -103.562787383377113, 39.169472830819949 ], [ -103.570489182008274, 39.175012344472194 ], [ -103.562787467372999, 39.169472808744487 ] ], [ [ -103.533141278044994, 39.136132812216715 ], [ -103.533140673478997, 39.136132941817202 ], [ -103.549407198354388, 39.172987941868428 ], [ -103.533141278044994, 39.136132812216715 ] ], [ [ -103.439085718453001, 39.116770538463513 ], [ -103.439084817443003, 39.116770333554754 ], [ -103.456967636981133, 39.1243700223853 ], [ -103.439085718453001, 39.116770538463513 ] ], [ [ -103.278025870153016, 38.948017441388814 ], [ -103.346519382931717, 38.991211213026041 ], [ -103.279051920091604, 38.935642744631792 ], [ -103.278025870153016, 38.948017441388814 ] ], [ [ -103.280104696587003, 38.922931429967718 ], [ -103.271324867624273, 38.921065684201054 ], [ -103.280104662076283, 38.922931846725703 ], [ -103.280104696587003, 38.922931429967718 ] ], [ [ -103.218585980041993, 38.865413766088999 ], [ -103.217835505413035, 38.865353730758123 ], [ -103.263484240214524, 38.919324433232823 ], [ -103.218585980041993, 38.865413766088999 ] ], [ [ -102.912653599671998, 38.767769959890899 ], [ -102.908861653942495, 38.767834459122433 ], [ -102.912653687286564, 38.767770014447798 ], [ -102.912653599671998, 38.767769959890899 ] ], [ [ -102.77372514437802, 38.738507978557308 ], [ -102.818101225168007, 38.752102586490444 ], [ -102.742157059127251, 38.739659433067281 ], [ -102.77372514437802, 38.738507978557308 ] ], [ [ -102.628570205983664, 38.676197250522875 ], [ -102.668707596087998, 38.727602581484376 ], [ -102.669053484820978, 38.727622707081011 ], [ -102.628570205983664, 38.676197250522875 ] ], [ [ -102.629658438367017, 38.674332731148276 ], [ -102.628465317148013, 38.676062804115638 ], [ -102.628465345247491, 38.676062840133611 ], [ -102.629658438367017, 38.674332731148276 ] ], [ [ -102.607058463927004, 38.632089620943397 ], [ -102.639836605314471, 38.642523109458693 ], [ -102.606601077081152, 38.63174286112109 ], [ -102.607058463927004, 38.632089620943397 ] ], [ [ -102.501754930008985, 38.498594020407197 ], [ -102.497668365991998, 38.549015448076887 ], [ -102.497834305501897, 38.549141683903187 ], [ -102.501754930008985, 38.498594020407197 ] ], [ [ -102.511780899105005, 38.443918056216262 ], [ -102.508687904680997, 38.447389975872248 ], [ -102.513666633167404, 38.394687198953392 ], [ -102.511780899105005, 38.443918056216262 ] ], [ [ -102.51767578759771, 38.377840955198536 ], [ -102.514141222513999, 38.382286663518556 ], [ -102.514141213632186, 38.382286895630436 ], [ -102.51767578759771, 38.377840955198536 ] ], [ [ -102.512545343851997, 38.29083907645812 ], [ -102.512544467097001, 38.290839187858396 ], [ -102.530302164882741, 38.331855364304595 ], [ -102.512545343851997, 38.29083907645812 ] ], [ [ -102.490202834178007, 38.123762833164527 ], [ -102.483689009575912, 38.119846241610539 ], [ -102.485321891361764, 38.179109967160045 ], [ -102.490202834178007, 38.123762833164527 ] ], [ [ -104.161112464419006, 38.005057198200284 ], [ -103.605055382811685, 38.00032515923683 ], [ -104.161112221874006, 38.005058080868395 ], [ -104.160643508195236, 38.329215809666373 ], [ -104.161112464419006, 38.005057198200284 ] ], [ [ -104.048600912211995, 39.143383892429291 ], [ -104.048600831137662, 39.143384289663501 ], [ -104.088918286136078, 39.149022666238551 ], [ -104.048600912211995, 39.143383892429291 ] ], [ [ -104.045813697702002, 39.157040112279496 ], [ -104.048091227206967, 39.145881073512477 ], [ -104.027218985963515, 39.165826192715521 ], [ -104.045813697702002, 39.157040112279496 ] ], [ [ -103.821245746834819, 39.299013211295716 ], [ -103.985622747142926, 39.176763587960203 ], [ -103.955267971807999, 39.175191435872804 ], [ -103.909112382491998, 39.19020256327731 ], [ -103.821245746834819, 39.299013211295716 ] ], [ [ -103.781691037865002, 39.280402256383795 ], [ -103.796888180044107, 39.27727836198126 ], [ -103.781690734032807, 39.280402101082011 ], [ -103.781691037865002, 39.280402256383795 ] ], [ [ -101.392874515984161, 39.224008377845948 ], [ -101.335919857260308, 38.941980192124838 ], [ -101.340336250277005, 38.987003566962969 ], [ -101.392874515984161, 39.224008377845948 ] ], [ [ -106.332571822321, 40.348680798818407 ], [ -106.355215961175617, 40.391803059763554 ], [ -106.332568014064165, 40.348678016589382 ], [ -106.332571822321, 40.348680798818407 ] ], [ [ -106.284309920818998, 40.322707000338809 ], [ -106.058391086278476, 40.322707034079727 ], [ -106.292005581911184, 40.326851041349521 ], [ -106.284309920818998, 40.322707000338809 ] ], [ [ -105.932212912283006, 40.383327496186588 ], [ -105.958822450731873, 40.354940242221453 ], [ -105.91250832787432, 40.419362681058601 ], [ -105.932212912283006, 40.383327496186588 ] ], [ [ -105.829106522909456, 40.474357738919345 ], [ -105.829106529759997, 40.474357746811741 ], [ -105.829931467628583, 40.47420693019987 ], [ -105.829106522909456, 40.474357738919345 ] ], [ [ -105.665671508000997, 40.21350974266273 ], [ -105.665671420298722, 40.213509147594053 ], [ -105.646081963306372, 40.245490270650329 ], [ -105.665671508000997, 40.21350974266273 ] ], [ [ -105.882852733209006, 39.771996226146918 ], [ -105.871224743359235, 39.787858819006182 ], [ -105.883145506916776, 39.750848108158849 ], [ -105.882852733209006, 39.771996226146918 ] ], [ [ -106.022823729204006, 39.359274472225529 ], [ -105.896134324684994, 39.47622768940073 ], [ -105.785230565495993, 39.603666687916494 ], [ -105.800587265277997, 39.64222992149066 ], [ -105.846395656576732, 39.669927439894536 ], [ -105.785231059569, 39.60366728037728 ], [ -106.022823729204006, 39.359274472225529 ] ], [ [ -106.453073375390474, 39.366478729200367 ], [ -106.130592368052007, 39.385692406172929 ], [ -106.083463964963642, 39.369445235366221 ], [ -106.453073375390474, 39.366478729200367 ] ], [ [ -106.501610055122001, 39.22174083894491 ], [ -106.464269332131963, 39.349971844028367 ], [ -106.478575646845997, 39.328866852235684 ], [ -106.501610056919006, 39.221741583588901 ], [ -106.552078206957489, 39.171089043745653 ], [ -106.501610055122001, 39.22174083894491 ] ], [ [ -106.586343775450999, 39.070919744096514 ], [ -106.586343653119386, 39.070919450427041 ], [ -106.588509855315294, 39.109414957190374 ], [ -106.586343775450999, 39.070919744096514 ] ], [ [ -106.565776715867003, 39.021512344772908 ], [ -106.583819295823474, 39.064858946358235 ], [ -106.561802722247165, 39.017870089831952 ], [ -106.565776715867003, 39.021512344772908 ] ], [ [ -106.299235342128, 38.496069351584623 ], [ -106.314872458199702, 38.512458204273067 ], [ -106.282823588531485, 38.416476596247726 ], [ -106.299235342128, 38.496069351584623 ] ], [ [ -106.281960513737005, 38.412286281709264 ], [ -106.228113989820457, 38.394223582364525 ], [ -106.281960686773928, 38.412287121869603 ], [ -106.281960513737005, 38.412286281709264 ] ], [ [ -105.460810738, 37.88150010220501 ], [ -105.662361246722, 38.177778620673585 ], [ -105.832789622424997, 38.325442604660878 ], [ -105.979222311755123, 38.416236028506269 ], [ -105.662362332784994, 38.177778552882039 ], [ -105.460810738, 37.88150010220501 ] ], [ [ -105.432417465288054, 37.795925779586156 ], [ -105.492894893924017, 37.629369961947887 ], [ -105.490872705110306, 37.614646092634295 ], [ -105.432017487356006, 37.751414194774696 ], [ -105.432417465288054, 37.795925779586156 ] ], [ [ -105.451762457301001, 37.578577034089705 ], [ -105.462911581501089, 37.583150347997062 ], [ -105.413915728722586, 37.607854032690611 ], [ -105.451762457301001, 37.578577034089705 ] ], [ [ -105.277358664710874, 37.663772743347401 ], [ -105.277359036465995, 37.663773036005004 ], [ -105.314826040778968, 37.647952442546426 ], [ -105.277358664710874, 37.663772743347401 ] ], [ [ -105.145460995858244, 37.51585246860877 ], [ -105.145733389460005, 37.520790347434989 ], [ -105.145733407248116, 37.520790393388161 ], [ -105.145460995858244, 37.51585246860877 ] ], [ [ -105.158895988679816, 37.137708450673337 ], [ -105.158895954160997, 37.137708514124945 ], [ -105.159047647346938, 37.142128848457531 ], [ -105.158895988679816, 37.137708450673337 ] ], [ [ -109.060061999794996, 38.275488999922992 ], [ -109.048442226425507, 38.205175176331863 ], [ -109.059903410542532, 38.309912594637439 ], [ -109.060061999794996, 38.275488999922992 ] ], [ [ -110.888261004746994, 37.20577061476974 ], [ -110.888259968989004, 37.205770894522537 ], [ -110.892478542596947, 37.21122426609449 ], [ -110.888261004746994, 37.20577061476974 ] ], [ [ -110.874581836892006, 37.225931289046116 ], [ -110.874582038636291, 37.225931879100465 ], [ -110.884630735442158, 37.220890413110318 ], [ -110.874581836892006, 37.225931289046116 ] ], [ [ -110.869826749430445, 37.286469679668855 ], [ -110.869827575116005, 37.286469362885107 ], [ -110.864165332166507, 37.267895456579488 ], [ -110.869826749430445, 37.286469679668855 ] ], [ [ -110.839053367692003, 37.318852475604828 ], [ -110.839053431484814, 37.318852499643803 ], [ -110.838877629702409, 37.317623934258918 ], [ -110.839053367692003, 37.318852475604828 ] ], [ [ -110.858701940323002, 37.35070190169219 ], [ -110.858701227959003, 37.350701538213279 ], [ -110.803669226028262, 37.324348782584245 ], [ -110.858701940323002, 37.35070190169219 ] ], [ [ -110.737439712083997, 37.353175471445802 ], [ -110.737440605908006, 37.353176231227415 ], [ -110.743779157420803, 37.3535107159151 ], [ -110.737439712083997, 37.353175471445802 ] ], [ [ -110.745947522073592, 37.409441050039419 ], [ -110.746417021384005, 37.409521005788186 ], [ -110.746417013331396, 37.409520994224621 ], [ -110.745947522073592, 37.409441050039419 ] ], [ [ -110.703691699080522, 37.430293498133651 ], [ -110.733774357404315, 37.460256492074514 ], [ -110.740753143518006, 37.455164994529113 ], [ -110.703691699080522, 37.430293498133651 ] ], [ [ -110.659334777864373, 37.4871305394419 ], [ -110.727168370634018, 37.484705052426499 ], [ -110.726504739718123, 37.477361971780631 ], [ -110.72716817390301, 37.4847043117989 ], [ -110.659334777864373, 37.4871305394419 ] ], [ [ -110.665510255320001, 37.508146266352341 ], [ -110.665509251003002, 37.508145705533288 ], [ -110.596174991162997, 37.582031092620923 ], [ -110.597060510725001, 37.602608030728632 ], [ -110.665510255320001, 37.508146266352341 ] ], [ [ -110.515241886178217, 37.659399574939705 ], [ -110.557860643246997, 37.640499915636113 ], [ -110.536694063314002, 37.635084013896531 ], [ -110.515241886178217, 37.659399574939705 ] ], [ [ -110.499710602730005, 37.660378607662281 ], [ -110.49971048869601, 37.660379157730517 ], [ -110.506698054734272, 37.659938692178912 ], [ -110.499710602730005, 37.660378607662281 ] ], [ [ -110.431975230907, 37.766163359578513 ], [ -110.490650939478002, 37.704055674208774 ], [ -110.498966733487137, 37.663966648311671 ], [ -110.490650600812998, 37.704055201573851 ], [ -110.431975230907, 37.766163359578513 ] ], [ [ -110.471895996518995, 37.775174591657368 ], [ -110.471896362134004, 37.77517440278487 ], [ -110.45778610504037, 37.775544007898148 ], [ -110.471895996518995, 37.775174591657368 ] ], [ [ -110.400194602730991, 37.881865377796309 ], [ -110.472177084207701, 37.799657960104177 ], [ -110.431149000933019, 37.822241849983058 ], [ -110.400194602730991, 37.881865377796309 ] ], [ [ -110.360449273114, 37.892549036151777 ], [ -110.360449122196997, 37.892549418967477 ], [ -110.377886185706814, 37.887864110077693 ], [ -110.360449273114, 37.892549036151777 ] ], [ [ -110.301163871761077, 37.884095936875553 ], [ -110.307093685897001, 37.889880294143872 ], [ -110.307094015226028, 37.889880310691133 ], [ -110.301163871761077, 37.884095936875553 ] ], [ [ -110.283411093736007, 37.866772367679644 ], [ -110.270856522003584, 37.891814460304396 ], [ -110.283411542089283, 37.866772805328949 ], [ -110.283411093736007, 37.866772367679644 ] ], [ [ -110.267255844150128, 37.898992812620349 ], [ -110.208143907007994, 37.893421025708776 ], [ -110.205310933071004, 37.916544149949438 ], [ -110.208144257350995, 37.893421382999236 ], [ -110.267255844150128, 37.898992812620349 ] ], [ [ -110.079769255830001, 37.998425604668995 ], [ -110.079768856698223, 37.998426344141997 ], [ -110.123554124761725, 38.003905936467326 ], [ -110.079769255830001, 37.998425604668995 ] ], [ [ -109.955987157099003, 38.130125318195404 ], [ -109.964999505186995, 38.113309258365433 ], [ -109.979825289708913, 38.106404981479869 ], [ -109.964998866485004, 38.1133083798291 ], [ -109.955987334965997, 38.130124711205191 ], [ -109.932214386982153, 38.139048313444825 ], [ -109.955987157099003, 38.130125318195404 ] ], [ [ -109.885821074372998, 38.185976088671026 ], [ -109.897409886026523, 38.188678114462114 ], [ -109.887565346243278, 38.184901035785259 ], [ -109.885821074372998, 38.185976088671026 ] ], [ [ -109.888007877587768, 38.207469686640543 ], [ -109.903970210571998, 38.191194475897788 ], [ -109.903233503860889, 38.19091192139328 ], [ -109.888007877587768, 38.207469686640543 ] ], [ [ -109.919842142547722, 38.219677734422469 ], [ -109.91984344164301, 38.219677320332394 ], [ -109.898638864072723, 38.211554579321003 ], [ -109.919842142547722, 38.219677734422469 ] ], [ [ -109.899323061215995, 38.242596086007048 ], [ -109.888416277168233, 38.22969001906209 ], [ -109.888416068276996, 38.229690085574809 ], [ -109.899323061215995, 38.242596086007048 ] ], [ [ -109.90437496108494, 38.267011954091522 ], [ -109.918123167873006, 38.242146898597788 ], [ -109.904374060785003, 38.26701208655853 ], [ -109.90437496108494, 38.267011954091522 ] ], [ [ -109.9288857821102, 38.279669479579496 ], [ -109.934843061099002, 38.262525282665202 ], [ -109.934841921418709, 38.262525450675362 ], [ -109.9288857821102, 38.279669479579496 ] ], [ [ -109.928456052005004, 38.280906084566638 ], [ -109.949110553598999, 38.290361504330797 ], [ -109.928456106724838, 38.280905927105842 ], [ -109.928456052005004, 38.280906084566638 ] ], [ [ -109.963667752777994, 38.320606238454268 ], [ -109.963667038617999, 38.320606077765241 ], [ -109.941236043090996, 38.353566071811407 ], [ -109.963667752777994, 38.320606238454268 ] ], [ [ -109.962888464269, 38.339731344457391 ], [ -109.962889032903007, 38.33973207370849 ], [ -109.98289385345953, 38.351486970312763 ], [ -109.962888464269, 38.339731344457391 ] ], [ [ -109.975958030879994, 38.388298076475984 ], [ -109.97595913196615, 38.388297362052946 ], [ -109.981699070477887, 38.357831697185652 ], [ -109.975958030879994, 38.388298076475984 ] ], [ [ -110.009827683653, 38.377355501036163 ], [ -110.013113271804002, 38.364176504036152 ], [ -110.023402711388329, 38.382835115074869 ], [ -110.009827683653, 38.377355501036163 ] ], [ [ -110.003070314532039, 38.415176339024924 ], [ -110.032871716478994, 38.386655945379708 ], [ -110.032870586449448, 38.386655489469661 ], [ -110.003070314532039, 38.415176339024924 ] ], [ [ -110.044369835141595, 38.453575903909019 ], [ -110.044370152114993, 38.453575748128301 ], [ -110.022273494215355, 38.433037845559362 ], [ -110.044369835141595, 38.453575903909019 ] ], [ [ -110.008247849932772, 38.460928032687676 ], [ -110.014149069622903, 38.44786116448433 ], [ -110.012841014900005, 38.447059068695758 ], [ -110.008247849932772, 38.460928032687676 ] ], [ [ -110.045693826897349, 38.513978036181079 ], [ -110.045695167158996, 38.513977762728651 ], [ -110.025628983833712, 38.498535588732359 ], [ -110.045693826897349, 38.513978036181079 ] ], [ [ -109.994764283810994, 38.524356529908502 ], [ -109.994765182126002, 38.524356978289163 ], [ -110.020284473888722, 38.519159301283572 ], [ -109.994764283810994, 38.524356529908502 ] ], [ [ -109.987993413816994, 38.563263321867673 ], [ -110.005396743513998, 38.542966236301332 ], [ -110.005396395161554, 38.542965626722598 ], [ -109.987993413816994, 38.563263321867673 ] ], [ [ -110.024291872166003, 38.577170725534621 ], [ -110.024292805515003, 38.577169902468135 ], [ -110.016161082778524, 38.562988231913842 ], [ -110.024291872166003, 38.577170725534621 ] ], [ [ -110.033626061518049, 38.604261863807523 ], [ -110.033626301317, 38.604262073647838 ], [ -110.041940836251342, 38.596570526907136 ], [ -110.033626061518049, 38.604261863807523 ] ], [ [ -110.014871071795994, 38.587845455907832 ], [ -110.012316554403341, 38.588199372478464 ], [ -110.014871150495779, 38.587845524816316 ], [ -110.014871071795994, 38.587845455907832 ] ], [ [ -109.997015461912994, 38.610090275757472 ], [ -109.997014471970004, 38.610089450962683 ], [ -110.013456268343006, 38.62386905006872 ], [ -109.997015461912994, 38.610090275757472 ] ], [ [ -110.068368219026269, 38.61252832790823 ], [ -110.024872218873995, 38.609051377683613 ], [ -110.024871528032961, 38.609052274596522 ], [ -110.068368219026269, 38.61252832790823 ] ], [ [ -110.041878863321003, 38.618091519716046 ], [ -110.036515594088002, 38.655705315034417 ], [ -110.049281690930997, 38.634291289449294 ], [ -110.041879572989998, 38.618092094551642 ], [ -110.055280636969016, 38.615278104588654 ], [ -110.041878863321003, 38.618091519716046 ] ], [ [ -110.073931407693919, 38.658994984606672 ], [ -110.056816389905265, 38.661335581541906 ], [ -110.056816455006, 38.661336248973001 ], [ -110.073931407693919, 38.658994984606672 ] ], [ [ -110.072439651695007, 38.673310114288888 ], [ -110.072440280199885, 38.673309916697924 ], [ -110.07301688761325, 38.667775109503602 ], [ -110.072439651695007, 38.673310114288888 ] ], [ [ -110.094572342037665, 38.666349339254737 ], [ -110.094572501767999, 38.666349040991228 ], [ -110.082245183034516, 38.670226907528523 ], [ -110.094572342037665, 38.666349339254737 ] ], [ [ -110.088092576332002, 38.713315310842631 ], [ -110.088093505086633, 38.713315139513618 ], [ -110.099192221294274, 38.695179453137534 ], [ -110.088092576332002, 38.713315310842631 ] ], [ [ -110.12251221409565, 38.706960519627337 ], [ -110.122514598680993, 38.706959232357903 ], [ -110.093223339856451, 38.712368711423949 ], [ -110.12251221409565, 38.706960519627337 ] ], [ [ -110.109761757309371, 38.71384228712526 ], [ -110.101185235933002, 38.747678908003188 ], [ -110.090050387523931, 38.752452104167638 ], [ -110.101186348048003, 38.747679486002291 ], [ -110.113383223818019, 38.730111408222747 ], [ -110.109761757309371, 38.71384228712526 ] ], [ [ -110.081466062909001, 38.756130853710133 ], [ -110.081486804826127, 38.756148295685094 ], [ -110.081466702435904, 38.756130579681496 ], [ -110.081466062909001, 38.756130853710133 ] ], [ [ -110.10665505522536, 38.81209169435683 ], [ -110.120158766847993, 38.790207541581005 ], [ -110.117735363186355, 38.788074482069717 ], [ -110.10665505522536, 38.81209169435683 ] ], [ [ -110.137531348112006, 38.867400295464016 ], [ -110.145731557198999, 38.839429462661606 ], [ -110.145731064472059, 38.839429118164425 ], [ -110.137531348112006, 38.867400295464016 ] ], [ [ -110.162141493391331, 38.863558680257491 ], [ -110.162141531651997, 38.863558150107252 ], [ -110.162130920596056, 38.863560331794666 ], [ -110.162141493391331, 38.863558680257491 ] ], [ [ -110.175745119598858, 38.92015435671135 ], [ -110.178567226622008, 38.919641955693955 ], [ -110.176725682479216, 38.91686998319831 ], [ -110.175745119598858, 38.92015435671135 ] ], [ [ -110.134797141389996, 38.927581086951818 ], [ -110.134797162082961, 38.927581114805427 ], [ -110.134797356293987, 38.927581079616829 ], [ -110.134797141389996, 38.927581086951818 ] ], [ [ -110.152699602007999, 38.951669285610706 ], [ -110.15270023801601, 38.951669460260376 ], [ -110.142639002718397, 38.938134773008493 ], [ -110.152699602007999, 38.951669285610706 ] ], [ [ -110.150798055400998, 38.978158864323582 ], [ -110.150797331359001, 38.978159415311872 ], [ -110.141945535096852, 38.998318999469348 ], [ -110.150798055400998, 38.978158864323582 ] ], [ [ -110.138589797977005, 39.005958478212918 ], [ -110.145420385505076, 39.010261051411433 ], [ -110.138590093844712, 39.005957804731771 ], [ -110.138589797977005, 39.005958478212918 ] ], [ [ -110.146547086447484, 39.019554478779767 ], [ -110.154025253059999, 39.015681068045268 ], [ -110.154024984140577, 39.015680898680735 ], [ -110.146547086447484, 39.019554478779767 ] ], [ [ -110.154927420320007, 39.03125274256918 ], [ -110.154928059919996, 39.031252749547271 ], [ -110.140243089009132, 39.022819305595178 ], [ -110.154927420320007, 39.03125274256918 ] ], [ [ -110.112473679593009, 39.129821601996625 ], [ -110.112472790260995, 39.12982085986269 ], [ -110.099374741442617, 39.136369473495868 ], [ -110.112473679593009, 39.129821601996625 ] ], [ [ -110.116430185294021, 39.154249989766839 ], [ -110.116430758419, 39.154250294179917 ], [ -110.112942267893175, 39.150594242387072 ], [ -110.116430185294021, 39.154249989766839 ] ], [ [ -110.104300898612834, 39.182664196530745 ], [ -110.104301256295003, 39.182663995550108 ], [ -110.101899997548529, 39.176208638797881 ], [ -110.104300898612834, 39.182664196530745 ] ], [ [ -110.076650367154315, 39.227368999128238 ], [ -110.076651111850012, 39.227368939026391 ], [ -110.075625351909608, 39.206761758184108 ], [ -110.076650367154315, 39.227368999128238 ] ], [ [ -110.053840923967996, 39.229206977705289 ], [ -110.053841078316694, 39.229207724633675 ], [ -110.069036310840701, 39.227983265984427 ], [ -110.053840923967996, 39.229206977705289 ] ], [ [ -110.07747474720432, 39.277289248860264 ], [ -110.077475316123, 39.277288770723395 ], [ -110.070736535008791, 39.272323531077731 ], [ -110.07747474720432, 39.277289248860264 ] ], [ [ -110.049306515873994, 39.300951233466179 ], [ -110.04930669618814, 39.300951708745927 ], [ -110.069161201250481, 39.284275265485384 ], [ -110.049306515873994, 39.300951233466179 ] ], [ [ -110.059553892427687, 39.32795131439093 ], [ -110.059553926204998, 39.32795132172123 ], [ -110.058812988328739, 39.325999855855656 ], [ -110.059553892427687, 39.32795131439093 ] ], [ [ -110.048477698751995, 39.325547013464515 ], [ -110.048478180249006, 39.325546363734041 ], [ -110.021425350392661, 39.353366531940928 ], [ -110.048477698751995, 39.325547013464515 ] ], [ [ -110.023534368244498, 39.426165244717716 ], [ -110.023428177054001, 39.423105181673826 ], [ -110.023428115222075, 39.423105133997289 ], [ -110.023534368244498, 39.426165244717716 ] ], [ [ -110.047660231842997, 39.533399204542711 ], [ -110.047659288611996, 39.533399003622307 ], [ -110.029801816280525, 39.538955441696046 ], [ -110.047660231842997, 39.533399204542711 ] ], [ [ -110.018451820333325, 39.585451349818825 ], [ -109.997596489543994, 39.626386521114426 ], [ -110.010632907896635, 39.645820055837383 ], [ -109.997597121059997, 39.626387224776764 ], [ -110.029864606065004, 39.599572634653903 ], [ -110.018451820333325, 39.585451349818825 ] ], [ [ -109.985974550826995, 39.682317314068982 ], [ -109.985975167071004, 39.682316825982561 ], [ -109.985313834390581, 39.675678683479759 ], [ -109.985974550826995, 39.682317314068982 ] ], [ [ -109.980174327793065, 39.703073746461627 ], [ -110.005147461023, 39.685844300495553 ], [ -110.005146734879744, 39.685844166955782 ], [ -109.980174327793065, 39.703073746461627 ] ], [ [ -109.991413280555648, 39.73712804707737 ], [ -109.993440167081999, 39.736671069725944 ], [ -109.970807886983295, 39.70953391821412 ], [ -109.991413280555648, 39.73712804707737 ] ], [ [ -109.966624996362327, 39.742712887207887 ], [ -109.966625455851002, 39.742713542656013 ], [ -109.966636823362876, 39.742710982508001 ], [ -109.966624996362327, 39.742712887207887 ] ], [ [ -109.950459352438997, 39.719645974488841 ], [ -109.948285343299034, 39.733858728919209 ], [ -109.950460114110015, 39.719647061725404 ], [ -109.950459352438997, 39.719645974488841 ] ], [ [ -109.931265733393303, 39.747684955350351 ], [ -109.945917042763995, 39.749328743514816 ], [ -109.94591715785063, 39.749327991915813 ], [ -109.931265733393303, 39.747684955350351 ] ], [ [ -109.920215153727, 39.774809765911257 ], [ -109.920216242484997, 39.774809718963098 ], [ -109.929361773109704, 39.752359931928325 ], [ -109.920215153727, 39.774809765911257 ] ], [ [ -109.91769200766764, 39.785826159720095 ], [ -109.926264150136006, 39.799013087775791 ], [ -109.924800670780343, 39.793157827196779 ], [ -109.91769200766764, 39.785826159720095 ] ], [ [ -109.874230297314995, 39.785244161100188 ], [ -109.874230754159143, 39.785244549594942 ], [ -109.912889787558115, 39.785762593162197 ], [ -109.874230297314995, 39.785244161100188 ] ], [ [ -109.871251491918002, 39.830026487813484 ], [ -109.903941113279728, 39.839659446175837 ], [ -109.871251885944318, 39.830025981449367 ], [ -109.871251491918002, 39.830026487813484 ] ], [ [ -109.914786795017434, 39.842855897880895 ], [ -109.914790418169005, 39.842854277276977 ], [ -109.914790217131781, 39.842854218088192 ], [ -109.914786795017434, 39.842855897880895 ] ], [ [ -109.850492691428002, 39.874385481285913 ], [ -109.866898984585006, 39.920170870194227 ], [ -109.853722392973935, 39.872803081946358 ], [ -109.850492691428002, 39.874385481285913 ] ], [ [ -109.821282690763994, 39.926115337842674 ], [ -109.821472656396836, 39.926992886313442 ], [ -109.821282703203138, 39.926115336224235 ], [ -109.821282690763994, 39.926115337842674 ] ], [ [ -109.829228281537212, 39.962864698128001 ], [ -109.829241607873996, 39.962865764364437 ], [ -109.829241425991327, 39.962864924945073 ], [ -109.829228281537212, 39.962864698128001 ] ], [ [ -109.786818759311998, 39.962125731143495 ], [ -109.787991111605663, 39.962987751682945 ], [ -109.788377132058102, 39.962153138450596 ], [ -109.786818759311998, 39.962125731143495 ] ], [ [ -109.797124899019423, 39.984161309715596 ], [ -109.811760392444995, 39.980458718958531 ], [ -109.811759445831711, 39.980458293169953 ], [ -109.797124899019423, 39.984161309715596 ] ], [ [ -109.789609555404994, 39.986062128721798 ], [ -109.783747252459619, 40.00616529556639 ], [ -109.789610075807389, 39.986061997117893 ], [ -109.789609555404994, 39.986062128721798 ] ], [ [ -109.765499401102005, 40.005767965944507 ], [ -109.765498892655003, 40.005767723736255 ], [ -109.745770811484249, 40.022987561737523 ], [ -109.765499401102005, 40.005767965944507 ] ], [ [ -112.433461792370068, 38.952991760947093 ], [ -112.302925668390003, 38.953632040368248 ], [ -112.302925668390003, 38.953632495467723 ], [ -112.433461792370068, 38.952991760947093 ] ], [ [ -112.506944298354014, 38.952570646875095 ], [ -112.507662536171324, 38.838752209870968 ], [ -112.506943689120632, 38.952570650546939 ], [ -112.506944298354014, 38.952570646875095 ] ], [ [ -111.859214618293663, 39.041200390871346 ], [ -111.705126042054999, 39.041761041406318 ], [ -111.70582740674628, 39.147822777878645 ], [ -111.705126877487999, 39.041761139085722 ], [ -111.859214618293663, 39.041200390871346 ] ], [ [ -111.966183200985, 39.203435520448707 ], [ -111.706224227746262, 39.207694871966197 ], [ -111.706224232490001, 39.207695587112234 ], [ -111.966183200985, 39.203435520448707 ] ], [ [ -111.719984550525936, 40.146026795056521 ], [ -111.712515668296533, 40.140349931515537 ], [ -111.715683492432007, 40.144780527310097 ], [ -111.719984550525936, 40.146026795056521 ] ], [ [ -111.760792394424001, 40.157841796562231 ], [ -111.760793050116291, 40.157841243775287 ], [ -111.760790179708678, 40.157841155802863 ], [ -111.760792394424001, 40.157841796562231 ] ], [ [ -111.78382777557502, 40.138414238563243 ], [ -111.783827444097, 40.138414630012122 ], [ -111.802465694004155, 40.148974013566267 ], [ -111.78382777557502, 40.138414238563243 ] ], [ [ -111.811798736255994, 40.102812644228614 ], [ -111.811798123174015, 40.102812650698759 ], [ -111.811476010996898, 40.122782870013545 ], [ -111.811798736255994, 40.102812644228614 ] ], [ [ -111.74497465249442, 40.103500145320474 ], [ -111.68659379774401, 40.104071765646943 ], [ -111.686594236707734, 40.10407238033573 ], [ -111.74497465249442, 40.103500145320474 ] ], [ [ -101.306565975123291, 38.641309143349126 ], [ -101.214427228415005, 38.364993548379886 ], [ -101.187006154366998, 38.289245722070554 ], [ -101.112052972849, 38.19851919603019 ], [ -101.111282201662007, 38.19778945611295 ], [ -101.187005106932006, 38.289245633230394 ], [ -101.227589541586994, 38.486143113404559 ], [ -101.306565975123291, 38.641309143349126 ] ], [ [ -102.044484025671011, 38.065373382762431 ], [ -102.044479534093995, 38.06855947740425 ], [ -102.044668180304001, 38.043883954274257 ], [ -102.044484025671011, 38.065373382762431 ] ], [ [ -113.007030000358014, 44.525872000422382 ], [ -113.017414984614831, 44.5307495612713 ], [ -113.00908824070325, 44.522788072083891 ], [ -113.007030000358014, 44.525872000422382 ] ], [ [ -113.003544216357, 44.450813626997927 ], [ -112.985499372229754, 44.439071529476166 ], [ -113.019964237910955, 44.482056587859319 ], [ -113.003544216357, 44.450813626997927 ] ], [ [ -112.884666999925997, 44.402106000384691 ], [ -112.884667909021005, 44.402105359227882 ], [ -112.882690917356754, 44.387248610552597 ], [ -112.884666999925997, 44.402106000384691 ] ], [ [ -112.814044555970483, 44.376653142836894 ], [ -112.850850846969379, 44.361808823895963 ], [ -112.844859067204993, 44.358220371279089 ], [ -112.814044555970483, 44.376653142836894 ] ], [ [ -112.813271530789663, 44.398154684777062 ], [ -112.812741426550033, 44.377432292706153 ], [ -112.812665693211002, 44.377477573276707 ], [ -112.813271530789663, 44.398154684777062 ] ], [ [ -112.840520204382997, 44.425269702141037 ], [ -112.833540698201148, 44.432301937850056 ], [ -112.819576753785782, 44.404444638840708 ], [ -112.840520204382997, 44.425269702141037 ] ], [ [ -112.733147987291161, 44.494167580247563 ], [ -112.741986591959233, 44.488296271470169 ], [ -112.741986246655998, 44.488296301354218 ], [ -112.733147987291161, 44.494167580247563 ] ], [ [ -112.541988999620997, 44.483971000077254 ], [ -112.660695999677998, 44.485755999482514 ], [ -112.681499405263949, 44.49249048326817 ], [ -112.660695450808007, 44.485755266315373 ], [ -112.541989823375999, 44.4839703873769 ], [ -112.500310017978336, 44.463051008516906 ], [ -112.541988999620997, 44.483971000077254 ] ], [ [ -112.433742831640004, 44.454685130465492 ], [ -112.473206999761999, 44.480027000136879 ], [ -112.473207447894836, 44.480026719559078 ], [ -112.433742831640004, 44.454685130465492 ] ], [ [ -112.386896000389996, 44.447635000381595 ], [ -112.386895689572995, 44.44763447387524 ], [ -112.376733847423466, 44.461681043729229 ], [ -112.386896000389996, 44.447635000381595 ] ], [ [ -112.352509000658998, 44.538021000349332 ], [ -112.355818390093688, 44.511346217974875 ], [ -112.352508208747764, 44.538021026337546 ], [ -112.352509000658998, 44.538021000349332 ] ], [ [ -112.319198399616269, 44.539109986242458 ], [ -112.335394214785424, 44.538581556780429 ], [ -112.319198649762001, 44.539109763619429 ], [ -112.319198399616269, 44.539109986242458 ] ], [ [ -112.242785705906002, 44.568090250769615 ], [ -112.229417502824404, 44.552516593253571 ], [ -112.266482482945577, 44.568300773997592 ], [ -112.242785705906002, 44.568090250769615 ] ], [ [ -112.180240504248999, 44.532831344016543 ], [ -112.161767846804068, 44.535820360821852 ], [ -112.202403998723995, 44.538547403086916 ], [ -112.180240504248999, 44.532831344016543 ] ], [ [ -112.076085007913036, 44.533951089275128 ], [ -112.10576364992734, 44.520716156977485 ], [ -112.105763429831001, 44.520716019256298 ], [ -112.076085007913036, 44.533951089275128 ] ], [ [ -112.032800016666997, 44.528403066335564 ], [ -112.032800015773432, 44.52840324338316 ], [ -112.069011023811726, 44.537103988927804 ], [ -112.032800016666997, 44.528403066335564 ] ], [ [ -111.947940663352, 44.556775991336067 ], [ -111.932184272443223, 44.558484942598348 ], [ -111.95392605338931, 44.552724846655941 ], [ -111.947940663352, 44.556775991336067 ] ], [ [ -111.869215999435994, 44.565295000346744 ], [ -111.869216663684526, 44.565294928671065 ], [ -111.835181038953948, 44.525365380382176 ], [ -111.869215999435994, 44.565295000346744 ] ], [ [ -111.804865425153992, 44.524359765150116 ], [ -111.821487836223596, 44.509286149497072 ], [ -111.821487066594997, 44.509285245522705 ], [ -111.804865425153992, 44.524359765150116 ] ], [ [ -111.55969199437763, 44.559016948956319 ], [ -111.691062760317678, 44.55856643508411 ], [ -111.614405181511998, 44.548990259884604 ], [ -111.55969199437763, 44.559016948956319 ] ], [ [ -111.467950594954004, 44.538866451450382 ], [ -111.46873366707355, 44.549566151831051 ], [ -111.499049785938482, 44.537255376908661 ], [ -111.467950594954004, 44.538866451450382 ] ], [ [ -111.469318275053979, 44.557552039650936 ], [ -111.509142797352226, 44.56319422910704 ], [ -111.509142999511994, 44.563193999298093 ], [ -111.469318275053979, 44.557552039650936 ] ], [ [ -111.525763703016793, 44.60488328205976 ], [ -111.519126000621, 44.582915999489352 ], [ -111.501245351758101, 44.572172812080552 ], [ -111.525763703016793, 44.60488328205976 ] ], [ [ -111.502936032206179, 44.626554039546015 ], [ -111.511903614803558, 44.643450530715455 ], [ -111.516588000330003, 44.64370700081075 ], [ -111.502936032206179, 44.626554039546015 ] ], [ [ -111.490509359137846, 44.642300260772522 ], [ -111.490525693585852, 44.642278409804383 ], [ -111.490525258042993, 44.642278385889014 ], [ -111.490509359137846, 44.642300260772522 ] ], [ [ -111.472703692373415, 44.666986230125453 ], [ -111.472812173232796, 44.666640050947741 ], [ -111.472651029678005, 44.666861594083308 ], [ -111.472703692373415, 44.666986230125453 ] ], [ [ -111.438797999331015, 44.720544999781282 ], [ -111.438798018195996, 44.720544780207661 ], [ -111.428745298180175, 44.716526421377694 ], [ -111.438797999331015, 44.720544999781282 ] ], [ [ -111.385004999944016, 44.755127999694672 ], [ -111.385344917831574, 44.754612813366855 ], [ -111.376955863024207, 44.747855293482665 ], [ -111.385004999944016, 44.755127999694672 ] ], [ [ -111.332598055328958, 44.728566678628006 ], [ -111.350430149893896, 44.72647670221204 ], [ -111.349301112226996, 44.725566351473283 ], [ -111.332598055328958, 44.728566678628006 ] ], [ [ -111.296260000038004, 44.702271000463178 ], [ -111.296260086276007, 44.70227068887673 ], [ -111.284945517797837, 44.688792228547989 ], [ -111.296260000038004, 44.702271000463178 ] ], [ [ -111.27811798317596, 44.651015023507185 ], [ -111.274808353155592, 44.655422071529919 ], [ -111.278118609113008, 44.651015021560653 ], [ -111.27811798317596, 44.651015023507185 ] ], [ [ -111.252680001014994, 44.65109200036359 ], [ -111.276200763200805, 44.651020971922641 ], [ -111.219236000566994, 44.622616000040971 ], [ -111.252680001014994, 44.65109200036359 ] ], [ [ -111.180772885090775, 44.569037440435181 ], [ -111.242279843784871, 44.613416600544099 ], [ -111.227997107836003, 44.576673283002798 ], [ -111.180772885090775, 44.569037440435181 ] ], [ [ -111.177046004579623, 44.55093602357244 ], [ -111.180036102112879, 44.565459614258486 ], [ -111.177046910708995, 44.550936390294289 ], [ -111.177046004579623, 44.55093602357244 ] ], [ [ -111.122653999307005, 44.493658999764719 ], [ -111.132231304747179, 44.531566769684041 ], [ -111.079745176104637, 44.482258398217859 ], [ -111.122653999307005, 44.493658999764719 ] ], [ [ -111.050817601425763, 44.521122481937155 ], [ -111.020045784757386, 44.494608343836987 ], [ -111.050817605312005, 44.521122581053916 ], [ -111.050817601425763, 44.521122481937155 ] ], [ [ -110.969175628374998, 44.492694600198384 ], [ -111.012434052333887, 44.494323143603381 ], [ -110.969174560667525, 44.492693987011947 ], [ -110.969175628374998, 44.492694600198384 ] ], [ [ -110.847450901613001, 44.339803509304097 ], [ -110.941923824773994, 44.366531020766026 ], [ -110.949191478975393, 44.481214362796976 ], [ -110.941924114032005, 44.366530883337589 ], [ -110.847450901613001, 44.339803509304097 ] ], [ [ -110.593100845147077, 44.368440879740831 ], [ -110.604728343165007, 44.397278128437705 ], [ -110.593101551843006, 44.36844136375823 ], [ -110.593100845147077, 44.368440879740831 ] ], [ [ -110.551314326499607, 44.339803420888764 ], [ -110.415055462531001, 44.299734109246167 ], [ -110.369304834841401, 44.247520152075865 ], [ -110.415055605362994, 44.29973475409566 ], [ -110.551314326499607, 44.339803420888764 ] ], [ [ -110.313314519239995, 44.183496563268605 ], [ -110.173422652048231, 44.132119393133451 ], [ -110.313314776666985, 44.183496857943041 ], [ -110.313314519239995, 44.183496563268605 ] ], [ [ -110.082584484302004, 43.995328264788704 ], [ -110.06209983255026, 43.9931178455912 ], [ -110.149013180630959, 44.095418665717588 ], [ -110.082584484302004, 43.995328264788704 ] ], [ [ -110.029790645910637, 43.989915244846578 ], [ -110.029896551926768, 43.989636245246196 ], [ -110.02989604710001, 43.989636190603839 ], [ -110.029790645910637, 43.989915244846578 ] ], [ [ -109.988263812411262, 44.063574750440836 ], [ -110.006827788146822, 44.05035640810199 ], [ -110.006967571983125, 44.049988794248961 ], [ -109.988263812411262, 44.063574750440836 ] ], [ [ -109.940874432509517, 44.046589000124257 ], [ -109.947968196552793, 44.054007371325099 ], [ -109.940875248232004, 44.046588862382521 ], [ -109.940874432509517, 44.046589000124257 ] ], [ [ -109.909988832246, 44.056086199498822 ], [ -109.940872269300911, 44.046589365400607 ], [ -109.897221832443861, 44.053952192787435 ], [ -109.909988832246, 44.056086199498822 ] ], [ [ -109.831866992683004, 44.054186593349293 ], [ -109.843146566213974, 44.052222101949575 ], [ -109.797445101972485, 44.047941781397498 ], [ -109.831866992683004, 44.054186593349293 ] ], [ [ -109.706508691988006, 44.031395997922118 ], [ -109.615669394863005, 43.925153102793409 ], [ -109.549097107325608, 43.912348204407984 ], [ -109.615669344558, 43.925153896672889 ], [ -109.706508691988006, 44.031395997922118 ] ], [ [ -109.475777044643891, 43.855060334670533 ], [ -109.497578192627998, 43.902412077157315 ], [ -109.497578798727019, 43.902412194185629 ], [ -109.475777044643891, 43.855060334670533 ] ], [ [ -109.488494900090018, 43.836131004537982 ], [ -109.488501498701908, 43.836129859664929 ], [ -109.477130626374944, 43.853046039922049 ], [ -109.488494900090018, 43.836131004537982 ] ], [ [ -109.612035770624004, 43.822883056213882 ], [ -109.563193157315212, 43.828134898723292 ], [ -109.628491672855603, 43.824504128667314 ], [ -109.612035770624004, 43.822883056213882 ] ], [ [ -109.805637872165931, 43.841820706372786 ], [ -109.738031647761673, 43.835240943934132 ], [ -109.780997585541016, 43.841808624359487 ], [ -109.805637872165931, 43.841820706372786 ] ], [ [ -109.935424308370543, 43.841808624599821 ], [ -110.080767641640008, 43.705674261334785 ], [ -110.080767490625789, 43.705670027481084 ], [ -110.080766806206, 43.705673582721168 ], [ -109.935424308370543, 43.841808624599821 ] ], [ [ -110.062598150995925, 43.620742821233634 ], [ -110.078950798977999, 43.654701392906823 ], [ -110.062599215017997, 43.620743654297648 ], [ -110.062598150995925, 43.620742821233634 ] ], [ [ -109.972081974731893, 43.553222190153278 ], [ -109.987301301110861, 43.561720763115737 ], [ -109.980843541010998, 43.556652338432002 ], [ -109.972081974731893, 43.553222190153278 ] ], [ [ -109.755561940985018, 43.468166672522173 ], [ -109.755562733300735, 43.468166965429894 ], [ -109.755561921476769, 43.468166645481126 ], [ -109.755561940985018, 43.468166672522173 ] ], [ [ -109.639288349471002, 43.306586643227433 ], [ -109.624492048223544, 43.291647414614928 ], [ -109.724714991449531, 43.425379974472619 ], [ -109.639288349471002, 43.306586643227433 ] ], [ [ -109.550265013761006, 43.216585255582288 ], [ -109.550265106912192, 43.216585349904953 ], [ -109.547413036846152, 43.208593990257384 ], [ -109.550265013761006, 43.216585255582288 ] ], [ [ -109.470326429702396, 42.964156859567176 ], [ -109.471648620877616, 42.966590488875482 ], [ -109.470326473469001, 42.964156886908498 ], [ -109.470326429702396, 42.964156859567176 ] ], [ [ -109.428541338027998, 42.938037347456095 ], [ -109.415218705266327, 42.935552428900955 ], [ -109.467870255219111, 42.962622412340963 ], [ -109.428541338027998, 42.938037347456095 ] ], [ [ -108.133760536777231, 42.731397810187559 ], [ -107.960611934095013, 42.796424839451802 ], [ -108.111369742514, 42.74434897350887 ], [ -108.133760536777231, 42.731397810187559 ] ], [ [ -107.960576426084003, 42.796437075627146 ], [ -107.960576653479379, 42.796436997265992 ], [ -107.938998579148873, 42.7732416988663 ], [ -107.960576426084003, 42.796437075627146 ] ], [ [ -106.261049758724994, 43.77313445637904 ], [ -106.245185047769937, 43.712234828838568 ], [ -106.243822439534995, 43.71235146375863 ], [ -106.261049758724994, 43.77313445637904 ] ], [ [ -106.070830224399998, 44.886742373887522 ], [ -106.070558964368473, 44.886498302354099 ], [ -106.059596294106001, 44.895173505138644 ], [ -106.070830224399998, 44.886742373887522 ] ], [ [ -105.338406115304068, 45.462926412051033 ], [ -105.345842770497001, 45.456809779036021 ], [ -105.33825548515965, 45.462749391263074 ], [ -105.338406115304068, 45.462926412051033 ] ], [ [ -105.30616281279454, 45.386459694344296 ], [ -105.306864201972999, 45.425835912148493 ], [ -105.330465838200467, 45.453593587571959 ], [ -105.306864385229005, 45.425835845949528 ], [ -105.316294784996003, 45.411894183095022 ], [ -105.30616281279454, 45.386459694344296 ] ], [ [ -105.320512328541994, 45.347717056252613 ], [ -105.320511643786773, 45.34771701569025 ], [ -105.299181375109697, 45.368922674328857 ], [ -105.320512328541994, 45.347717056252613 ] ], [ [ -105.310007182573003, 45.347094142970924 ], [ -105.310007736675331, 45.347094175836986 ], [ -105.310555072790223, 45.320135246068347 ], [ -105.310007182573003, 45.347094142970924 ] ], [ [ -105.335955019555001, 45.28839125065587 ], [ -105.335955535188006, 45.288390998488104 ], [ -105.318603188613295, 45.280312805184117 ], [ -105.335955019555001, 45.28839125065587 ] ], [ [ -105.303987347274997, 45.262150091304221 ], [ -105.330622605654995, 45.27430459957381 ], [ -105.316858004597094, 45.235312381872809 ], [ -105.303987347274997, 45.262150091304221 ] ], [ [ -105.316571621511997, 45.1797944948446 ], [ -105.329344330307393, 45.209255446819455 ], [ -105.316571773157492, 45.179794453865213 ], [ -105.316571621511997, 45.1797944948446 ] ], [ [ -105.324743619969681, 45.151124950757641 ], [ -105.321881790832578, 45.178359388092076 ], [ -105.330508356121001, 45.176027810341814 ], [ -105.324743619969681, 45.151124950757641 ] ], [ [ -105.331733762373005, 45.13697561493202 ], [ -105.316303259627503, 45.126542769550611 ], [ -105.316303249819995, 45.12654290681629 ], [ -105.331733762373005, 45.13697561493202 ] ], [ [ -105.327683781575999, 45.111685483935574 ], [ -105.327684235224993, 45.111685818035369 ], [ -105.334736697997343, 45.094277298974859 ], [ -105.327683781575999, 45.111685483935574 ] ], [ [ -105.326030881452994, 45.081160606821093 ], [ -105.336261420688075, 45.084552635016301 ], [ -105.326031242146527, 45.081160489255339 ], [ -105.326030881452994, 45.081160606821093 ] ], [ [ -105.353982954610657, 45.072045760687921 ], [ -105.326193230965984, 45.081107689880447 ], [ -105.353983033209005, 45.072046092007056 ], [ -105.353982954610657, 45.072045760687921 ] ], [ [ -105.357889048648317, 45.017784563980442 ], [ -105.368380346206521, 45.023048377150062 ], [ -105.368380440064996, 45.023048299247648 ], [ -105.357889048648317, 45.017784563980442 ] ], [ [ -105.356766643128907, 44.953884808644816 ], [ -105.355342280543837, 44.955055226388282 ], [ -105.356766652660994, 44.953884839289699 ], [ -105.356766643128907, 44.953884808644816 ] ], [ [ -105.346734802963994, 44.921620236324429 ], [ -105.354800509386664, 44.947563291119963 ], [ -105.346735300298846, 44.921620249407638 ], [ -105.346734802963994, 44.921620236324429 ] ], [ [ -105.356494194533994, 44.898070512174449 ], [ -105.356493875631998, 44.898070367726682 ], [ -105.357194460195927, 44.921894986681927 ], [ -105.356494194533994, 44.898070512174449 ] ], [ [ -105.359201173320002, 44.880715720651537 ], [ -105.359201249790942, 44.880715744885933 ], [ -105.362945975164976, 44.874588704388138 ], [ -105.359201173320002, 44.880715720651537 ] ], [ [ -105.342273808789002, 44.842664118379595 ], [ -105.346108758676536, 44.832846657588384 ], [ -105.360465877133009, 44.865401799475521 ], [ -105.342273808789002, 44.842664118379595 ] ], [ [ -105.376317989827101, 44.807261853507541 ], [ -105.376148632956102, 44.807534075949889 ], [ -105.376244471725997, 44.807501324979491 ], [ -105.376317989827101, 44.807261853507541 ] ], [ [ -105.385101394935006, 44.776438873475364 ], [ -105.385255463048097, 44.778137690776582 ], [ -105.385682274508, 44.776746261888903 ], [ -105.385101394935006, 44.776438873475364 ] ], [ [ -105.357178841036003, 44.765289526710752 ], [ -105.380845831775503, 44.774186769286089 ], [ -105.358914351464023, 44.762575970573913 ], [ -105.357178841036003, 44.765289526710752 ] ], [ [ -105.364162922733883, 44.75436820558248 ], [ -105.363722957175469, 44.755056306645862 ], [ -105.364787284032005, 44.754589131005403 ], [ -105.364162922733883, 44.75436820558248 ] ], [ [ -105.350159629985001, 44.749412463866683 ], [ -105.350163160313144, 44.749413381841194 ], [ -105.350160916317918, 44.749412587470665 ], [ -105.350159629985001, 44.749412463866683 ] ], [ [ -105.368837850530014, 44.715801252945987 ], [ -105.368838088583004, 44.715801268904663 ], [ -105.345039155281569, 44.696928485489295 ], [ -105.368837850530014, 44.715801252945987 ] ], [ [ -105.329825665227972, 44.669784051622436 ], [ -105.336508466833735, 44.672921058664315 ], [ -105.336508438364007, 44.672920938251721 ], [ -105.329825665227972, 44.669784051622436 ] ], [ [ -105.317397112172003, 44.652539074333454 ], [ -105.314395692861623, 44.653003784665124 ], [ -105.316476532910414, 44.655475983646518 ], [ -105.317397112172003, 44.652539074333454 ] ], [ [ -105.312510113532994, 44.639091295410765 ], [ -105.312510315653995, 44.63909094065842 ], [ -105.290688339709931, 44.638756467817487 ], [ -105.312510113532994, 44.639091295410765 ] ], [ [ -105.119290769272254, 44.584720121646804 ], [ -105.145519278089353, 44.590861677682135 ], [ -105.119290677774998, 44.584719971127178 ], [ -105.119290769272254, 44.584720121646804 ] ], [ [ -105.141743746703995, 44.708786183979164 ], [ -105.141743747284679, 44.70878617264222 ], [ -105.136886561612272, 44.714055858855971 ], [ -105.141743746703995, 44.708786183979164 ] ], [ [ -104.910477783998431, 44.891488909601144 ], [ -104.781831381722, 44.952805340988107 ], [ -104.708580485173954, 44.999302151451879 ], [ -104.781831482333999, 44.952805592100589 ], [ -104.910477783998431, 44.891488909601144 ] ], [ [ -104.664899726653005, 45.324184882082868 ], [ -104.678856510678116, 45.424542019197283 ], [ -104.669419750344133, 45.272557921209149 ], [ -104.664899726653005, 45.324184882082868 ] ], [ [ -104.607313526300004, 45.747648340994907 ], [ -104.633041605453542, 45.665522550146576 ], [ -104.592055628186301, 45.770688279221794 ], [ -104.607313526300004, 45.747648340994907 ] ], [ [ -104.525047961889342, 45.857558173530506 ], [ -104.541500702796995, 45.846912107188182 ], [ -104.555738575262453, 45.825463026914349 ], [ -104.525047961889342, 45.857558173530506 ] ], [ [ -104.243699080064005, 45.903713380235004 ], [ -104.518243503340827, 45.858091741763658 ], [ -104.193107815038545, 45.926109458332903 ], [ -104.243699080064005, 45.903713380235004 ] ], [ [ -104.039137999719998, 44.998520000054299 ], [ -104.046189622886004, 45.980416743188272 ], [ -104.046711527619962, 46.009676433019123 ], [ -104.039692999563997, 45.000551999915821 ], [ -104.057738999286997, 44.995828000074106 ], [ -104.053028000374994, 43.000584999116718 ], [ -104.039137999719998, 44.998520000054299 ] ], [ [ -102.961398435953967, 45.98965310448105 ], [ -102.961385190364382, 45.991381254074227 ], [ -104.046189622886004, 45.980416743188272 ], [ -102.961398435953967, 45.98965310448105 ] ], [ [ -102.976566263565999, 44.396983981199462 ], [ -102.988145842898064, 44.395945265017019 ], [ -102.996679061281, 44.393768116143121 ], [ -102.976566263565999, 44.396983981199462 ] ], [ [ -102.868527165342996, 44.349024778300574 ], [ -102.885673361273007, 44.353941178917012 ], [ -102.868608270332899, 44.339708045488671 ], [ -102.868527165342996, 44.349024778300574 ] ], [ [ -102.834870574090999, 44.351028908092331 ], [ -102.86645597570481, 44.337912375035764 ], [ -102.864800968815999, 44.336531510503832 ], [ -102.834870574090999, 44.351028908092331 ] ], [ [ -102.794478917895006, 44.359441503429906 ], [ -102.795215131231913, 44.357900546911914 ], [ -102.778157589195004, 44.341921503244095 ], [ -102.794478917895006, 44.359441503429906 ] ], [ [ -102.740149121158126, 44.34033934959195 ], [ -102.756421594152997, 44.351529169125818 ], [ -102.74464539673501, 44.338700303214814 ], [ -102.740149121158126, 44.34033934959195 ] ], [ [ -102.676190461795144, 44.349456873573295 ], [ -102.694540007640001, 44.356952694929021 ], [ -102.67669934752, 44.348673763756288 ], [ -102.676190461795144, 44.349456873573295 ] ], [ [ -102.36885823137753, 44.420704517618638 ], [ -102.376431416345, 44.397271933247737 ], [ -102.364109815785994, 44.41715566289853 ], [ -102.36885823137753, 44.420704517618638 ] ], [ [ -102.364559013852002, 44.434000062254405 ], [ -102.366005535837644, 44.429527177326655 ], [ -102.35985561859701, 44.434200943525582 ], [ -102.364559013852002, 44.434000062254405 ] ], [ [ -102.337970486730995, 44.435133457662516 ], [ -102.353792413406708, 44.434459655656653 ], [ -102.334539022957003, 44.426796324509382 ], [ -102.337970486730995, 44.435133457662516 ] ], [ [ -102.305375736611609, 44.434936496616679 ], [ -102.305425095315996, 44.435329323086222 ], [ -102.334539022957003, 44.426796324509382 ], [ -102.305375736611609, 44.434936496616679 ] ], [ [ -102.298192295432997, 44.377720963695609 ], [ -102.299128280057616, 44.385181115697463 ], [ -102.304139772311459, 44.371613064602236 ], [ -102.298192295432997, 44.377720963695609 ] ], [ [ -102.325905400102002, 44.367562553714826 ], [ -102.311717638472999, 44.363828932526197 ], [ -102.307916455564467, 44.367733843375397 ], [ -102.325905400102002, 44.367562553714826 ] ], [ [ -102.347972103627995, 44.304603542480422 ], [ -102.328363412405693, 44.364597227595226 ], [ -102.341961630572001, 44.348187269819448 ], [ -102.347972103627995, 44.304603542480422 ] ], [ [ -102.360356712021002, 44.234861485935838 ], [ -102.362461038085996, 44.290102255751499 ], [ -102.366944303239009, 44.285613680444285 ], [ -102.360356712021002, 44.234861485935838 ] ], [ [ -102.400756351544004, 44.178844609168429 ], [ -102.394168257505484, 44.200749464925281 ], [ -102.394677108859995, 44.200541759661547 ], [ -102.400756351544004, 44.178844609168429 ] ], [ [ -102.387145913793006, 44.1748293622639 ], [ -102.387755762401085, 44.175009314410161 ], [ -102.387843516695995, 44.160521696828127 ], [ -102.387145913793006, 44.1748293622639 ] ], [ [ -102.399499860888994, 44.072249776873448 ], [ -102.398986404357984, 44.074440150279003 ], [ -102.427731422833006, 44.076217589670506 ], [ -102.399499860888994, 44.072249776873448 ] ], [ [ -102.475434254226002, 43.972433330524566 ], [ -102.475370605198989, 43.972709072709009 ], [ -102.51564251576302, 43.950243535978608 ], [ -102.475434254226002, 43.972433330524566 ] ], [ [ -102.733495003474005, 43.764164845119211 ], [ -102.737066001662001, 43.77232384354533 ], [ -102.766611323537958, 43.735258251814344 ], [ -102.733495003474005, 43.764164845119211 ] ], [ [ -102.807776217753712, 43.699282644434277 ], [ -102.788161039559341, 43.716431142731743 ], [ -102.802201994005998, 43.710953856639861 ], [ -102.807776217753712, 43.699282644434277 ] ], [ [ -102.983560497859003, 43.610295687541402 ], [ -102.987487351100384, 43.001382918422962 ], [ -102.676566104006994, 42.999981255224917 ], [ -102.680018502121001, 42.919138001149896 ], [ -102.467772876205018, 42.921671123598188 ], [ -102.465616896167006, 42.999725958316866 ], [ -100.770539324062554, 42.998483691211405 ], [ -100.462727104711021, 43.052767988977202 ], [ -100.301019124627999, 43.184782142601023 ], [ -99.785239978011163, 43.023072454476363 ], [ -99.577588109340383, 43.522820906323062 ], [ -99.575801480128504, 43.746460434809677 ], [ -99.657563411800496, 43.766194544902582 ], [ -99.871113436424196, 43.670910371999035 ], [ -100.586621636581995, 43.768746478946888 ], [ -100.723124742118003, 43.711257830435976 ], [ -101.029675040334993, 43.857802633746815 ], [ -101.727345352574005, 43.687955509673806 ], [ -102.810524927351253, 43.693525981548881 ], [ -102.983560497859003, 43.610295687541402 ] ], [ [ -99.40972999291219, 43.775166672154384 ], [ -99.4115362767064, 43.774420791188511 ], [ -99.409741026798145, 43.775122894543649 ], [ -99.40972999291219, 43.775166672154384 ] ], [ [ -99.369265924339572, 43.790942225674613 ], [ -99.353835888433991, 43.798227672908013 ], [ -99.385351811956269, 43.785229413070539 ], [ -99.369265924339572, 43.790942225674613 ] ], [ [ -99.307542643128016, 43.856714225395059 ], [ -99.333531859678232, 43.819017823078802 ], [ -99.305554359111113, 43.855014505603229 ], [ -99.307542643128016, 43.856714225395059 ] ], [ [ -99.323563307428131, 43.87040579299623 ], [ -99.569164857963415, 44.082495960240031 ], [ -99.614266161106499, 44.202185480479784 ], [ -99.643280367666307, 44.10040716233673 ], [ -99.886611098942296, 44.134841909157487 ], [ -99.902100079243098, 44.25707629299712 ], [ -100.072430962063422, 44.303889672426429 ], [ -100.370287428363994, 44.282465340890894 ], [ -100.376868688257005, 44.002219362468921 ], [ -99.549823717569595, 44.006803014835313 ], [ -99.552017470867099, 43.86715824845345 ], [ -99.323563307428131, 43.87040579299623 ] ], [ [ -100.072826585616511, 44.311004903699143 ], [ -100.073556285832524, 44.313166127856874 ], [ -100.075645811770741, 44.3055837106279 ], [ -100.072826585616511, 44.311004903699143 ] ], [ [ -100.070961822727895, 44.322200469706992 ], [ -100.060343348903018, 44.334998979426274 ], [ -100.062220976713419, 44.352620682235369 ], [ -100.070961822727895, 44.322200469706992 ] ], [ [ -100.728796107443003, 42.462533484105514 ], [ -100.707720247587048, 41.137703676031592 ], [ -100.729282546281155, 42.998134920440656 ], [ -100.728796107443003, 42.462533484105514 ] ], [ [ -99.780965100166569, 43.026094688021843 ], [ -99.777666275159064, 43.028432057387256 ], [ -99.777666469267999, 43.028432248621883 ], [ -99.780965100166569, 43.026094688021843 ] ], [ [ -99.777663671282696, 43.028429492068298 ], [ -99.759477615855403, 43.010261451855463 ], [ -99.759361179443601, 43.010392274378205 ], [ -99.777663671282696, 43.028429492068298 ] ], [ [ -99.749878900056288, 43.021043554625912 ], [ -99.747090728160799, 43.01591586998002 ], [ -99.749878757718506, 43.021043721818693 ], [ -99.749878900056288, 43.021043554625912 ] ], [ [ -99.744435329675241, 43.011031640675554 ], [ -99.744435326422902, 43.011031634692927 ], [ -99.744435288867521, 43.01103163801114 ], [ -99.744435329675241, 43.011031640675554 ] ], [ [ -99.649742789429695, 42.997907647615875 ], [ -99.652989917110801, 43.005028649501291 ], [ -99.677285339370371, 43.006629864397411 ], [ -99.649742789429695, 42.997907647615875 ] ], [ [ -99.641012783786152, 42.996424152683119 ], [ -99.62825740575768, 42.994255468510993 ], [ -99.632078589872293, 43.000914649092358 ], [ -99.641012783786152, 42.996424152683119 ] ], [ [ -99.5694951622052, 42.984246921060013 ], [ -99.569495009491604, 42.984247113606273 ], [ -99.569497711328538, 42.984247355865534 ], [ -99.5694951622052, 42.984246921060013 ] ], [ [ -99.560773153756202, 42.973208915109936 ], [ -99.560472708070293, 42.972828620669908 ], [ -99.544583011017963, 42.981164342982055 ], [ -99.560773153756202, 42.973208915109936 ] ], [ [ -99.54457479178204, 42.981167093009631 ], [ -99.532162301891304, 42.970133727277101 ], [ -99.526433461655841, 42.972871185474936 ], [ -99.54457479178204, 42.981167093009631 ] ], [ [ -99.480893106585825, 42.964631637559165 ], [ -99.47993337756435, 42.962668651227624 ], [ -99.480893034853395, 42.964631644445923 ], [ -99.480893106585825, 42.964631637559165 ] ], [ [ -99.42410954042586, 42.955406618030125 ], [ -99.42410577929266, 42.955399104664679 ], [ -99.424109251034807, 42.955406640643893 ], [ -99.42410954042586, 42.955406618030125 ] ], [ [ -99.418988840016297, 42.945175800275997 ], [ -99.418901587975398, 42.945001449888125 ], [ -99.411617981355064, 42.947899753753248 ], [ -99.418988840016297, 42.945175800275997 ] ], [ [ -99.386394926525398, 42.93487644382656 ], [ -99.400317191071906, 42.952074839786114 ], [ -99.400526433526053, 42.95199754820969 ], [ -99.386394926525398, 42.93487644382656 ] ], [ [ -99.3174536167394, 42.923242771979275 ], [ -99.317453720045705, 42.923242592398175 ], [ -99.311185639468775, 42.92670132571071 ], [ -99.3174536167394, 42.923242771979275 ] ], [ [ -99.305526282913249, 42.929823513772391 ], [ -99.300793494002747, 42.923073465334184 ], [ -99.3055258187362, 42.929823769831344 ], [ -99.305526282913249, 42.929823513772391 ] ], [ [ -99.232940054956813, 42.90037880028396 ], [ -99.225607719609101, 42.898646415819499 ], [ -99.225607650318366, 42.898646450174965 ], [ -99.232940054956813, 42.90037880028396 ] ], [ [ -99.169105934026206, 42.89451854030456 ], [ -99.157698514486029, 42.913576088878877 ], [ -99.198614121877426, 42.907712613756871 ], [ -99.169105934026206, 42.89451854030456 ] ], [ [ -99.151796215443454, 42.91233242477719 ], [ -99.130594034901904, 42.907861982391559 ], [ -99.130593555479848, 42.907862298028284 ], [ -99.151796215443454, 42.91233242477719 ] ], [ [ -99.0911074636943, 42.907834841099664 ], [ -99.041280157977496, 42.915379752862783 ], [ -99.091254699904098, 42.907937197604419 ], [ -99.0911074636943, 42.907834841099664 ] ], [ [ -99.03973306632686, 42.914768519778001 ], [ -99.020513357091801, 42.902942633655293 ], [ -99.006056808258649, 42.901456448827872 ], [ -99.03973306632686, 42.914768519778001 ] ], [ [ -98.985800270304026, 42.899371213342611 ], [ -98.966572133384631, 42.89738882892977 ], [ -98.971620977498404, 42.90086815271443 ], [ -98.985800270304026, 42.899371213342611 ] ], [ [ -98.885055047509965, 42.843697059409237 ], [ -98.842955726715005, 42.846486395165364 ], [ -98.838631584718911, 42.843928710762704 ], [ -98.842956128261903, 42.846486682326102 ], [ -98.885055047509965, 42.843697059409237 ] ], [ [ -98.7091887206509, 42.803381628168019 ], [ -98.656826182352702, 42.809013674570814 ], [ -98.710903985966382, 42.804156102753282 ], [ -98.7091887206509, 42.803381628168019 ] ], [ [ -98.349675276771649, 42.772438292389019 ], [ -98.459848455058506, 42.831730925354975 ], [ -98.655892068306201, 42.85585820449009 ], [ -98.583751343058793, 42.779728324460855 ], [ -98.349675276771649, 42.772438292389019 ] ], [ [ -98.102166364348207, 42.68801386924833 ], [ -98.101546927484407, 42.687724646311494 ], [ -98.061910471447149, 42.69116880973359 ], [ -98.102166364348207, 42.68801386924833 ] ], [ [ -100.656289488498999, 41.089636176765595 ], [ -100.656289344767998, 41.089636290508999 ], [ -100.677855862895626, 41.11459339817393 ], [ -100.656289488498999, 41.089636176765595 ] ], [ [ -100.483614153182003, 41.013579332048486 ], [ -100.413093536520179, 40.991529991307161 ], [ -100.515485964630457, 41.032924243954881 ], [ -100.483614153182003, 41.013579332048486 ] ], [ [ -100.376263110767596, 40.988427956895393 ], [ -100.214750297565004, 40.931061527150618 ], [ -100.181361294450895, 40.921449633220398 ], [ -100.309021990915994, 40.982738128131345 ], [ -100.376263110767596, 40.988427956895393 ] ], [ [ -100.002561950303118, 40.844096086364523 ], [ -100.002561731737998, 40.844096101670139 ], [ -100.011880370517062, 40.849587549495439 ], [ -100.002561950303118, 40.844096086364523 ] ], [ [ -99.747364862026743, 40.73553887400702 ], [ -99.898330209321799, 40.804388932771872 ], [ -100.012866693535997, 40.843374058482304 ], [ -99.783300031688498, 40.738101460151029 ], [ -99.747364862026743, 40.73553887400702 ] ], [ [ -99.43813956813915, 40.68076221051291 ], [ -99.665217178395395, 40.687971055895076 ], [ -99.504812717570502, 40.675952565018598 ], [ -99.43813956813915, 40.68076221051291 ] ], [ [ -99.122803934923681, 40.661073117857441 ], [ -99.150515299221297, 40.666445520899345 ], [ -99.237999057203567, 40.661366692680687 ], [ -99.122803934923681, 40.661073117857441 ] ], [ [ -99.094465960366961, 40.700136692977473 ], [ -99.094466039962796, 40.700136684040935 ], [ -99.101041479322689, 40.672663421586051 ], [ -99.094465960366961, 40.700136692977473 ] ], [ [ -98.156504941857222, 40.97573652403657 ], [ -98.188445456493795, 41.03608736494968 ], [ -98.334304450236132, 40.960094869436176 ], [ -98.188445850854194, 41.036087087812994 ], [ -98.156504941857222, 40.97573652403657 ] ], [ [ -97.877995554560812, 41.162573517703379 ], [ -98.002744069106456, 41.072379301191319 ], [ -97.857202814781417, 41.170527351184674 ], [ -97.877995554560812, 41.162573517703379 ] ], [ [ -97.570591265598324, 41.337274472211156 ], [ -97.608100096129405, 41.334855017953096 ], [ -97.608866936236467, 41.334380787547907 ], [ -97.570591265598324, 41.337274472211156 ] ], [ [ -97.521706771203498, 41.362026219013543 ], [ -97.521795578101703, 41.362017822045289 ], [ -97.521795579389078, 41.362017821392904 ], [ -97.521706771203498, 41.362026219013543 ] ], [ [ -97.381361831870009, 41.392984652293499 ], [ -97.340112701582299, 41.39113179688102 ], [ -97.340096175973926, 41.391135091714588 ], [ -97.368174681364394, 41.397620900624815 ], [ -97.381361831870009, 41.392984652293499 ] ], [ [ -97.27712861134134, 41.394891441617155 ], [ -97.287753005553611, 41.400630462212277 ], [ -97.289664515944764, 41.400284122020629 ], [ -97.27712861134134, 41.394891441617155 ] ], [ [ -98.839051682626206, 40.678046207557507 ], [ -98.744744733238207, 40.713247509568056 ], [ -98.760679097216197, 40.712288596843528 ], [ -98.839051682626206, 40.678046207557507 ] ], [ [ -98.382956085871456, 40.801037250124551 ], [ -98.364267324349299, 40.805441557410518 ], [ -98.348646710007273, 40.818284667832344 ], [ -98.382956085871456, 40.801037250124551 ] ], [ [ -98.261314835857576, 40.889969572130532 ], [ -98.160653623842734, 40.972347085849329 ], [ -98.219727522870301, 40.930568924798301 ], [ -98.261314835857576, 40.889969572130532 ] ], [ [ -98.076069928006078, 41.274354764227233 ], [ -98.296618337447867, 41.256032072992184 ], [ -98.122488902545498, 41.253289335249839 ], [ -98.076069928006078, 41.274354764227233 ] ], [ [ -98.136200246256493, 41.474440853285252 ], [ -98.1362005624635, 41.474441072031048 ], [ -98.204915001823295, 41.473896998582759 ], [ -98.136200246256493, 41.474440853285252 ] ], [ [ -98.060789978564998, 41.490953918574668 ], [ -98.060790363043907, 41.490954271843187 ], [ -98.115520962308196, 41.48796189409898 ], [ -98.060789978564998, 41.490953918574668 ] ], [ [ -97.735840529531202, 41.519861764527143 ], [ -97.735840529531202, 41.519862002675787 ], [ -97.812285134685055, 41.520441009386055 ], [ -97.735840529531202, 41.519861764527143 ] ], [ [ -98.051191864233104, 41.273862478670239 ], [ -98.051191864233104, 41.287581206976981 ], [ -98.051192308000907, 41.27386248749464 ], [ -98.051191864233104, 41.273862478670239 ] ], [ [ -109.048789780608004, 40.579491683565841 ], [ -109.048607871762997, 40.588432289772989 ], [ -109.048783043243006, 40.580086965180158 ], [ -109.048789780608004, 40.579491683565841 ] ], [ [ -113.951851868931996, 40.226306658684891 ], [ -113.951852404326999, 40.226306646339403 ], [ -113.956130534408473, 40.158921501574447 ], [ -113.951851868931996, 40.226306658684891 ] ], [ [ -113.910719134966001, 40.11051988849492 ], [ -113.910720634811369, 40.110521127679043 ], [ -113.902492812752001, 40.045828920901961 ], [ -113.910719134966001, 40.11051988849492 ] ], [ [ -113.996275805519005, 40.170413191070793 ], [ -114.015196571190998, 40.1631261273901 ], [ -113.98064847626118, 40.227915078901006 ], [ -113.996275805519005, 40.170413191070793 ] ], [ [ -99.416173466667829, 43.661775559315018 ], [ -99.398595000761759, 43.663546312256962 ], [ -99.456398038113093, 43.660888764149696 ], [ -99.416173466667829, 43.661775559315018 ] ], [ [ -99.366686653454153, 43.662939362555093 ], [ -99.366590841740006, 43.662851772101625 ], [ -99.364481772030999, 43.662897136861503 ], [ -99.366686653454153, 43.662939362555093 ] ], [ [ -98.781352327785214, 43.151008433629315 ], [ -98.859631973495993, 43.155774440193134 ], [ -98.779269053624276, 43.149065149567527 ], [ -98.781352327785214, 43.151008433629315 ] ], [ [ -98.187921992906297, 42.838788505364207 ], [ -98.126029080435202, 43.191908445393707 ], [ -98.740279988454418, 43.417056169684862 ], [ -98.738957814899095, 43.116179896154605 ], [ -98.553625825271212, 43.069283162647025 ], [ -98.444144999288696, 42.929242000825695 ], [ -98.187921992906297, 42.838788505364207 ] ], [ [ -107.941344350148995, 42.577748003705935 ], [ -108.008814667758998, 42.643971599828205 ], [ -107.99795852755102, 42.614637600497709 ], [ -107.941344350148995, 42.577748003705935 ] ], [ [ -107.967808820827003, 42.5710315981581 ], [ -107.967808766308849, 42.571031435056014 ], [ -107.958155125916505, 42.573482259147347 ], [ -107.967808820827003, 42.5710315981581 ] ], [ [ -107.963119615043993, 42.557000100955676 ], [ -107.930614076487998, 42.546665092243714 ], [ -107.930577709059435, 42.546626015539047 ], [ -107.930613822265002, 42.546665871859382 ], [ -107.963119213496995, 42.557000007655482 ], [ -107.964743002736213, 42.561858390071848 ], [ -107.963119615043993, 42.557000100955676 ] ], [ [ -107.900644032822015, 42.514444688817484 ], [ -107.887455766171485, 42.51239552164909 ], [ -107.90103882882886, 42.514869359002567 ], [ -107.900644032822015, 42.514444688817484 ] ], [ [ -107.865079730724005, 42.50891545436108 ], [ -107.787881269209663, 42.526957402983271 ], [ -107.868475941050079, 42.509443924345533 ], [ -107.865079730724005, 42.50891545436108 ] ], [ [ -107.651912022797006, 42.527258452423013 ], [ -107.694876612968002, 42.529068787812783 ], [ -107.724118572031458, 42.520598093538979 ], [ -107.651911759590007, 42.527257719568304 ], [ -107.587367806426016, 42.465528763931566 ], [ -107.541609099380651, 42.461736799218635 ], [ -107.651912022797006, 42.527258452423013 ] ], [ [ -107.455427749071006, 42.475110275063216 ], [ -107.448744500144187, 42.487302161106825 ], [ -107.45542825061753, 42.475110408579873 ], [ -107.455427749071006, 42.475110275063216 ] ], [ [ -107.412849280860001, 42.491278172191151 ], [ -107.412849787354986, 42.491278146262559 ], [ -107.405768689208543, 42.481518711855948 ], [ -107.412849280860001, 42.491278172191151 ] ], [ [ -107.331062735348993, 42.452093294093324 ], [ -107.331062120146768, 42.452093195569454 ], [ -107.343031126740343, 42.464727221620564 ], [ -107.331062735348993, 42.452093294093324 ] ], [ [ -107.255806372422001, 42.440017303182792 ], [ -107.212805180635598, 42.444127830711913 ], [ -107.25616249722799, 42.440074560697056 ], [ -107.255806372422001, 42.440017303182792 ] ], [ [ -107.157610027053039, 42.485638938927821 ], [ -107.178247338163999, 42.477997821072741 ], [ -107.178247639216451, 42.477997523924827 ], [ -107.157610027053039, 42.485638938927821 ] ], [ [ -107.078555292136002, 42.495684693075845 ], [ -107.078555825736004, 42.495685344831323 ], [ -107.11676172791411, 42.493071367988854 ], [ -107.078555292136002, 42.495684693075845 ] ], [ [ -106.969973238405842, 42.522007775550343 ], [ -106.970931579392001, 42.522431398251975 ], [ -107.010358295711853, 42.518581693888429 ], [ -106.969973238405842, 42.522007775550343 ] ], [ [ -106.915248310848, 42.460575090951799 ], [ -106.915248134355622, 42.460574998217943 ], [ -106.912613132844854, 42.469592391794102 ], [ -106.915248310848, 42.460575090951799 ] ], [ [ -108.440208182568, 42.478996466369445 ], [ -108.562591102198866, 42.48427336327935 ], [ -108.378674129349747, 42.49841677977367 ], [ -108.440208182568, 42.478996466369445 ] ], [ [ -109.065176907035465, 42.636586723106525 ], [ -109.065182185821087, 42.636588828866032 ], [ -109.065181788754998, 42.636588592520503 ], [ -109.065176907035465, 42.636586723106525 ] ], [ [ -108.632831898470982, 42.495677380195943 ], [ -108.917596000746371, 42.579944277034642 ], [ -108.867152675946997, 42.560525226307462 ], [ -108.632831898470982, 42.495677380195943 ] ], [ [ -108.341467024826031, 42.521925820524807 ], [ -108.343473423071458, 42.519298335214508 ], [ -108.23128156133761, 42.614313686366692 ], [ -108.341467024826031, 42.521925820524807 ] ], [ [ -106.351220847619999, 40.999958211125417 ], [ -106.351425214347003, 40.999971770475589 ], [ -106.351687971567003, 40.999971770475589 ], [ -106.351220847619999, 40.999958211125417 ] ], [ [ -111.955109219320008, 43.159921205658875 ], [ -112.147842763528004, 43.252837050884608 ], [ -112.520068684655001, 43.12434751662439 ], [ -112.745330225301004, 42.913512045667112 ], [ -112.750758295405006, 42.53684301487781 ], [ -112.402499426058, 42.462473769125715 ], [ -112.297198908453012, 42.342993599294104 ], [ -111.999944135150002, 42.375353710209744 ], [ -111.935777474405, 42.480498402372412 ], [ -111.955109219320008, 43.159921205658875 ] ], [ [ -100.381898856792006, 44.876827847043344 ], [ -100.411751032510011, 44.988048901433025 ], [ -100.272806862986997, 45.033350284816088 ], [ -100.26385681036902, 45.383413037961098 ], [ -100.468893930440004, 45.542710634357263 ], [ -100.312095009822997, 45.726420197789771 ], [ -100.390361099057998, 45.873829983956796 ], [ -100.465672872767001, 45.90507638619583 ], [ -100.467137868687999, 45.926868383885399 ], [ -100.523427065264002, 45.96352078857845 ], [ -100.543878503586001, 46.006554114417575 ], [ -101.98912220227237, 45.993851664908924 ], [ -102.001352603079994, 44.510764348025646 ], [ -101.531831534239998, 44.570772890788376 ], [ -101.140776947215002, 44.748349124013153 ], [ -100.857294390161002, 44.778844952740677 ], [ -100.860042840570003, 44.718855372677687 ], [ -100.644406499683384, 44.721788756862949 ], [ -100.711606782497, 44.807590549311612 ], [ -100.527831636255996, 44.774905071989714 ], [ -100.381898856792006, 44.876827847043344 ] ], [ [ -100.527668974714999, 46.202518912601306 ], [ -100.524642697846005, 46.016181503965555 ], [ -100.523427065264002, 45.96352078857845 ], [ -100.527668974714999, 46.202518912601306 ] ], [ [ -100.543878503586001, 46.006554114417575 ], [ -100.613695412957995, 46.162581530399684 ], [ -100.56697141734, 46.207364933591826 ], [ -100.556338016203014, 46.242467707348602 ], [ -100.568200331358042, 46.256715402447291 ], [ -100.615752056394001, 46.16704209844216 ], [ -100.603148208765006, 46.071714909262631 ], [ -100.543878503586001, 46.006554114417575 ] ], [ [ -110.016125336789116, 44.054707925708357 ], [ -110.093072810664239, 44.090676629290037 ], [ -110.087189434400003, 44.08370520836668 ], [ -110.016125336789116, 44.054707925708357 ] ], [ [ -110.096306475418601, 44.09450763457113 ], [ -110.12413377745537, 44.13902597561011 ], [ -110.120907888133004, 44.123637806375456 ], [ -110.096306475418601, 44.09450763457113 ] ], [ [ -110.12646131785516, 44.150124751187413 ], [ -110.124612289461723, 44.162938703984317 ], [ -110.128264208165021, 44.158719406131198 ], [ -110.12646131785516, 44.150124751187413 ] ], [ [ -110.354543594204074, 44.790472910992378 ], [ -110.354198522280001, 44.790741688497597 ], [ -110.371310513059001, 44.818776154427709 ], [ -110.354543594204074, 44.790472910992378 ] ], [ [ -110.500757999724001, 44.99229200025632 ], [ -110.110102999507006, 45.003905000178186 ], [ -110.577285841697005, 44.992326178227756 ], [ -110.500757999724001, 44.99229200025632 ] ], [ [ -110.822842500331021, 45.154464095712726 ], [ -110.879493321880275, 45.1736944864451 ], [ -110.879387302639998, 45.173585728819482 ], [ -110.822842500331021, 45.154464095712726 ] ], [ [ -110.900818095957845, 45.195561782263184 ], [ -110.90102223696266, 45.197676377963838 ], [ -110.901667679439001, 45.196432638807551 ], [ -110.900818095957845, 45.195561782263184 ] ], [ [ -110.881822897758198, 45.234651887920045 ], [ -110.816837352488008, 45.310332837661463 ], [ -110.873283658119007, 45.251084490005994 ], [ -110.881822897758198, 45.234651887920045 ] ], [ [ -110.573167743449005, 45.519795100798568 ], [ -110.585163867312986, 45.555777698148987 ], [ -110.573830018621948, 45.518979402346609 ], [ -110.573167743449005, 45.519795100798568 ] ], [ [ -110.566493863657996, 45.597280825623812 ], [ -110.568700227117759, 45.635236263696463 ], [ -110.574876658022006, 45.621232890406219 ], [ -110.566493863657996, 45.597280825623812 ] ], [ [ -110.566573924723897, 45.64005576857496 ], [ -110.538833123583998, 45.659975284443249 ], [ -110.562153853686993, 45.650072219928248 ], [ -110.566573924723897, 45.64005576857496 ] ], [ [ -110.528077936297109, 45.688629634469081 ], [ -110.533138921288, 45.685455880757623 ], [ -110.538833123583998, 45.659975284443249 ], [ -110.528077936297109, 45.688629634469081 ] ], [ [ -110.551064433574993, 46.59896685110489 ], [ -110.491479824872002, 46.556252051213825 ], [ -110.606271336304005, 46.638573069188944 ], [ -110.551064433574993, 46.59896685110489 ] ], [ [ -110.131331215052953, 46.434220538885796 ], [ -110.124439602097013, 46.432525167832935 ], [ -110.059387084801998, 46.426722762486207 ], [ -110.131331215052953, 46.434220538885796 ] ], [ [ -108.58364010464895, 46.428094466450162 ], [ -108.575366261420228, 46.431269848680934 ], [ -108.582478156918995, 46.429976004530921 ], [ -108.58364010464895, 46.428094466450162 ] ], [ [ -107.899428835938139, 46.56528791180606 ], [ -107.899355489377996, 46.565208148715996 ], [ -107.887273939180446, 46.57086686027894 ], [ -107.899428835938139, 46.56528791180606 ] ], [ [ -107.839631168636856, 46.59316270867194 ], [ -107.839320765428994, 46.59330787227919 ], [ -107.838952132031338, 46.594024001647973 ], [ -107.839631168636856, 46.59316270867194 ] ], [ [ -107.822401813902715, 46.626160217898196 ], [ -107.793661281506999, 46.681894931933954 ], [ -107.820310283213004, 46.646803937734369 ], [ -107.822401813902715, 46.626160217898196 ] ], [ [ -107.959944172923002, 47.358929832068178 ], [ -107.910536110948996, 47.401989870812912 ], [ -107.911791776059104, 47.408486833293281 ], [ -107.959944172923002, 47.358929832068178 ] ], [ [ -107.896964093244009, 47.506973858538274 ], [ -107.917973033216995, 47.440452516108898 ], [ -107.919020083277118, 47.52048775601218 ], [ -107.896964093244009, 47.506973858538274 ] ], [ [ -107.868520278262011, 47.478528701705521 ], [ -107.862606405540006, 47.458873043626248 ], [ -107.86851875695011, 47.478529487715655 ], [ -107.868520278262011, 47.478528701705521 ] ], [ [ -107.853711650375018, 47.493406449978373 ], [ -107.852454867900931, 47.494668811764114 ], [ -107.866319257958637, 47.514175370114849 ], [ -107.853711650375018, 47.493406449978373 ] ], [ [ -105.507305541948, 46.701494822950487 ], [ -105.049490678289999, 46.844723601061723 ], [ -104.794399034430995, 46.960414825594114 ], [ -104.78376681112664, 47.003062953072885 ], [ -106.380358429097924, 47.003500380684827 ], [ -105.507305541948, 46.701494822950487 ] ], [ [ -105.291288768707005, 45.548024831053887 ], [ -105.31393476252201, 45.54890796509126 ], [ -105.312190597138724, 45.542794049894212 ], [ -105.291288768707005, 45.548024831053887 ] ], [ [ -104.046224641460881, 46.133524241518607 ], [ -105.335382502562993, 45.521504434276309 ], [ -105.335972558262, 45.536480169160491 ], [ -105.335212297867997, 45.508220771836235 ], [ -104.046224641460881, 46.133524241518607 ] ], [ [ -104.045665475679996, 46.275788008181394 ], [ -104.045665519698005, 46.275788200661779 ], [ -104.045665500407196, 46.275781729254319 ], [ -104.045665475679996, 46.275788008181394 ] ], [ [ -100.547385936086997, 46.325919841321095 ], [ -100.581927780220994, 46.277739148203594 ], [ -100.578509367024793, 46.272505066689092 ], [ -100.547385936086997, 46.325919841321095 ] ], [ [ -100.150701403259006, 44.322697904256799 ], [ -100.264005617880414, 44.330883539448102 ], [ -100.241187445085004, 44.326715909475155 ], [ -100.150701403259006, 44.322697904256799 ] ], [ [ -100.29110071611089, 44.335826633883997 ], [ -100.356463232389217, 44.351109364826229 ], [ -100.354852345184, 44.347432783239796 ], [ -100.29110071611089, 44.335826633883997 ] ], [ [ -100.401895626638066, 44.453872433275187 ], [ -100.401987907541994, 44.454125558740515 ], [ -100.459883925157996, 44.456692259227104 ], [ -100.401895626638066, 44.453872433275187 ] ], [ [ -105.320792580453002, 45.492947729132482 ], [ -105.32115643649152, 45.493660198767344 ], [ -105.345602927468434, 45.472496546274378 ], [ -105.320792580453002, 45.492947729132482 ] ], [ [ -110.027995378146997, 45.621435440723857 ], [ -110.027618748792307, 45.620771977042281 ], [ -110.015254165069052, 45.632786137964402 ], [ -110.027995378146997, 45.621435440723857 ] ], [ [ -110.097245463793442, 45.776698552756429 ], [ -110.087255936680009, 45.779063363153895 ], [ -110.008920943967993, 45.834212418558799 ], [ -110.097245463793442, 45.776698552756429 ] ], [ [ -110.393751706710106, 45.721099450941772 ], [ -110.378049245824002, 45.712531444294697 ], [ -110.268028523373005, 45.696813414104241 ], [ -110.393751706710106, 45.721099450941772 ] ], [ [ -109.922500207156233, 45.851233088780894 ], [ -109.914746159971997, 45.853666740028437 ], [ -109.923119885663496, 45.851401054251951 ], [ -109.922500207156233, 45.851233088780894 ] ], [ [ -107.172461173537002, 46.325078040881799 ], [ -107.810709630242002, 46.037636997475012 ], [ -108.162866134199007, 46.002897164787385 ], [ -108.227272588529999, 45.983795838790407 ], [ -108.296674379221997, 45.945069049971714 ], [ -108.213191641080002, 45.986567426694904 ], [ -108.34006368208, 45.680784820926171 ], [ -108.599475002543997, 45.484086614966813 ], [ -108.750981085438994, 45.222465137946088 ], [ -107.992353792966, 45.222172671223753 ], [ -108.222228849411081, 45.005855527886581 ], [ -107.013883218551996, 44.99641332568801 ], [ -106.999162516108996, 46.304077413479803 ], [ -107.172461173537002, 46.325078040881799 ] ], [ [ -100.878656266660187, 46.818603434434202 ], [ -100.907238052602466, 46.814570638545781 ], [ -100.907237993571002, 46.814570475400878 ], [ -100.878656266660187, 46.818603434434202 ] ], [ [ -100.964656273925769, 46.838606691551732 ], [ -100.964656278136005, 46.838606692430766 ], [ -100.965559647768188, 46.838350479699358 ], [ -100.964656273925769, 46.838606691551732 ] ], [ [ -101.022673970761005, 46.81093180788659 ], [ -101.023181185570536, 46.810880506145416 ], [ -101.026828666085606, 46.814921020741345 ], [ -101.022673970761005, 46.81093180788659 ] ], [ [ -101.039250837301296, 46.809254149984781 ], [ -101.038603368248161, 46.797851196632777 ], [ -101.038602839887005, 46.797851133005629 ], [ -101.039250837301296, 46.809254149984781 ] ], [ [ -101.05979504583766, 46.800401233992964 ], [ -101.059795726982998, 46.800401315913355 ], [ -101.051833794268092, 46.794988815859853 ], [ -101.05979504583766, 46.800401233992964 ] ], [ [ -101.076227036424001, 46.769172800189132 ], [ -101.087241279706376, 46.766992776363878 ], [ -101.060301339586061, 46.780467500069427 ], [ -101.076227036424001, 46.769172800189132 ] ], [ [ -101.128471930453998, 46.763378751235877 ], [ -101.135396848626414, 46.760328309246539 ], [ -101.137407905923851, 46.777141051164712 ], [ -101.128471930453998, 46.763378751235877 ] ], [ [ -101.151609044255153, 46.753184730273901 ], [ -101.148442379153067, 46.762246799283396 ], [ -101.151609352137001, 46.753184594580517 ], [ -101.151609044255153, 46.753184730273901 ] ], [ [ -101.165947172000969, 46.764879738987041 ], [ -101.165315317363792, 46.765732427406064 ], [ -101.165947213265994, 46.764879738160055 ], [ -101.165947172000969, 46.764879738987041 ] ], [ [ -101.158239853181996, 46.775279220838605 ], [ -101.182649325238998, 46.77380728302311 ], [ -101.182649183236947, 46.773807021116404 ], [ -101.158239853181996, 46.775279220838605 ] ], [ [ -101.185512234038484, 46.748879249295072 ], [ -101.173721472095636, 46.75733627831525 ], [ -101.189109335026004, 46.752233473313822 ], [ -101.185512234038484, 46.748879249295072 ] ], [ [ -101.196385611571998, 46.735734182633536 ], [ -101.196385688828002, 46.735734415973603 ], [ -101.196137454770849, 46.732443714376792 ], [ -101.196385611571998, 46.735734182633536 ] ], [ [ -101.218402273546999, 46.708091301558909 ], [ -101.218402010340995, 46.708091249199818 ], [ -101.194590548548447, 46.711925636370331 ], [ -101.218402273546999, 46.708091301558909 ] ], [ [ -101.237162465362005, 46.674072617724292 ], [ -101.245610990796635, 46.659847367955429 ], [ -101.244374264355542, 46.686935648379865 ], [ -101.237162465362005, 46.674072617724292 ] ], [ [ -101.234968951016, 46.641582235483412 ], [ -101.250665183245914, 46.651334456519841 ], [ -101.242416956279655, 46.630594801802573 ], [ -101.234968951016, 46.641582235483412 ] ], [ [ -101.247449020888084, 46.611486558469998 ], [ -101.244280524194124, 46.607251586978478 ], [ -101.244280221599993, 46.607251751944304 ], [ -101.247449020888084, 46.611486558469998 ] ], [ [ -101.267828702787298, 46.594408909553778 ], [ -101.267828703373993, 46.594408909233657 ], [ -101.267803651147489, 46.594388997482369 ], [ -101.267828702787298, 46.594408909553778 ] ], [ [ -101.257042182600003, 46.570246080196547 ], [ -101.249056425625, 46.579483614824696 ], [ -101.263147357848993, 46.58220304085463 ], [ -101.257042182600003, 46.570246080196547 ] ], [ [ -101.280466149790001, 46.570062103179971 ], [ -101.280465753632996, 46.570062355762907 ], [ -101.311403340810244, 46.577832839557736 ], [ -101.280466149790001, 46.570062103179971 ] ], [ [ -101.314946376978583, 46.578722180204196 ], [ -101.314946462920005, 46.578722201775101 ], [ -101.318094626489454, 46.575919633214234 ], [ -101.314946376978583, 46.578722180204196 ] ], [ [ -101.322308209309583, 46.572168286288772 ], [ -101.335580040959869, 46.593445845143989 ], [ -101.322308605830997, 46.572167933242113 ], [ -101.322308209309583, 46.572168286288772 ] ], [ [ -101.356959545864001, 46.588561362554792 ], [ -101.362359263077991, 46.60136859732237 ], [ -101.351365872796094, 46.589839709972168 ], [ -101.356959545864001, 46.588561362554792 ] ], [ [ -101.36511060073498, 46.607892512382179 ], [ -101.373332378822113, 46.603117377728573 ], [ -101.373332320182001, 46.603117314202024 ], [ -101.36511060073498, 46.607892512382179 ] ], [ [ -101.383478935945007, 46.614107518658663 ], [ -101.387006157619069, 46.609965433486757 ], [ -101.379209644480099, 46.609483711547163 ], [ -101.383478935945007, 46.614107518658663 ] ], [ [ -101.452853421594497, 46.599067795973895 ], [ -101.41762968588904, 46.608395393105162 ], [ -101.439740422189999, 46.609792551320474 ], [ -101.452853421594497, 46.599067795973895 ] ], [ [ -101.461043376658594, 46.601015004181853 ], [ -101.481306593279996, 46.60583056246891 ], [ -101.481306602385899, 46.605830152074446 ], [ -101.461043376658594, 46.601015004181853 ] ], [ [ -101.481671533864002, 46.589379347126908 ], [ -101.493652447117952, 46.595339294229888 ], [ -101.481532640302973, 46.595641422644213 ], [ -101.481671533864002, 46.589379347126908 ] ], [ [ -101.497530969572111, 46.597268246638002 ], [ -101.497531290205004, 46.597268406093498 ], [ -101.49887729803244, 46.590189107616403 ], [ -101.497530969572111, 46.597268246638002 ] ], [ [ -101.525459279989988, 46.57762933377424 ], [ -101.512072498054678, 46.562515411217404 ], [ -101.512071292037007, 46.562514631216615 ], [ -101.525459279989988, 46.57762933377424 ] ], [ [ -101.545635110900648, 46.55529950610287 ], [ -101.548571753279802, 46.56334356215973 ], [ -101.545635283151995, 46.555299413299444 ], [ -101.545635110900648, 46.55529950610287 ] ], [ [ -101.568183712883609, 46.560042312931145 ], [ -101.562036171034862, 46.564731949758738 ], [ -101.568184343357999, 46.560042206742537 ], [ -101.568183712883609, 46.560042312931145 ] ], [ [ -101.558007055594757, 46.567805075167641 ], [ -101.558006998026002, 46.567805119074336 ], [ -101.559920357369521, 46.568986431423944 ], [ -101.558007055594757, 46.567805075167641 ] ], [ [ -101.567045063623084, 46.573384671144623 ], [ -101.567045172679002, 46.573384738460419 ], [ -101.578705648271679, 46.569874389094828 ], [ -101.567045063623084, 46.573384671144623 ] ], [ [ -101.622105162230994, 46.581875033405218 ], [ -101.624150089347083, 46.579726386330442 ], [ -101.604554733751968, 46.565129969720942 ], [ -101.622105162230994, 46.581875033405218 ] ], [ [ -101.658449875732003, 46.576797224961062 ], [ -101.658449848782013, 46.576797018103505 ], [ -101.639693266874602, 46.563390111336872 ], [ -101.658449875732003, 46.576797224961062 ] ], [ [ -101.724898382961996, 46.571616497604687 ], [ -101.728579961910725, 46.578157850233801 ], [ -101.724898633692007, 46.571616424369253 ], [ -101.724898382961996, 46.571616497604687 ] ], [ [ -101.736731105179118, 46.59263612769702 ], [ -101.736731315377995, 46.59263650097791 ], [ -101.741368621296189, 46.583890241213588 ], [ -101.736731105179118, 46.59263612769702 ] ], [ [ -101.751331091108995, 46.585495929955194 ], [ -101.751331184533001, 46.585496125666594 ], [ -101.758368136757767, 46.580199918637682 ], [ -101.751331091108995, 46.585495929955194 ] ], [ [ -101.769936718891273, 46.581091865637752 ], [ -101.771712835436006, 46.583778992502971 ], [ -101.771712913672417, 46.583778949455983 ], [ -101.769936718891273, 46.581091865637752 ] ], [ [ -101.79399050845808, 46.572385783846819 ], [ -101.817486404500002, 46.596855273831181 ], [ -101.796044207963007, 46.600909187994468 ], [ -101.79399050845808, 46.572385783846819 ] ], [ [ -101.880773925398998, 46.606808743978611 ], [ -101.890665906101901, 46.612640052015152 ], [ -101.874852541501767, 46.60742447114805 ], [ -101.880773925398998, 46.606808743978611 ] ], [ [ -101.896186442103271, 46.615893686132324 ], [ -101.896186769886, 46.615893879302192 ], [ -101.904269133917481, 46.612354060495925 ], [ -101.896186442103271, 46.615893686132324 ] ], [ [ -101.926492242748623, 46.618022862002157 ], [ -101.934751445033001, 46.622582181239792 ], [ -101.934751553607541, 46.622582166427598 ], [ -101.926492242748623, 46.618022862002157 ] ], [ [ -101.963506180640024, 46.618656117236874 ], [ -101.964682187405998, 46.618495412262284 ], [ -101.964682191828629, 46.618495399918068 ], [ -101.963506180640024, 46.618656117236874 ] ], [ [ -101.969197655390673, 46.605890952658278 ], [ -102.013210215800143, 46.636690992611896 ], [ -101.969197830591, 46.605890463479597 ], [ -101.969197655390673, 46.605890952658278 ] ], [ [ -102.050343601522002, 46.647622577854193 ], [ -102.037164829199867, 46.653437654058557 ], [ -102.053571099094214, 46.658582484298222 ], [ -102.050343601522002, 46.647622577854193 ] ], [ [ -102.065847094461603, 46.658331094566122 ], [ -102.077668772657475, 46.655885699261567 ], [ -102.077668726514005, 46.655885613667685 ], [ -102.065847094461603, 46.658331094566122 ] ], [ [ -102.091285129078997, 46.681135064854047 ], [ -102.113999138822521, 46.683428410020568 ], [ -102.080611306970113, 46.661343517840017 ], [ -102.091285129078997, 46.681135064854047 ] ], [ [ -102.123615546071832, 46.69460238860232 ], [ -102.124806886800016, 46.699806386767087 ], [ -102.124807070341717, 46.69980639658916 ], [ -102.123615546071832, 46.69460238860232 ] ], [ [ -102.151304769516642, 46.701221810445354 ], [ -102.151304941893997, 46.701221819636309 ], [ -102.151344683482677, 46.699437671536693 ], [ -102.151304769516642, 46.701221810445354 ] ], [ [ -102.151468292243678, 46.693911856770988 ], [ -102.183184689767998, 46.703999877791496 ], [ -102.151468300527995, 46.693911486400317 ], [ -102.151468292243678, 46.693911856770988 ] ], [ [ -102.176655399211015, 46.719492049587977 ], [ -102.201968707454483, 46.721216419916004 ], [ -102.201968547698996, 46.721216091264914 ], [ -102.176655399211015, 46.719492049587977 ] ], [ [ -102.203745715825022, 46.724871911285454 ], [ -102.207597869173, 46.732795265732584 ], [ -102.207597995030895, 46.732795121186626 ], [ -102.203745715825022, 46.724871911285454 ] ], [ [ -102.21814534167757, 46.720679240976715 ], [ -102.225505632574439, 46.712221522738183 ], [ -102.225505345984004, 46.712221514599101 ], [ -102.21814534167757, 46.720679240976715 ] ], [ [ -102.258509887900004, 46.721061696516308 ], [ -102.262341850297162, 46.719253982692315 ], [ -102.25827197072762, 46.718637730788146 ], [ -102.258509887900004, 46.721061696516308 ] ], [ [ -102.27450343283617, 46.713515876817524 ], [ -102.28755061268744, 46.737080754006442 ], [ -102.274503731272006, 46.713515735984551 ], [ -102.27450343283617, 46.713515876817524 ] ], [ [ -102.341736599793194, 46.748150637477877 ], [ -102.343318063160581, 46.758034882862866 ], [ -102.341737040072999, 46.748150565798014 ], [ -102.341736599793194, 46.748150637477877 ] ], [ [ -102.360150304320996, 46.748110367269092 ], [ -102.477808860848, 46.795879050994664 ], [ -102.484728697647697, 46.796132978677207 ], [ -102.477809018052994, 46.795878975351364 ], [ -102.360150304320996, 46.748110367269092 ] ], [ [ -102.81312976419801, 46.72401389342555 ], [ -103.020796657228004, 46.713966744703654 ], [ -103.072330042773629, 46.700534028202007 ], [ -102.879299180122004, 46.709161310274276 ], [ -102.81312976419801, 46.72401389342555 ] ], [ [ -103.443939722480096, 46.525737656405958 ], [ -103.427737490115007, 46.587966899801096 ], [ -103.219912784235888, 46.711219859266954 ], [ -103.427737972511011, 46.587967158474314 ], [ -103.443939722480096, 46.525737656405958 ] ], [ [ -103.444190604343902, 46.522082229403381 ], [ -103.444190616939011, 46.522082045879706 ], [ -103.438446409766826, 46.501505485744133 ], [ -103.444190604343902, 46.522082229403381 ] ], [ [ -103.673204557209786, 46.07270069140359 ], [ -103.602140872323005, 46.165278851285805 ], [ -103.548393917883004, 46.276011947529987 ], [ -103.515632571287881, 46.283296356224241 ], [ -103.548394067003017, 46.276012309515949 ], [ -103.673204557209786, 46.07270069140359 ] ], [ [ -103.701789407996941, 46.049820196238507 ], [ -103.829194333670003, 46.023908136540861 ], [ -103.719506671491999, 46.040521441568124 ], [ -103.701789407996941, 46.049820196238507 ] ], [ [ -102.227382140412004, 46.741780757811782 ], [ -102.213670480494002, 46.752900500888202 ], [ -102.233689436600002, 46.774244100533366 ], [ -102.227382140412004, 46.741780757811782 ] ], [ [ -110.056531095273996, 47.923723056296971 ], [ -110.10824696666036, 47.975104453914639 ], [ -110.0597592851435, 47.908451703979097 ], [ -110.056531095273996, 47.923723056296971 ] ], [ [ -110.067165329150001, 47.822154961974135 ], [ -110.067164945793465, 47.822154861615488 ], [ -110.069268755142531, 47.825715011642096 ], [ -110.067165329150001, 47.822154961974135 ] ], [ [ -109.929790375392002, 47.760248220537399 ], [ -109.92979016289857, 47.760248229216231 ], [ -109.94401104270726, 47.77754402264852 ], [ -109.929790375392002, 47.760248220537399 ] ], [ [ -109.890982671911686, 47.761827780325333 ], [ -109.890982817351997, 47.761827949781917 ], [ -109.9114266102507, 47.760997026613971 ], [ -109.890982671911686, 47.761827780325333 ] ], [ [ -109.681590016200005, 47.733851896020767 ], [ -109.72369831214651, 47.702370197332492 ], [ -109.723697672878998, 47.702370126404048 ], [ -109.681590016200005, 47.733851896020767 ] ], [ [ -109.608142571895996, 47.732190081063891 ], [ -109.608142312244851, 47.73219022355692 ], [ -109.619149955903239, 47.735490981746537 ], [ -109.608142571895996, 47.732190081063891 ] ], [ [ -109.541097583216995, 47.738751861880907 ], [ -109.541097997340003, 47.738751981498154 ], [ -109.579699076443831, 47.747792844771439 ], [ -109.541097583216995, 47.738751861880907 ] ], [ [ -109.509202160376944, 47.742633332324814 ], [ -109.425302646426005, 47.72014589355836 ], [ -109.393032024904869, 47.739236670403123 ], [ -109.509202160376944, 47.742633332324814 ] ], [ [ -109.314329532805004, 47.757640766338142 ], [ -109.341731032980277, 47.751913378117081 ], [ -109.300290490791923, 47.765851655390101 ], [ -109.314329532805004, 47.757640766338142 ] ], [ [ -109.275933291773995, 47.792929142491303 ], [ -109.279072164674631, 47.785288160038633 ], [ -109.236688349016433, 47.794323832816019 ], [ -109.275933291773995, 47.792929142491303 ] ], [ [ -108.939053496763364, 47.790222900249006 ], [ -108.978370845486012, 47.802650978913945 ], [ -108.979298796002425, 47.802477153609843 ], [ -108.939053496763364, 47.790222900249006 ] ], [ [ -108.946253828289997, 47.773898844625023 ], [ -108.942886912635132, 47.781479486576295 ], [ -108.932856178217904, 47.765479447306497 ], [ -108.946253828289997, 47.773898844625023 ] ], [ [ -108.949189798421997, 47.739259934597918 ], [ -108.949189073480994, 47.739259824043572 ], [ -108.927961464512876, 47.753139238500985 ], [ -108.949189798421997, 47.739259934597918 ] ], [ [ -108.892372774918016, 47.735110817712339 ], [ -108.892372877548993, 47.735110850802506 ], [ -108.910643157563868, 47.732977668040895 ], [ -108.892372774918016, 47.735110817712339 ] ], [ [ -108.842842018571005, 47.719128853442356 ], [ -108.784047770112011, 47.682096908506743 ], [ -108.789807852154993, 47.662934926332817 ], [ -108.786111839887567, 47.659398569325525 ], [ -108.784047283224993, 47.682097034302011 ], [ -108.842842018571005, 47.719128853442356 ] ], [ [ -108.77160686250302, 47.645515923103261 ], [ -108.751963421477484, 47.647201927465595 ], [ -108.771606914662783, 47.645515973037298 ], [ -108.77160686250302, 47.645515923103261 ] ], [ [ -108.726222728386006, 47.649406862128821 ], [ -108.671387888086002, 47.619549919508145 ], [ -108.671387645299859, 47.619549936977521 ], [ -108.726222728386006, 47.649406862128821 ] ], [ [ -108.608015665937003, 47.624095046929575 ], [ -108.611933176155731, 47.623814922301705 ], [ -108.591032764870789, 47.617123736424716 ], [ -108.608015665937003, 47.624095046929575 ] ], [ [ -108.572409924555004, 47.609475916465449 ], [ -108.562921153502785, 47.611795929989881 ], [ -108.572410056588268, 47.609475970701887 ], [ -108.572409924555004, 47.609475916465449 ] ], [ [ -108.509214931029007, 47.601191906268411 ], [ -108.509214459413016, 47.60119202196141 ], [ -108.526727678024727, 47.620637635234374 ], [ -108.509214931029007, 47.601191906268411 ] ], [ [ -108.447639226876248, 47.615953701480542 ], [ -108.447639438262996, 47.615954042158378 ], [ -108.470637521818787, 47.601571316949865 ], [ -108.447639226876248, 47.615953701480542 ] ], [ [ -108.422349617226999, 47.60091717472794 ], [ -108.439084967857696, 47.602164934821339 ], [ -108.422349647165049, 47.60091710045878 ], [ -108.422349617226999, 47.60091717472794 ] ], [ [ -108.428267951880997, 47.586233899962885 ], [ -108.428267183155711, 47.58623405585017 ], [ -108.425648990767044, 47.592731269423915 ], [ -108.428267951880997, 47.586233899962885 ] ], [ [ -108.384147682231301, 47.585279761146268 ], [ -108.391431850936002, 47.59369794279052 ], [ -108.39143282850722, 47.593697744851482 ], [ -108.384147682231301, 47.585279761146268 ] ], [ [ -108.355667673686995, 47.579521983341522 ], [ -108.376914044656303, 47.576919011457306 ], [ -108.355667596299881, 47.579521816908731 ], [ -108.355667673686995, 47.579521983341522 ] ], [ [ -108.349588974484007, 47.5664448954834 ], [ -108.349588343067836, 47.566445002843416 ], [ -108.352670378091972, 47.573075246725722 ], [ -108.349588974484007, 47.5664448954834 ] ], [ [ -108.324780437868128, 47.583878560879675 ], [ -108.33340517515802, 47.580682030424711 ], [ -108.32355408955604, 47.570870290129797 ], [ -108.324780437868128, 47.583878560879675 ] ], [ [ -108.282362987851002, 47.579607887243164 ], [ -108.199558061748689, 47.589717871385588 ], [ -108.322979739965675, 47.584545839113808 ], [ -108.282362987851002, 47.579607887243164 ] ], [ [ -108.171454014839995, 47.579932875791208 ], [ -108.155385628383883, 47.585623821818004 ], [ -108.171454379921641, 47.579933002956075 ], [ -108.171454014839995, 47.579932875791208 ] ], [ [ -108.064083515614996, 47.59844197026333 ], [ -108.085877106968567, 47.597005663769721 ], [ -108.047468090909945, 47.591941941877977 ], [ -108.064083515614996, 47.59844197026333 ] ], [ [ -107.961568064648006, 47.569867858610692 ], [ -107.977721729988005, 47.586511038863321 ], [ -107.981954713545406, 47.586088135314128 ], [ -107.961568064648006, 47.569867858610692 ] ], [ [ -107.926192119502005, 47.565177769542906 ], [ -107.928145125030412, 47.565436953814803 ], [ -107.919171786283627, 47.520580676421041 ], [ -107.926192119502005, 47.565177769542906 ] ], [ [ -107.702933821939993, 47.618748965652017 ], [ -107.714605149614059, 47.595444612671763 ], [ -107.687692264062051, 47.622560526685689 ], [ -107.702933821939993, 47.618748965652017 ] ], [ [ -107.540430832831007, 47.64584875550571 ], [ -107.626669167669007, 47.647780410805652 ], [ -107.540431227190993, 47.645848736744398 ], [ -107.503809772395002, 47.626326335223801 ], [ -107.439565589737001, 47.618668329225464 ], [ -107.540430832831007, 47.64584875550571 ] ], [ [ -107.393774073860627, 47.69654529052832 ], [ -107.395251853976006, 47.697048200535882 ], [ -107.396465790661537, 47.696453585945171 ], [ -107.393774073860627, 47.69654529052832 ] ], [ [ -107.345095465726004, 47.679966381596998 ], [ -107.345094885429589, 47.679966416212075 ], [ -107.345097256615787, 47.679967224374636 ], [ -107.345095465726004, 47.679966381596998 ] ], [ [ -107.296452893240996, 47.682859435830132 ], [ -107.316449941485985, 47.681672111132123 ], [ -107.296452203570084, 47.682859146726621 ], [ -107.296452893240996, 47.682859435830132 ] ], [ [ -107.218694034137997, 47.661834372899683 ], [ -107.213656700356012, 47.662325801898668 ], [ -107.225784768134076, 47.663753916678338 ], [ -107.218694034137997, 47.661834372899683 ] ], [ [ -107.118128858913664, 47.671609318060248 ], [ -107.008614951550001, 47.666430083075184 ], [ -106.953091817890339, 47.674213199243802 ], [ -107.118128858913664, 47.671609318060248 ] ], [ [ -106.891381175082998, 47.682835671749956 ], [ -106.891046219421696, 47.684641541885306 ], [ -106.894311157818322, 47.682426948379394 ], [ -106.891381175082998, 47.682835671749956 ] ], [ [ -106.883834225361994, 47.723504959406398 ], [ -106.883834159584495, 47.723502768992738 ], [ -106.874908368227679, 47.729521058780897 ], [ -106.883834225361994, 47.723504959406398 ] ], [ [ -106.831289303018451, 47.736554077850286 ], [ -106.866600046635995, 47.735119535747828 ], [ -106.866600117878733, 47.735119487747447 ], [ -106.831289303018451, 47.736554077850286 ] ], [ [ -104.042802099144964, 47.778245543215 ], [ -104.043246000005993, 47.745537999781007 ], [ -104.042956389446999, 47.763589894334643 ], [ -104.042802099144964, 47.778245543215 ] ], [ [ -113.257890688944045, 45.922501046122811 ], [ -113.264002872728, 45.920423889344335 ], [ -113.474487936452206, 45.813996042646586 ], [ -113.257890688944045, 45.922501046122811 ] ], [ [ -112.707710320819388, 46.00815465791802 ], [ -113.122505863643994, 45.968409407183103 ], [ -113.122518178388788, 45.968405240060392 ], [ -112.707710320819388, 46.00815465791802 ] ], [ [ -112.642074344250005, 46.014655381333938 ], [ -112.623976836631115, 46.025332468798155 ], [ -112.69636971860173, 46.003979767263431 ], [ -112.642074344250005, 46.014655381333938 ] ], [ [ -112.623975879322003, 46.025333351456105 ], [ -112.644203735656021, 46.125510056176211 ], [ -112.648655780211996, 46.096569012492502 ], [ -112.623975879322003, 46.025333351456105 ] ], [ [ -112.643719647195283, 46.128655542994011 ], [ -112.475897535784995, 46.151840277103005 ], [ -112.467168603533381, 46.162754451719238 ], [ -112.475897399241006, 46.151840535982927 ], [ -112.643719647195283, 46.128655542994011 ] ], [ [ -112.237327317660998, 46.49539253263228 ], [ -112.237326871197993, 46.495392737945124 ], [ -112.236865462228323, 46.617880164393313 ], [ -112.237327317660998, 46.49539253263228 ] ], [ [ -112.419408288888917, 46.829058793761575 ], [ -112.422699168115997, 46.804987763422389 ], [ -112.417909022019472, 46.796168651078069 ], [ -112.419408288888917, 46.829058793761575 ] ], [ [ -112.230745611306006, 47.022030153941586 ], [ -112.230745997492704, 47.022030386863946 ], [ -112.22463004132986, 47.00611613187283 ], [ -112.230745611306006, 47.022030153941586 ] ], [ [ -112.313011503241995, 47.071588646589824 ], [ -112.237713499657005, 47.02623230714412 ], [ -112.550685409639925, 47.166456305909556 ], [ -112.313011503241995, 47.071588646589824 ] ], [ [ -112.869128177500002, 47.310352819561658 ], [ -112.710541872478444, 47.234441817770623 ], [ -112.916102657488992, 47.355855603998371 ], [ -112.869128177500002, 47.310352819561658 ] ], [ [ -112.948511964085995, 47.539959665119909 ], [ -113.13772318082701, 47.515566356468945 ], [ -113.218595263589762, 47.547575951304196 ], [ -113.11095992383494, 47.502186377896713 ], [ -112.948511964085995, 47.539959665119909 ] ], [ [ -110.489946429992287, 47.928133668255029 ], [ -110.491259493112651, 47.928170743408486 ], [ -110.496059012185995, 47.914191795716199 ], [ -110.489946429992287, 47.928133668255029 ] ], [ [ -110.464432012505199, 47.937046576358078 ], [ -110.43177728803299, 47.942100786728226 ], [ -110.426054274861841, 47.949371700927458 ], [ -110.431777601544994, 47.942100826444687 ], [ -110.458246461390985, 47.943322394052778 ], [ -110.464432012505199, 47.937046576358078 ] ], [ [ -110.391296061591518, 47.954797696655127 ], [ -110.418913726675996, 47.958440664116935 ], [ -110.418913830129, 47.95844053274373 ], [ -110.391296061591518, 47.954797696655127 ] ], [ [ -110.353466966651993, 47.990295477788543 ], [ -110.353466629783, 47.990295373179237 ], [ -110.309657306140011, 47.990023035174488 ], [ -110.315203998693733, 48.002308228023566 ], [ -110.353466966651993, 47.990295477788543 ] ], [ [ -110.30419422783271, 48.021682212759451 ], [ -110.304194373317998, 48.021682267843062 ], [ -110.309376545085101, 48.017630717458132 ], [ -110.30419422783271, 48.021682212759451 ] ], [ [ -110.248272648777998, 48.000491763505089 ], [ -110.248272603347189, 48.000491858462787 ], [ -110.266803119884258, 48.007517454260608 ], [ -110.248272648777998, 48.000491763505089 ] ], [ [ -110.233103761182434, 48.03218272493735 ], [ -110.233103947521016, 48.032182712494979 ], [ -110.236171422256234, 48.02577607210015 ], [ -110.233103761182434, 48.03218272493735 ] ], [ [ -110.122674341595996, 48.017918147969638 ], [ -110.122674049644004, 48.017918258531822 ], [ -110.155680745407068, 48.037330640270767 ], [ -110.122674341595996, 48.017918147969638 ] ], [ [ -104.771689322018304, 47.029308357499865 ], [ -104.759780163355018, 47.041857413356801 ], [ -104.758973029847098, 47.056920532220879 ], [ -104.771689322018304, 47.029308357499865 ] ], [ [ -104.741221510478951, 47.095429557906328 ], [ -104.740511992335016, 47.096355407257533 ], [ -104.740818556677993, 47.096303205401377 ], [ -104.741221510478951, 47.095429557906328 ] ], [ [ -104.68683595976502, 47.149157928114036 ], [ -104.654422166149004, 47.162505324973502 ], [ -104.652312054537987, 47.167595110602029 ], [ -104.68683595976502, 47.149157928114036 ] ], [ [ -104.651050780611286, 47.170637068642201 ], [ -104.649030032249001, 47.175510188723791 ], [ -104.664622358334, 47.197682720794901 ], [ -104.651050780611286, 47.170637068642201 ] ], [ [ -115.426636282963997, 47.280158100164648 ], [ -115.455598000064015, 47.277521000680608 ], [ -115.426636167026345, 47.280157984418608 ], [ -115.426636282963997, 47.280158100164648 ] ], [ [ -115.319981519399391, 47.256720043526151 ], [ -115.410684449306984, 47.264228255250444 ], [ -115.423696665638502, 47.277223192286712 ], [ -115.410685000871993, 47.264228000432119 ], [ -115.319981519399391, 47.256720043526151 ] ], [ [ -115.317123789571994, 47.233305740687989 ], [ -115.30050400011001, 47.188139000074123 ], [ -115.281983706299499, 47.185072715436732 ], [ -115.300503833921013, 47.188139634372078 ], [ -115.317123789571994, 47.233305740687989 ] ], [ [ -115.127034704585697, 47.067666779034354 ], [ -115.17043564103902, 47.106264958217508 ], [ -115.198869565570021, 47.139681341387387 ], [ -115.252609204565331, 47.165725539307964 ], [ -115.127034704585697, 47.067666779034354 ] ], [ [ -115.064884947522955, 47.009574008397649 ], [ -115.071445788306008, 47.026148695495571 ], [ -115.071445917001114, 47.026148791695206 ], [ -115.064884947522955, 47.009574008397649 ] ], [ [ -114.960597050928001, 46.93001063652013 ], [ -114.989806358188204, 46.96009716310693 ], [ -114.939298129271634, 46.923205656600622 ], [ -114.960597050928001, 46.93001063652013 ] ], [ [ -114.925142792451993, 46.918680520373869 ], [ -114.92514313837296, 46.918680630981484 ], [ -114.947412987651688, 46.859323997497377 ], [ -114.925142792451993, 46.918680520373869 ] ], [ [ -114.92611014483677, 46.846488756962557 ], [ -114.928614781025018, 46.854814697705265 ], [ -114.928614918288645, 46.854814730639909 ], [ -114.92611014483677, 46.846488756962557 ] ], [ [ -114.898934444038019, 46.823311203342769 ], [ -114.90950580915171, 46.825465528033355 ], [ -114.896232129250379, 46.803443328094986 ], [ -114.898934444038019, 46.823311203342769 ] ], [ [ -114.896126000541003, 46.802662999462846 ], [ -114.865968495672519, 46.814040596075714 ], [ -114.896126064129049, 46.80266346700931 ], [ -114.896126000541003, 46.802662999462846 ] ], [ [ -114.784764164904374, 46.780070008930721 ], [ -114.784764185897004, 46.780070045992538 ], [ -114.804503071535621, 46.781154583489574 ], [ -114.784764164904374, 46.780070008930721 ] ], [ [ -114.765127152841046, 46.745383271776866 ], [ -114.765127013786, 46.745383461061941 ], [ -114.777034094105304, 46.766420064406276 ], [ -114.765127152841046, 46.745383271776866 ] ], [ [ -114.70935042365717, 46.721953100412527 ], [ -114.766890000650008, 46.696901000141686 ], [ -114.713043999763002, 46.71542599998152 ], [ -114.70935042365717, 46.721953100412527 ] ], [ [ -114.666112457381999, 46.739324441067716 ], [ -114.699007789019262, 46.740222993841009 ], [ -114.666028715278316, 46.739265431077818 ], [ -114.666112457381999, 46.739324441067716 ] ], [ [ -114.594196428792046, 46.634509477263862 ], [ -114.642713000724001, 46.673144999529427 ], [ -114.605268999945011, 46.63582200069839 ], [ -114.594196428792046, 46.634509477263862 ] ], [ [ -114.583385000272997, 46.633227000552559 ], [ -114.580809404327951, 46.63426649129643 ], [ -114.583385076881584, 46.633227009643207 ], [ -114.583385000272997, 46.633227000552559 ] ], [ [ -114.358056565680997, 46.67106153274549 ], [ -114.512675454770161, 46.642879768387679 ], [ -114.324428718456801, 46.650854979327796 ], [ -114.358056565680997, 46.67106153274549 ] ], [ [ -114.32259020420922, 46.610996697136855 ], [ -114.322519213041005, 46.611065325019425 ], [ -114.322566858972976, 46.612058681288865 ], [ -114.32259020420922, 46.610996697136855 ] ], [ [ -114.329963488545474, 46.576213757476353 ], [ -114.329775354749003, 46.576470728530943 ], [ -114.344225854747819, 46.590064975423367 ], [ -114.329963488545474, 46.576213757476353 ] ], [ [ -114.342964311303461, 46.518909277668186 ], [ -114.342072168094006, 46.519678324230924 ], [ -114.347945853329705, 46.551641035618339 ], [ -114.342964311303461, 46.518909277668186 ] ], [ [ -114.402841000684006, 46.499344000482111 ], [ -114.402762062964499, 46.498713254247185 ], [ -114.358765945535382, 46.505302496298469 ], [ -114.402841000684006, 46.499344000482111 ] ], [ [ -114.383530792985226, 46.449247336395025 ], [ -114.379337654761997, 46.460165668147518 ], [ -114.37933801455182, 46.460165963537669 ], [ -114.383530792985226, 46.449247336395025 ] ], [ [ -114.368674652338996, 46.436672033132091 ], [ -114.382575000688007, 46.432782999311137 ], [ -114.384085583568847, 46.422475892520261 ], [ -114.368674652338996, 46.436672033132091 ] ], [ [ -114.422457911294003, 46.387096849062168 ], [ -114.422457160792788, 46.387097541459198 ], [ -114.419624598304168, 46.381119506992661 ], [ -114.422457911294003, 46.387096849062168 ] ], [ [ -114.433478000329998, 46.305502000150298 ], [ -114.433477970088191, 46.305501932704878 ], [ -114.429796858145494, 46.314209353337368 ], [ -114.433478000329998, 46.305502000150298 ] ], [ [ -114.470474715790232, 46.267321965121866 ], [ -114.427308813827992, 46.283624040268741 ], [ -114.428179177999468, 46.286711431748991 ], [ -114.470474715790232, 46.267321965121866 ] ], [ [ -114.470478999622003, 46.267320000108413 ], [ -114.454360487726532, 46.241913283320024 ], [ -114.470478328288252, 46.267320308052291 ], [ -114.470478999622003, 46.267320000108413 ] ], [ [ -114.514705907820002, 46.167725754700093 ], [ -114.514705999448012, 46.167725999196357 ], [ -114.527086222251526, 46.145603434331974 ], [ -114.514705907820002, 46.167725754700093 ] ], [ [ -114.520952999816998, 46.125004999477994 ], [ -114.520952609995703, 46.125004900665317 ], [ -114.520966832360386, 46.12505146944607 ], [ -114.520952999816998, 46.125004999477994 ] ], [ [ -114.46004916967027, 46.097104191251375 ], [ -114.460049037252006, 46.097104731599295 ], [ -114.474116121501581, 46.112939796128806 ], [ -114.46004916967027, 46.097104191251375 ] ], [ [ -114.480240919050999, 46.030325591291394 ], [ -114.480240999898996, 46.030325000042616 ], [ -114.480256999792999, 45.992862000450707 ], [ -114.470950830029949, 45.994811339084222 ], [ -114.480240919050999, 46.030325591291394 ] ], [ [ -114.402290733165003, 45.95779864073252 ], [ -114.405007908558886, 45.963464992995732 ], [ -114.425189162148428, 45.940300966718141 ], [ -114.402290733165003, 45.95779864073252 ] ], [ [ -114.388243457936625, 45.882340569364487 ], [ -114.388243327910004, 45.882340756429109 ], [ -114.411680475255466, 45.911512744227146 ], [ -114.388243457936625, 45.882340569364487 ] ], [ [ -114.475522518020995, 45.846463914409242 ], [ -114.442818554923647, 45.860421011387118 ], [ -114.480888734424894, 45.846316362364441 ], [ -114.475522518020995, 45.846463914409242 ] ], [ [ -114.566171999329995, 45.773863999664812 ], [ -114.566171513341004, 45.773863829865014 ], [ -114.511518011454996, 45.829628649547445 ], [ -114.509302614708545, 45.84553101050728 ], [ -114.566171999329995, 45.773863999664812 ] ], [ [ -114.504869303534434, 45.722176149478365 ], [ -114.504869355459007, 45.722176253074693 ], [ -114.517979241160376, 45.728637885539705 ], [ -114.504869303534434, 45.722176149478365 ] ], [ [ -114.515181999649002, 45.684967999442527 ], [ -114.515181783839722, 45.684967923573488 ], [ -114.505689100061431, 45.693786025590157 ], [ -114.515181999649002, 45.684967999442527 ] ], [ [ -114.507667556889942, 45.657841327552021 ], [ -114.499051641099996, 45.679295795620021 ], [ -114.499052027172269, 45.679295931407879 ], [ -114.507667556889942, 45.657841327552021 ] ], [ [ -114.521089857619828, 45.652806558576316 ], [ -114.507754070415004, 45.657625833823992 ], [ -114.507754004618832, 45.657625997714035 ], [ -114.521089857619828, 45.652806558576316 ] ], [ [ -114.538132038712035, 45.606834046497035 ], [ -114.563651452063198, 45.637412199186308 ], [ -114.563652000378994, 45.637412000734656 ], [ -114.538132038712035, 45.606834046497035 ] ], [ [ -114.564837515144006, 45.557730281142632 ], [ -114.542483270412689, 45.598838227053534 ], [ -114.531925840981145, 45.568803617180833 ], [ -114.564837515144006, 45.557730281142632 ] ], [ [ -114.461285886255425, 45.551229722967705 ], [ -114.456153717601012, 45.562128332794359 ], [ -114.456154362913054, 45.562128230666865 ], [ -114.461285886255425, 45.551229722967705 ] ], [ [ -114.368519692953001, 45.492716307893396 ], [ -114.424357457105941, 45.5109608231745 ], [ -114.367784229780796, 45.491127259232648 ], [ -114.368519692953001, 45.492716307893396 ] ], [ [ -115.466606724239938, 47.287802742288854 ], [ -115.466606821531002, 47.2878028444566 ], [ -115.46660683004842, 47.287802841092024 ], [ -115.466606724239938, 47.287802742288854 ] ], [ [ -113.713583407488002, 48.076404775931792 ], [ -113.713583845865998, 48.076404518446211 ], [ -113.673847096788194, 48.031809887251434 ], [ -113.713583407488002, 48.076404775931792 ] ], [ [ -113.502984999525069, 47.775430137937782 ], [ -113.647766974044004, 48.002503755978012 ], [ -113.535341250084997, 47.815161813788364 ], [ -113.502984999525069, 47.775430137937782 ] ], [ [ -113.444892129014619, 47.717910253703209 ], [ -113.475493281041352, 47.741632205718155 ], [ -113.466786319177018, 47.730920384560491 ], [ -113.444892129014619, 47.717910253703209 ] ], [ [ -113.709816536142995, 47.077056580570101 ], [ -113.732574230972006, 47.28197112271414 ], [ -113.871253898746005, 47.289227161557235 ], [ -113.949936211587996, 47.475868217667028 ], [ -113.927147075723994, 47.88439177257348 ], [ -114.844901902591999, 47.880859870952847 ], [ -114.720520045458997, 47.710971303338823 ], [ -114.793449771799999, 47.511181605515183 ], [ -114.690277138525005, 47.273231477286927 ], [ -114.275825907467009, 47.120139553476484 ], [ -114.146285474815002, 47.140179341598397 ], [ -114.085151751048002, 47.009899055805604 ], [ -113.907715393234994, 47.104004147773956 ], [ -113.709816536142995, 47.077056580570101 ] ], [ [ -112.160660915046989, 48.463750187857471 ], [ -112.15356202538679, 48.470314986035206 ], [ -112.160661405203882, 48.463750533225031 ], [ -112.160660915046989, 48.463750187857471 ] ], [ [ -112.13372348448739, 48.466854310979052 ], [ -112.133723493049018, 48.466854315777049 ], [ -112.134701256448253, 48.467072944257694 ], [ -112.13372348448739, 48.466854310979052 ] ], [ [ -112.077570939211, 48.435362182626392 ], [ -112.043321622138379, 48.452510717438521 ], [ -112.077571395356472, 48.435362438649278 ], [ -112.077570939211, 48.435362182626392 ] ], [ [ -112.039889688683587, 48.44892003985894 ], [ -112.042504067524007, 48.452919853573526 ], [ -112.042504437326855, 48.452919668511875 ], [ -112.039889688683587, 48.44892003985894 ] ], [ [ -112.020354758391051, 48.443789453145328 ], [ -112.019565586743994, 48.452013120940869 ], [ -112.019565965693857, 48.45201299868743 ], [ -112.020354758391051, 48.443789453145328 ] ], [ [ -112.005338621332641, 48.449162856475184 ], [ -112.005338518430989, 48.449163231196074 ], [ -112.020528949935994, 48.441973174811345 ], [ -112.005338621332641, 48.449162856475184 ] ], [ [ -112.007370930773163, 48.441761259058516 ], [ -111.983741789720156, 48.431565266979803 ], [ -111.976307214236996, 48.439145454365985 ], [ -112.007370930773163, 48.441761259058516 ] ], [ [ -111.977632168195001, 48.417572298040135 ], [ -111.953896211219046, 48.425333791844672 ], [ -111.982655953099908, 48.423470174445313 ], [ -111.977632168195001, 48.417572298040135 ] ], [ [ -111.893040120799071, 48.428887265725159 ], [ -111.935629252384004, 48.431941325840448 ], [ -111.9356292600188, 48.431941323079556 ], [ -111.893040120799071, 48.428887265725159 ] ], [ [ -111.888023033902016, 48.4213757826316 ], [ -111.888023054563007, 48.421375756400359 ], [ -111.87135017377075, 48.427982934472013 ], [ -111.888023033902016, 48.4213757826316 ] ], [ [ -111.861156793508997, 48.415609152534962 ], [ -111.861156759994245, 48.415609165170693 ], [ -111.861965080106103, 48.416590562027665 ], [ -111.861156793508997, 48.415609152534962 ] ], [ [ -111.845898813003188, 48.421360426796937 ], [ -111.845898784441005, 48.421360505916518 ], [ -111.850812473484268, 48.419508573070388 ], [ -111.845898813003188, 48.421360426796937 ] ], [ [ -111.854219429760008, 48.398304202896227 ], [ -111.854220400839012, 48.398304286993586 ], [ -111.836046804413002, 48.396375352972491 ], [ -111.854219429760008, 48.398304202896227 ] ], [ [ -111.824503119465462, 48.411370018852082 ], [ -111.824503160161996, 48.411370041518097 ], [ -111.8268977660031, 48.408260071765675 ], [ -111.824503119465462, 48.411370018852082 ] ], [ [ -111.787784522923005, 48.382127434236615 ], [ -111.78778508437, 48.382127482563178 ], [ -111.772336692649006, 48.365654748193776 ], [ -111.787784522923005, 48.382127434236615 ] ], [ [ -111.748981728872693, 48.379773694890503 ], [ -111.748981794225998, 48.379774068757264 ], [ -111.757312997124956, 48.374738198740651 ], [ -111.748981728872693, 48.379773694890503 ] ], [ [ -111.74749063038, 48.371242346097716 ], [ -111.747490591029091, 48.371242347696374 ], [ -111.747570334440738, 48.371698639288766 ], [ -111.74749063038, 48.371242346097716 ] ], [ [ -111.728571300216018, 48.372009677655569 ], [ -111.712138129664353, 48.381835842155411 ], [ -111.728571880783974, 48.372009654148385 ], [ -111.728571300216018, 48.372009677655569 ] ], [ [ -111.645855199609002, 48.392003968699917 ], [ -111.645855249015995, 48.392003933505798 ], [ -111.645427121343573, 48.389576062653944 ], [ -111.645855199609002, 48.392003968699917 ] ], [ [ -111.573349339741, 48.357226329405528 ], [ -111.559655202617819, 48.35605907634384 ], [ -111.573349354745446, 48.357226391063449 ], [ -111.573349339741, 48.357226329405528 ] ], [ [ -111.54637825759346, 48.354463626946917 ], [ -111.546793481652003, 48.354961464852686 ], [ -111.546793493604724, 48.354961465873281 ], [ -111.54637825759346, 48.354463626946917 ] ], [ [ -111.531319553521996, 48.336403927151487 ], [ -111.50378663742498, 48.34514640478011 ], [ -111.531319682602245, 48.336404082000499 ], [ -111.531319553521996, 48.336403927151487 ] ], [ [ -111.298618118442533, 48.355934434440371 ], [ -111.298618163897004, 48.35593447253698 ], [ -111.328593197183864, 48.352455989339411 ], [ -111.298618118442533, 48.355934434440371 ] ], [ [ -111.284653539293004, 48.344227900517403 ], [ -111.227122973396789, 48.348140431123738 ], [ -111.284653724205995, 48.344228055571513 ], [ -111.284653539293004, 48.344227900517403 ] ], [ [ -111.02436410325484, 48.237544830001447 ], [ -111.114214248161005, 48.286501018091315 ], [ -111.129492074309653, 48.298019829678942 ], [ -111.114214333500996, 48.286500845343113 ], [ -111.02436410325484, 48.237544830001447 ] ], [ [ -110.966082664575737, 48.134824103533525 ], [ -110.966135956727001, 48.135133495951081 ], [ -110.96613595850144, 48.135133497166876 ], [ -110.966082664575737, 48.134824103533525 ] ], [ [ -110.905807774733006, 48.045756420638767 ], [ -110.905807348034003, 48.045756336560842 ], [ -110.930201195152392, 48.065235525042475 ], [ -110.905807774733006, 48.045756420638767 ] ], [ [ -110.656268735908995, 48.033440428721796 ], [ -110.779665915837995, 48.021127616669908 ], [ -110.791329879904296, 48.020485368096374 ], [ -110.715225462069014, 48.014972196837192 ], [ -110.656268735908995, 48.033440428721796 ] ], [ [ -110.554806371281003, 47.98574416802537 ], [ -110.554807256122004, 47.985743994262414 ], [ -110.548179074843361, 47.943830273884721 ], [ -110.554806371281003, 47.98574416802537 ] ], [ [ -110.524039489289194, 47.945818973154473 ], [ -110.524041318589013, 47.945820349761711 ], [ -110.524042060723659, 47.945820288636355 ], [ -110.524039489289194, 47.945818973154473 ] ], [ [ -108.240393610639998, 48.380968850694401 ], [ -108.862335460235997, 48.514745732311006 ], [ -108.862672328467994, 47.906632699263731 ], [ -108.534980387549993, 47.929671390086696 ], [ -108.338914093637996, 47.854449206391791 ], [ -108.240393610639998, 48.380968850694401 ] ], [ [ -92.709692221948174, 35.073123283147495 ], [ -92.744703386873894, 35.138820240422021 ], [ -92.764265301265397, 35.132549391736127 ], [ -92.7447042420701, 35.138819878261245 ], [ -92.709692221948174, 35.073123283147495 ] ], [ [ -92.613840826362804, 35.079289911537913 ], [ -92.683323293821005, 35.074827504525928 ], [ -92.565807739073108, 35.107655400110254 ], [ -92.613840826362804, 35.079289911537913 ] ], [ [ -92.555435893465699, 35.113774968308057 ], [ -92.549053631256641, 35.094456550254925 ], [ -92.555435438827601, 35.113775236510172 ], [ -92.555435893465699, 35.113774968308057 ] ], [ [ -92.595614187475221, 35.008143439648258 ], [ -92.589758330288703, 34.979682171426674 ], [ -92.585373574702714, 34.976648257224717 ], [ -92.595614187475221, 35.008143439648258 ] ], [ [ -92.452368432291536, 34.909108659626398 ], [ -92.471350472814109, 34.943499864582137 ], [ -92.474099277045184, 34.943919492109167 ], [ -92.452368432291536, 34.909108659626398 ] ], [ [ -92.457092411090514, 34.857112595213586 ], [ -92.457382590020899, 34.853916255249615 ], [ -92.412833160585819, 34.822003784618083 ], [ -92.457092411090514, 34.857112595213586 ] ], [ [ -92.385279752120908, 34.816770117758821 ], [ -92.373801090198199, 34.798256916975888 ], [ -92.36658080999463, 34.796924287398525 ], [ -92.385279752120908, 34.816770117758821 ] ], [ [ -92.313859994057196, 34.786240288710218 ], [ -92.315778483783077, 34.786553423797656 ], [ -92.291793480955747, 34.758985191532219 ], [ -92.313859994057196, 34.786240288710218 ] ], [ [ -92.210010019337005, 34.742592480016235 ], [ -92.283439659785856, 34.756138507777571 ], [ -92.267102444109412, 34.750569012992848 ], [ -92.210010019337005, 34.742592480016235 ] ], [ [ -92.248074199064703, 33.903874527443605 ], [ -92.257217598110614, 33.933356522496346 ], [ -92.218871918001113, 33.883188625533698 ], [ -92.248074199064703, 33.903874527443605 ] ], [ [ -92.190492843558872, 33.86977400613732 ], [ -92.169924290873084, 33.866220023159741 ], [ -92.169924489269903, 33.866220263945692 ], [ -92.190492843558872, 33.86977400613732 ] ], [ [ -92.137807344404607, 33.827217361383973 ], [ -92.137806927695294, 33.827216855006029 ], [ -92.124370894953159, 33.83547773897201 ], [ -92.137807344404607, 33.827217361383973 ] ], [ [ -92.118463799341782, 33.839108191634182 ], [ -92.111140306665149, 33.827719417627677 ], [ -92.1184632396794, 33.839108535567028 ], [ -92.118463799341782, 33.839108191634182 ] ], [ [ -92.072921698712193, 33.801230423168526 ], [ -92.088554472475607, 33.8059956253745 ], [ -92.088554546455299, 33.805995576701356 ], [ -92.072921698712193, 33.801230423168526 ] ], [ [ -92.061600325962402, 33.775231278780396 ], [ -92.070164219732078, 33.794899744217531 ], [ -92.067015540980748, 33.769542537063828 ], [ -92.061600325962402, 33.775231278780396 ] ], [ [ -92.057639025952298, 33.735965462557346 ], [ -92.038172533745396, 33.723383383916115 ], [ -92.038129768306391, 33.704451172790108 ], [ -92.038171867195501, 33.72338315379281 ], [ -92.057637928210994, 33.735965485715717 ], [ -92.056863726861494, 33.763405880130911 ], [ -92.069000353824364, 33.767457046813114 ], [ -92.057639025952298, 33.735965462557346 ] ], [ [ -92.003567253396895, 33.652574015942257 ], [ -92.003567183212994, 33.652573545975841 ], [ -91.978115841554043, 33.65508528978075 ], [ -92.003567253396895, 33.652574015942257 ] ], [ [ -91.965566577337057, 33.65632162149975 ], [ -91.965566200906494, 33.656321658563897 ], [ -91.965469620216766, 33.656376648147578 ], [ -91.965566577337057, 33.65632162149975 ] ], [ [ -91.3902990056325, 33.980999412412174 ], [ -91.390137473976338, 33.981089782046226 ], [ -91.434728614614102, 34.023362802697882 ], [ -91.3902990056325, 33.980999412412174 ] ], [ [ -91.340413213205011, 34.005228040260278 ], [ -91.334810507241656, 34.005058517957075 ], [ -91.33747590960391, 34.006809268654436 ], [ -91.340413213205011, 34.005228040260278 ] ], [ [ -91.256474759925453, 33.958977333530505 ], [ -91.214957545543797, 33.973271003672423 ], [ -91.230847938927695, 33.97831726995863 ], [ -91.256474759925453, 33.958977333530505 ] ], [ [ -91.169240106376876, 33.957856466231 ], [ -91.161672779305661, 33.950614467711119 ], [ -91.168380958074195, 33.957913206090609 ], [ -91.169240106376876, 33.957856466231 ] ], [ [ -91.134366167913413, 33.920885076920385 ], [ -91.144505176243129, 33.897115079026641 ], [ -91.130330136337506, 33.916488383186802 ], [ -91.134366167913413, 33.920885076920385 ] ], [ [ -91.149003735972954, 33.886563451868838 ], [ -91.150405716849704, 33.883274377949824 ], [ -91.126201036488808, 33.863350353109638 ], [ -91.149003735972954, 33.886563451868838 ] ], [ [ -91.143025243815302, 33.841203465049595 ], [ -91.134241624930269, 33.852762809504405 ], [ -91.125589403484909, 33.834781784444239 ], [ -91.143025243815302, 33.841203465049595 ] ], [ [ -91.115988998153796, 33.831244324933714 ], [ -91.119434051641505, 33.810660660477723 ], [ -91.115988999004401, 33.809191884502695 ], [ -91.115988998153796, 33.831244324933714 ] ], [ [ -91.105408998444986, 33.804680164346578 ], [ -91.087860530930286, 33.797193476605763 ], [ -91.086635419757897, 33.798866830729892 ], [ -91.105408998444986, 33.804680164346578 ] ], [ [ -91.107317999094093, 33.770619000320629 ], [ -91.053885999382103, 33.77870099984063 ], [ -91.10735460645634, 33.770635830714745 ], [ -91.107317999094093, 33.770619000320629 ] ], [ [ -91.027249862449906, 33.763903322555919 ], [ -91.02566126323147, 33.764211459458487 ], [ -91.053885999382103, 33.77870099984063 ], [ -91.027249862449906, 33.763903322555919 ] ], [ [ -91.145792867865694, 33.728924283135498 ], [ -91.134549271432405, 33.778016359246024 ], [ -91.138256002632005, 33.779021742550619 ], [ -91.145792867865694, 33.728924283135498 ] ], [ [ -91.121315648944659, 33.708534330839576 ], [ -91.117392630158307, 33.705264864684892 ], [ -91.116972324122543, 33.70533479113837 ], [ -91.121315648944659, 33.708534330839576 ] ], [ [ -91.059890999901199, 33.714815999549373 ], [ -91.059895846038074, 33.71481518026679 ], [ -91.059883887650628, 33.714807397569182 ], [ -91.059890999901199, 33.714815999549373 ] ], [ [ -91.03190096681152, 33.680944372713313 ], [ -91.086598290546064, 33.657283732961609 ], [ -91.030883999626695, 33.679712999560479 ], [ -91.03190096681152, 33.680944372713313 ] ], [ [ -91.1555274203495, 33.701062338304197 ], [ -91.086615000153103, 33.657276999996689 ], [ -91.086614698380586, 33.657277121592841 ], [ -91.1555274203495, 33.701062338304197 ] ], [ [ -91.161331140595991, 33.707200958021772 ], [ -91.161331476492805, 33.707201313263482 ], [ -91.196083422179285, 33.69663550771287 ], [ -91.161331140595991, 33.707200958021772 ] ], [ [ -91.157946488266589, 33.634223606862307 ], [ -91.130445156981637, 33.60603383052063 ], [ -91.1304449994213, 33.606033999701502 ], [ -91.157946488266589, 33.634223606862307 ] ], [ [ -91.152148000241596, 33.582721000120301 ], [ -91.130763954557551, 33.605691518792845 ], [ -91.204897489269655, 33.568003667662374 ], [ -91.152148000241596, 33.582721000120301 ] ], [ [ -91.231417921586541, 33.560592793943371 ], [ -91.231418034959802, 33.560592762246138 ], [ -91.230210796882858, 33.557460501386323 ], [ -91.231417921586541, 33.560592793943371 ] ], [ [ -91.235192131068487, 33.440438931029981 ], [ -91.182564999779302, 33.501061000109935 ], [ -91.192148025711575, 33.509406836968871 ], [ -91.182565404021204, 33.501061139439408 ], [ -91.235192131068487, 33.440438931029981 ] ], [ [ -91.177292293303395, 33.443637992629036 ], [ -91.177293000277501, 33.443638000124807 ], [ -91.20680667311764, 33.433846108324516 ], [ -91.177292293303395, 33.443637992629036 ] ], [ [ -91.135698000453104, 33.480679999894129 ], [ -91.142213547883841, 33.483801553330714 ], [ -91.134124974672062, 33.478295661195524 ], [ -91.135698000453104, 33.480679999894129 ] ], [ [ -91.209220664289205, 33.40628964256581 ], [ -91.200048999985597, 33.418137000044524 ], [ -91.134543385160569, 33.42959775625544 ], [ -91.200048865238301, 33.418137290966911 ], [ -91.209220664289205, 33.40628964256581 ] ], [ [ -91.086497321749206, 33.451575678976994 ], [ -91.086497999977297, 33.45157599976784 ], [ -91.111026209619482, 33.401581500328312 ], [ -91.086497321749206, 33.451575678976994 ] ], [ [ -91.059828686219262, 33.450257034022037 ], [ -91.063509037098413, 33.434262156913199 ], [ -91.059828000151995, 33.450257000011455 ], [ -91.059828686219262, 33.450257034022037 ] ], [ [ -91.100100007717487, 33.238124013858027 ], [ -91.141691000378302, 33.300355000502002 ], [ -91.141985869872585, 33.333673573637618 ], [ -91.141692058593705, 33.300354895387819 ], [ -91.100100007717487, 33.238124013858027 ] ], [ [ -91.07853000000101, 33.283305999633484 ], [ -91.099677301762696, 33.239009976862761 ], [ -91.067512473639752, 33.284194932674723 ], [ -91.07853000000101, 33.283305999633484 ] ], [ [ -91.043696000380905, 33.271783000119619 ], [ -91.048533939722276, 33.279387845910513 ], [ -91.055555385003132, 33.252253369512488 ], [ -91.043696000380905, 33.271783000119619 ] ], [ [ -91.091710999927798, 33.220812999614708 ], [ -91.083483108070993, 33.223354318360585 ], [ -91.091227807175571, 33.149337965548206 ], [ -91.091710999927798, 33.220812999614708 ] ], [ [ -91.091153001842059, 33.138260316214357 ], [ -91.107890806907022, 33.134477348098301 ], [ -91.091152999710999, 33.138260000585717 ], [ -91.091153001842059, 33.138260316214357 ] ], [ [ -91.131658999764198, 33.129100999693208 ], [ -91.183661348667798, 33.141691293245444 ], [ -91.183661738190821, 33.141690937129511 ], [ -91.131658999764198, 33.129100999693208 ] ], [ [ -91.120318892196295, 33.055323220469944 ], [ -91.200166999986394, 33.106929999625585 ], [ -91.19090150402269, 33.135071267234352 ], [ -91.200167892013496, 33.106930010912855 ], [ -91.120318892196295, 33.055323220469944 ] ], [ [ -91.213972752142197, 32.927197452521533 ], [ -91.213972000252298, 32.92719699936049 ], [ -91.181179616253559, 32.985991911807083 ], [ -91.213972752142197, 32.927197452521533 ] ], [ [ -91.170126829102145, 32.903919901997114 ], [ -91.151690307706005, 32.90193539958976 ], [ -91.149848940920933, 32.904072668197941 ], [ -91.170126829102145, 32.903919901997114 ] ], [ [ -91.136426517871016, 32.919647436106821 ], [ -91.131617452682306, 32.925225690076608 ], [ -91.131698505574946, 32.926358122351616 ], [ -91.136426517871016, 32.919647436106821 ] ], [ [ -91.135508471692546, 32.979550329813804 ], [ -91.135516137335159, 32.979657275846748 ], [ -91.135516998906496, 32.979656999390485 ], [ -91.135508471692546, 32.979550329813804 ] ], [ [ -91.067252227098919, 32.910504983159434 ], [ -91.086801999750904, 32.976265999881051 ], [ -91.106581288609846, 32.988936908242955 ], [ -91.067252227098919, 32.910504983159434 ] ], [ [ -91.105643065244578, 32.858391803193435 ], [ -91.0706020002077, 32.888657999975102 ], [ -91.069502491116722, 32.895830341858399 ], [ -91.105643065244578, 32.858391803193435 ] ], [ [ -91.144200645435461, 32.843185563308303 ], [ -91.145002350415695, 32.842869184708761 ], [ -91.147415531066542, 32.838468496406286 ], [ -91.144200645435461, 32.843185563308303 ] ], [ [ -91.158348617838172, 32.818523719870186 ], [ -91.161668344724305, 32.812465361841461 ], [ -91.165089084142735, 32.762293678754254 ], [ -91.158348617838172, 32.818523719870186 ] ], [ [ -91.165579344441269, 32.755097537383371 ], [ -91.165695042985405, 32.75339908773757 ], [ -91.164307883287563, 32.752972724695631 ], [ -91.165579344441269, 32.755097537383371 ] ], [ [ -91.119705267587548, 32.73925187211227 ], [ -91.065187141496679, 32.722450157450687 ], [ -91.090572999752794, 32.736099999383129 ], [ -91.119705267587548, 32.73925187211227 ] ], [ [ -91.056551662459455, 32.717804476621211 ], [ -91.074382191236069, 32.70370971289563 ], [ -91.055325999680903, 32.717144999431298 ], [ -91.056551662459455, 32.717804476621211 ] ], [ [ -91.132495844733469, 32.657715357863502 ], [ -91.149752192480506, 32.644041090581112 ], [ -91.151445931795337, 32.62934188035981 ], [ -91.132495844733469, 32.657715357863502 ] ], [ [ -91.152204218952932, 32.622759159909812 ], [ -91.152485316732395, 32.620318643026131 ], [ -91.150301827040707, 32.61794296841493 ], [ -91.152204218952932, 32.622759159909812 ] ], [ [ -91.049802000284004, 32.6071850004342 ], [ -91.109796534314796, 32.588013047137714 ], [ -91.049799005371256, 32.607189911616956 ], [ -91.049802000284004, 32.6071850004342 ] ], [ [ -91.030628472281705, 32.638611709100147 ], [ -91.017741488596727, 32.64008683411204 ], [ -91.02576900048382, 32.646571999495961 ], [ -91.030628472281705, 32.638611709100147 ] ], [ [ -91.013671990361146, 32.636798572182357 ], [ -91.009823301371938, 32.613710818663371 ], [ -91.006820000762602, 32.631261000246994 ], [ -91.013671990361146, 32.636798572182357 ] ], [ [ -91.011851449460778, 32.601854357472497 ], [ -91.080407427854283, 32.556470278554364 ], [ -91.012178000478102, 32.599944999924695 ], [ -91.011851449460778, 32.601854357472497 ] ], [ [ -91.057706316893203, 32.533776726799509 ], [ -91.057705999787899, 32.533776999444292 ], [ -91.080411235699302, 32.556467755077435 ], [ -91.057706316893203, 32.533776726799509 ] ], [ [ -90.990289620469653, 32.489403088067306 ], [ -90.991504242408155, 32.488616673602621 ], [ -90.990088999868505, 32.48856100018812 ], [ -90.990289620469653, 32.489403088067306 ] ], [ [ -91.038105999963506, 32.490439999206316 ], [ -91.038102936054599, 32.490439879961343 ], [ -91.080603678480259, 32.535278962992187 ], [ -91.038105999963506, 32.490439999206316 ] ], [ [ -91.116707664754202, 32.500137608275175 ], [ -91.093742123637384, 32.549126716724416 ], [ -91.093742234515602, 32.549126833560578 ], [ -91.116707664754202, 32.500137608275175 ] ], [ [ -94.947313110642497, 35.400715300689193 ], [ -95.004053694782399, 35.414466956961817 ], [ -95.050589766403107, 35.45175857000276 ], [ -95.004054767370903, 35.4144666114057 ], [ -94.947313110642497, 35.400715300689193 ] ], [ [ -94.917883534166265, 35.393569992255124 ], [ -94.8373746121907, 35.340640686436821 ], [ -94.836901770966207, 35.340694587505162 ], [ -94.917883534166265, 35.393569992255124 ] ], [ [ -94.733237904425749, 35.352464031712273 ], [ -94.736166036588102, 35.353986755471091 ], [ -94.80745904228479, 35.344046996502037 ], [ -94.733237904425749, 35.352464031712273 ] ], [ [ -94.673555588495503, 35.299381364151721 ], [ -94.675844841964491, 35.30485267952524 ], [ -94.673541401969814, 35.299375068524085 ], [ -94.673555588495503, 35.299381364151721 ] ], [ [ -94.653671382376501, 35.291024470249809 ], [ -94.624246010316313, 35.297805628438745 ], [ -94.654065675076041, 35.291190227070167 ], [ -94.653671382376501, 35.291024470249809 ] ], [ [ -94.590221428996003, 35.330065686773374 ], [ -94.590222209642505, 35.330066087997935 ], [ -94.619319260203469, 35.302452249001227 ], [ -94.590221428996003, 35.330065686773374 ] ], [ [ -94.488973144031789, 35.366228970784789 ], [ -94.514945499874202, 35.310502154447043 ], [ -94.561951488694788, 35.315529698898992 ], [ -94.541146164099516, 35.304823602357807 ], [ -94.514944553049901, 35.31050221895579 ], [ -94.495345559338602, 35.33073838347908 ], [ -94.488973144031789, 35.366228970784789 ] ], [ [ -94.280161178882935, 35.34568073057131 ], [ -94.282787456332628, 35.344933292817913 ], [ -94.276159437063569, 35.34394920208706 ], [ -94.280161178882935, 35.34568073057131 ] ], [ [ -93.796277003190497, 33.562208392597384 ], [ -93.804344529961043, 33.540734570829684 ], [ -93.827386128603493, 33.568567058541895 ], [ -93.796277003190497, 33.562208392597384 ] ], [ [ -93.772430267440612, 33.524887360808023 ], [ -93.748468404269275, 33.534701995923704 ], [ -93.748468265816015, 33.534702479400785 ], [ -93.772430267440612, 33.524887360808023 ] ], [ [ -93.722859542853897, 33.481957410530086 ], [ -93.722860328879804, 33.481956990950863 ], [ -93.739120158915895, 33.458658010837496 ], [ -93.730703423538614, 33.441991833347807 ], [ -93.722859542853897, 33.481957410530086 ] ], [ [ -93.729078224629177, 33.438772333285385 ], [ -93.746422358146305, 33.431464417004896 ], [ -93.746422027953969, 33.431464100342609 ], [ -93.729078224629177, 33.438772333285385 ] ], [ [ -93.682224250976816, 33.294737676276192 ], [ -93.6654302467402, 33.330268821301203 ], [ -93.697669442899098, 33.315242837387913 ], [ -93.6916901818079, 33.276490912373575 ], [ -93.717797367036923, 33.289430700997393 ], [ -93.691690248283194, 33.276490716357166 ], [ -93.682224250976816, 33.294737676276192 ] ], [ [ -93.701989433015598, 33.25023108057011 ], [ -93.701989794959701, 33.250231508570359 ], [ -93.711820025212091, 33.243461722423987 ], [ -93.701989433015598, 33.25023108057011 ] ], [ [ -93.7178828761799, 33.202882212122994 ], [ -93.721404554980339, 33.212491747287842 ], [ -93.717883378459007, 33.202882261310421 ], [ -93.7178828761799, 33.202882212122994 ] ], [ [ -93.717909878673879, 33.202884856432988 ], [ -93.746829171900799, 33.205713460645427 ], [ -93.739724219085332, 33.193580534690909 ], [ -93.717909878673879, 33.202884856432988 ] ], [ [ -93.727809260069407, 33.173223523536429 ], [ -93.72780927583193, 33.173223550475228 ], [ -93.7278100318387, 33.173223824172872 ], [ -93.727809260069407, 33.173223523536429 ] ], [ [ -93.757833302388065, 33.180721471869823 ], [ -93.756880891847842, 33.183743189780678 ], [ -93.757875568998301, 33.184102933152907 ], [ -93.757833302388065, 33.180721471869823 ] ], [ [ -93.767615856096995, 33.149669662488471 ], [ -93.766862388712468, 33.152062270331506 ], [ -93.769868229594323, 33.150062691011129 ], [ -93.767615856096995, 33.149669662488471 ] ], [ [ -93.816274430520565, 33.15730088805735 ], [ -93.818157021529103, 33.157669541044896 ], [ -93.8191858907701, 33.131344469969086 ], [ -93.816274430520565, 33.15730088805735 ] ], [ [ -93.840140566658704, 33.148337827365438 ], [ -93.828649827961627, 33.139020758065421 ], [ -93.839254215589705, 33.148661143410116 ], [ -93.840140566658704, 33.148337827365438 ] ], [ [ -93.851617615873849, 33.13948745150936 ], [ -93.843404787164076, 33.147147047771213 ], [ -93.850698412746297, 33.14448587719113 ], [ -93.851617615873849, 33.13948745150936 ] ], [ [ -93.974125626006341, 33.579408000703097 ], [ -93.941536499840794, 33.547876268219277 ], [ -93.974125360983578, 33.579409110351357 ], [ -93.974125626006341, 33.579408000703097 ] ], [ [ -93.941536450823421, 33.547876487385054 ], [ -93.94153646048872, 33.547876496742475 ], [ -93.941536499840794, 33.547876268219277 ], [ -93.941536450823421, 33.547876487385054 ] ], [ [ -93.829897911327379, 33.602970352431953 ], [ -93.837117716852546, 33.604342147657754 ], [ -93.829896293696805, 33.602969971924907 ], [ -93.829897911327379, 33.602970352431953 ] ], [ [ -93.820451782463323, 33.612002644550188 ], [ -93.819520172321475, 33.609983892478795 ], [ -93.818845063478818, 33.613539039575457 ], [ -93.820451782463323, 33.612002644550188 ] ], [ [ -93.750175064855796, 33.019311329439404 ], [ -93.749883112388403, 33.019322627823328 ], [ -93.752636448734293, 33.019314154035534 ], [ -93.750175064855796, 33.019311329439404 ] ], [ [ -96.092330748842699, 48.265124266292759 ], [ -96.086424401444503, 48.280291106180407 ], [ -96.111792501810513, 48.253572347593298 ], [ -96.092330748842699, 48.265124266292759 ] ], [ [ -96.118894400733922, 48.226207934864249 ], [ -96.118965477852271, 48.22617650896003 ], [ -96.118894415087794, 48.226207741079719 ], [ -96.118894400733922, 48.226207934864249 ] ], [ [ -96.156972971406944, 48.209362930721277 ], [ -96.157308560441194, 48.209214394215039 ], [ -96.15716934677944, 48.206009825348445 ], [ -96.156972971406944, 48.209362930721277 ] ], [ [ -96.190036432029899, 48.169279449632398 ], [ -95.941694405309647, 47.946311043988359 ], [ -95.525307730230296, 47.912838809769084 ], [ -95.405999133816906, 47.804633352179252 ], [ -94.828148606998994, 47.807846947819321 ], [ -94.757103731176798, 47.897198337505209 ], [ -94.736152503468304, 48.201393700167323 ], [ -96.190036432029899, 48.169279449632398 ] ], [ [ -95.487156613948258, 47.546524957076272 ], [ -95.487105721312076, 47.546479867183969 ], [ -94.936333293827246, 47.63877538296088 ], [ -95.487156613948258, 47.546524957076272 ] ], [ [ -93.959168141757303, 48.459049277463478 ], [ -94.000173659007501, 48.479464477557194 ], [ -93.924524714799091, 48.460914809425233 ], [ -93.959168141757303, 48.459049277463478 ] ], [ [ -93.864447796625754, 48.464128447164462 ], [ -93.839686568447817, 48.449477162601454 ], [ -93.833837232281681, 48.45217396779293 ], [ -93.864447796625754, 48.464128447164462 ] ], [ [ -93.823567586879335, 48.456907666065639 ], [ -93.797548844257904, 48.468894682628786 ], [ -93.797026524909583, 48.476268045251757 ], [ -93.823567586879335, 48.456907666065639 ] ], [ [ -92.468342341317282, 48.287765880432595 ], [ -92.522292441870889, 48.268835892700054 ], [ -92.468620485479093, 48.286309055040846 ], [ -92.468342341317282, 48.287765880432595 ] ], [ [ -92.591219215519502, 48.255909379604439 ], [ -92.591218986449107, 48.255909400538101 ], [ -92.559271079227003, 48.273183386964106 ], [ -92.591219215519502, 48.255909379604439 ] ], [ [ -92.584717212166325, 48.241000253047879 ], [ -92.595728699540913, 48.241490845754434 ], [ -92.584717190628396, 48.241000203649016 ], [ -92.584717212166325, 48.241000253047879 ] ], [ [ -92.613684118697975, 48.215561919191678 ], [ -92.635242429792015, 48.243244093002311 ], [ -92.635242840358998, 48.243244111160891 ], [ -92.613684118697975, 48.215561919191678 ] ], [ [ -92.642624148315249, 48.211576705196791 ], [ -92.624006640913038, 48.20305731593357 ], [ -92.6426241847592, 48.211576756762952 ], [ -92.642624148315249, 48.211576705196791 ] ], [ [ -92.625672575427018, 48.187582342319743 ], [ -92.625496119526204, 48.187332482266179 ], [ -92.589394977610368, 48.187348945379348 ], [ -92.625672575427018, 48.187582342319743 ] ], [ [ -92.592459867978604, 48.172016612680906 ], [ -92.589374198995102, 48.18734880899499 ], [ -92.518188713579562, 48.120990634595614 ], [ -92.592459867978604, 48.172016612680906 ] ], [ [ -92.4639229262622, 48.040844421077523 ], [ -92.503813676654644, 48.111101932335387 ], [ -92.463922944008672, 48.040844398326087 ], [ -92.4639229262622, 48.040844421077523 ] ], [ [ -92.422435682051002, 47.979054893192959 ], [ -92.473736859942804, 48.02826022468075 ], [ -92.468502683358153, 48.034972517160142 ], [ -92.473736981215296, 48.028260268536215 ], [ -92.422435682051002, 47.979054893192959 ] ], [ [ -92.443899307130422, 47.972314425614364 ], [ -92.474879525967296, 47.962577449881437 ], [ -92.474879489058267, 47.962577355700979 ], [ -92.443899307130422, 47.972314425614364 ] ], [ [ -92.466795074685805, 47.941942900919585 ], [ -92.470704909303009, 47.951923513954036 ], [ -92.475116654933032, 47.930375127851946 ], [ -92.466795074685805, 47.941942900919585 ] ], [ [ -92.457800256278645, 47.90958620398434 ], [ -92.443525700359899, 47.903800581607584 ], [ -92.443525688691096, 47.903800639078433 ], [ -92.457800256278645, 47.90958620398434 ] ], [ [ -92.325698205228932, 47.843821164785787 ], [ -92.290445678870341, 47.837959936585499 ], [ -92.291343811292293, 47.840685436228057 ], [ -92.325698205228932, 47.843821164785787 ] ], [ [ -92.304068994780096, 47.817462201609203 ], [ -92.288176613010293, 47.831073237195831 ], [ -92.289775101717225, 47.835924847773427 ], [ -92.305991199529402, 47.822761713967736 ], [ -92.304068994780096, 47.817462201609203 ] ], [ [ -92.400231522811893, 47.778981119045973 ], [ -92.37380397565633, 47.788625186489519 ], [ -92.397650954880675, 47.76667160004996 ], [ -92.400231522811893, 47.778981119045973 ] ], [ [ -92.722887947342002, 47.727661290380169 ], [ -92.425397169690584, 47.721253606998076 ], [ -93.638989459246204, 47.752925158052214 ], [ -92.722887947342002, 47.727661290380169 ] ], [ [ -92.870520048450402, 47.494931445005214 ], [ -92.875456277461893, 47.487121702615234 ], [ -92.870520048450402, 47.462568492268055 ], [ -92.870520048450402, 47.494931445005214 ] ], [ [ -92.873802254444996, 47.380090787884498 ], [ -92.873801776541299, 47.380090808565903 ], [ -92.857542578919194, 47.397938937188393 ], [ -92.857542807312598, 47.397939494077917 ], [ -92.873802254444996, 47.380090787884498 ] ], [ [ -92.842452610715654, 47.326609112836245 ], [ -92.852104571651196, 47.297353413586109 ], [ -92.852104222776902, 47.297353273079516 ], [ -92.842452610715654, 47.326609112836245 ] ], [ [ -92.831675850696286, 47.281672458677711 ], [ -92.826237583045, 47.26009110565316 ], [ -92.826237308231399, 47.260091079541027 ], [ -92.831675850696286, 47.281672458677711 ] ], [ [ -92.81912605618426, 47.259415195854729 ], [ -92.810527235614174, 47.258597421479031 ], [ -92.810527080889997, 47.258597554397561 ], [ -92.81912605618426, 47.259415195854729 ] ], [ [ -92.8038459516942, 47.194919444053092 ], [ -92.774716123869084, 47.073802651633535 ], [ -92.778773837367098, 47.173816763840811 ], [ -92.803845826828393, 47.194919629007543 ], [ -92.798866487666402, 47.242612621172889 ], [ -92.810170259459781, 47.247553050058052 ], [ -92.8038459516942, 47.194919444053092 ] ], [ [ -92.775515246500774, 47.070713516806968 ], [ -92.801118600254583, 47.047458912833783 ], [ -92.776050521819798, 47.068644177547981 ], [ -92.775515246500774, 47.070713516806968 ] ], [ [ -92.787756921936307, 47.035746383296051 ], [ -92.793022299143331, 47.040356983407847 ], [ -92.796167327025231, 47.015683283425567 ], [ -92.787756921936307, 47.035746383296051 ] ], [ [ -92.909285053295903, 46.936366192487888 ], [ -92.908481833252438, 46.936691842662931 ], [ -92.932357240760538, 46.937326943516638 ], [ -92.909285053295903, 46.936366192487888 ] ], [ [ -93.048595337295225, 46.569870515682254 ], [ -93.113252557861429, 46.341712642743339 ], [ -93.113252395296485, 46.341712647953074 ], [ -93.048595337295225, 46.569870515682254 ] ], [ [ -93.638089021670524, 46.323880371466501 ], [ -94.290479191036994, 46.310731792611485 ], [ -94.298862102181801, 46.299545257877256 ], [ -94.319566983991606, 46.297700064136762 ], [ -93.638089021670524, 46.323880371466501 ] ], [ [ -94.341579228806893, 46.28040087120273 ], [ -94.339994334094342, 46.277917760369455 ], [ -94.319566983991606, 46.297700064136762 ], [ -94.341579228806893, 46.28040087120273 ] ], [ [ -94.361857113085478, 46.256730119481944 ], [ -94.394375875414397, 46.228702883787953 ], [ -94.394459136892777, 46.225105566835744 ], [ -94.361857113085478, 46.256730119481944 ] ], [ [ -94.394476676455582, 46.224347723943865 ], [ -94.394822879794702, 46.209385887386176 ], [ -94.365920891678599, 46.17913488929748 ], [ -94.394476676455582, 46.224347723943865 ] ], [ [ -94.378343593131405, 46.134763424136331 ], [ -94.332111429291032, 46.094651849689569 ], [ -94.332022809922094, 46.09648089305319 ], [ -94.378343593131405, 46.134763424136331 ] ], [ [ -94.359103353306907, 45.988260710418018 ], [ -94.388135415679599, 45.955225451188618 ], [ -94.389006292099822, 45.944799938971187 ], [ -94.359103353306907, 45.988260710418018 ] ], [ [ -94.389361014659571, 45.940552599919286 ], [ -94.390041019078296, 45.932409054230362 ], [ -94.374639150081407, 45.907424752747851 ], [ -94.389361014659571, 45.940552599919286 ] ], [ [ -94.352688832448678, 45.85797234761646 ], [ -94.350912558601607, 45.829224572225705 ], [ -94.342739981654603, 45.835535131844232 ], [ -94.352688832448678, 45.85797234761646 ] ], [ [ -94.32361355115863, 45.799288008720573 ], [ -94.350341753257439, 45.819981674561191 ], [ -94.327852056025506, 45.798471135662489 ], [ -94.32361355115863, 45.799288008720573 ] ], [ [ -94.272903977693403, 45.77616693893507 ], [ -94.260085284490302, 45.742910739500509 ], [ -94.257852113395259, 45.742071048196841 ], [ -94.272903977693403, 45.77616693893507 ] ], [ [ -94.182514801204206, 45.679407980498297 ], [ -94.203502530367501, 45.679505036658611 ], [ -94.184822174946305, 45.67802530280769 ], [ -94.182514801204206, 45.679407980498297 ] ], [ [ -94.196921312486012, 45.670773478918314 ], [ -94.203685583456306, 45.619630390017115 ], [ -94.203059861954031, 45.618921513242526 ], [ -94.196921312486012, 45.670773478918314 ] ], [ [ -94.171332752210503, 45.588079828245043 ], [ -94.198556187418447, 45.613818831844284 ], [ -94.1458966611916, 45.554091322357827 ], [ -94.171332752210503, 45.588079828245043 ] ], [ [ -94.154400386959679, 45.583095818030536 ], [ -94.149529603609096, 45.581661593596024 ], [ -93.791947825105311, 45.501666200789806 ], [ -94.154400386959679, 45.583095818030536 ] ], [ [ -91.220935092649498, 44.053177992001153 ], [ -91.265881073486696, 44.072202990689831 ], [ -91.266419756402072, 44.071851694646334 ], [ -91.220935092649498, 44.053177992001153 ] ], [ [ -91.344311416355652, 44.017515567505285 ], [ -91.344696828369095, 44.017019802233413 ], [ -91.344524828584511, 44.016693406084343 ], [ -91.344311416355652, 44.017515567505285 ] ], [ [ -91.246433139635741, 43.775860376821463 ], [ -91.279067993311202, 43.84074020334436 ], [ -91.423132506624356, 43.985902153124293 ], [ -91.301821014205899, 43.862050225724992 ], [ -91.246433139635741, 43.775860376821463 ] ], [ [ -91.233301696295769, 43.586145139719157 ], [ -91.241714478033998, 43.544750213680594 ], [ -91.231758117363398, 43.584449767706346 ], [ -91.233301696295769, 43.586145139719157 ] ], [ [ -91.219162783517447, 43.509701225998349 ], [ -91.217613220645205, 43.515911101951041 ], [ -91.241714478033998, 43.544750213680594 ], [ -91.219162783517447, 43.509701225998349 ] ], [ [ -91.230003763042845, 43.455019150222284 ], [ -91.231361342571674, 43.452589235225446 ], [ -91.220519403396239, 43.438645573379638 ], [ -91.230003763042845, 43.455019150222284 ] ], [ [ -91.199005127082799, 43.401473998891781 ], [ -91.202545594373078, 43.406024943827425 ], [ -91.199213965605452, 43.400986486461768 ], [ -91.199005127082799, 43.401473998891781 ] ], [ [ -91.206619999320907, 43.352523999748293 ], [ -91.077666459363897, 43.278715662921847 ], [ -91.100387573932196, 43.311779022377621 ], [ -91.203468322130306, 43.352718353204715 ], [ -91.20715022012368, 43.382455021292124 ], [ -91.206619999320907, 43.352523999748293 ] ], [ [ -92.466478119265929, 42.724871905350895 ], [ -94.078318977837199, 42.392862507248708 ], [ -92.467542069791278, 42.721135758228854 ], [ -92.466478119265929, 42.724871905350895 ] ], [ [ -92.169136629517524, 42.779449426906545 ], [ -92.082565792866404, 42.796221874437201 ], [ -91.618828430863303, 42.890318095800502 ], [ -92.169136629517524, 42.779449426906545 ] ], [ [ -91.904016351449101, 41.818312530368672 ], [ -92.286682079555035, 40.603777580018303 ], [ -92.284754062164922, 40.603815910697435 ], [ -91.904016351449101, 41.818312530368672 ] ], [ [ -91.613074868792197, 41.497587463681128 ], [ -91.377615549734813, 41.814869107813713 ], [ -92.282530451346261, 40.603860081596835 ], [ -91.613074868792197, 41.497587463681128 ] ], [ [ -91.729115000739895, 40.613639999953762 ], [ -91.485255000064797, 40.384657000195467 ], [ -91.372921000772394, 40.399107999580693 ], [ -91.340493542237454, 40.61279311383305 ], [ -91.729115000739895, 40.613639999953762 ] ], [ [ -91.45986835850492, 40.344321667992212 ], [ -91.462140000331502, 40.342413999931793 ], [ -91.462946283291259, 40.340776286755926 ], [ -91.45986835850492, 40.344321667992212 ] ], [ [ -91.466387615327761, 40.333785406455156 ], [ -91.489867999965696, 40.286047999997599 ], [ -91.493816209665667, 40.267782928888472 ], [ -91.466387615327761, 40.333785406455156 ] ], [ [ -91.512812441306068, 40.179773495958862 ], [ -91.513078999958495, 40.178537000091843 ], [ -91.494877999526693, 40.036453000244244 ], [ -91.512812441306068, 40.179773495958862 ] ], [ [ -91.450289713688562, 39.84844550904635 ], [ -91.450493539988244, 39.848195742495491 ], [ -91.450336439332105, 39.848108370484582 ], [ -91.450289713688562, 39.84844550904635 ] ], [ [ -91.455875854767058, 39.851188888406092 ], [ -91.462219035008502, 39.85528516912413 ], [ -91.462554537261369, 39.854902292543777 ], [ -91.455875854767058, 39.851188888406092 ] ], [ [ -91.492332236893603, 39.843191247070891 ], [ -91.498976427514734, 39.824264267882718 ], [ -91.494681653856702, 39.824892441033867 ], [ -91.492332236893603, 39.843191247070891 ] ], [ [ -91.513809005456409, 39.822093574344521 ], [ -91.536459550673001, 39.82132071303981 ], [ -91.544050921588791, 39.817661950719639 ], [ -91.513809005456409, 39.822093574344521 ] ], [ [ -91.556692240782553, 39.811567466260257 ], [ -91.580002106226829, 39.800323581386444 ], [ -91.565943144935005, 39.801661317833585 ], [ -91.556692240782553, 39.811567466260257 ] ], [ [ -92.018688445721153, 38.566938746438652 ], [ -92.079671778550406, 38.557962367160002 ], [ -92.022292717125694, 38.565527125198209 ], [ -92.018688445721153, 38.566938746438652 ] ], [ [ -92.16509757133278, 38.579672142305142 ], [ -92.201976070485102, 38.603496467183774 ], [ -92.166322517170101, 38.579982921730938 ], [ -92.16509757133278, 38.579672142305142 ] ], [ [ -92.292932108173105, 38.666742960075375 ], [ -92.359921693132634, 38.682443265107018 ], [ -92.360473288485906, 38.681340360358696 ], [ -92.292932108173105, 38.666742960075375 ] ], [ [ -93.176137160896474, 39.410564792495968 ], [ -93.177444030553815, 39.411706870856001 ], [ -93.187014885518337, 39.407622505402323 ], [ -93.176137160896474, 39.410564792495968 ] ], [ [ -93.198786037569462, 39.402597530220795 ], [ -93.200701025187499, 39.401779872775677 ], [ -93.189562031547098, 39.37037587825121 ], [ -93.198786037569462, 39.402597530220795 ] ], [ [ -93.384496545100902, 39.229128736734538 ], [ -93.413814981521099, 39.233379913961798 ], [ -93.387060421481607, 39.227971918907294 ], [ -93.384496545100902, 39.229128736734538 ] ], [ [ -93.407293459406461, 39.264355260795668 ], [ -93.407135981332502, 39.265102907599996 ], [ -93.444223970781493, 39.26851790832729 ], [ -93.407293459406461, 39.264355260795668 ] ], [ [ -93.250551999715398, 40.580939000106277 ], [ -92.611438413737005, 40.596902330598688 ], [ -94.258023287476149, 40.575319369222562 ], [ -93.250551999715398, 40.580939000106277 ] ], [ [ -94.240900800227791, 39.230154837326594 ], [ -94.245258755117604, 39.232967959796518 ], [ -94.290777743426801, 39.236907961978616 ], [ -94.240900800227791, 39.230154837326594 ] ], [ [ -96.242706061204601, 43.292561370208666 ], [ -96.243268491354499, 43.287910419127606 ], [ -96.233708059152534, 43.298859362556854 ], [ -96.242706061204601, 43.292561370208666 ] ], [ [ -95.960905345297107, 43.243511557870825 ], [ -95.993088164271896, 43.239229493215696 ], [ -95.992941136824598, 43.239114427723877 ], [ -95.960905345297107, 43.243511557870825 ] ], [ [ -95.651770140358906, 43.500389492943832 ], [ -95.69146892961605, 43.499924342476163 ], [ -95.653208862079296, 43.497885677658708 ], [ -95.651770140358906, 43.500389492943832 ] ], [ [ -95.325003726551557, 43.563048368296904 ], [ -95.465233109403897, 43.671378552314344 ], [ -95.329283340168416, 43.565736691157866 ], [ -95.325003726551557, 43.563048368296904 ] ], [ [ -95.142498869928104, 43.436695979994319 ], [ -95.191582408148918, 43.472520662615516 ], [ -95.16279013397569, 43.448925626898372 ], [ -95.142498869928104, 43.436695979994319 ] ], [ [ -94.474501007468504, 42.791838818670215 ], [ -94.549088618683996, 42.803075068647495 ], [ -94.455729071927792, 42.781941103933491 ], [ -94.474501007468504, 42.791838818670215 ] ], [ [ -94.217831878851413, 42.656039064938646 ], [ -95.098036327299781, 42.453124702929571 ], [ -94.186883641705805, 42.660462463873074 ], [ -94.217831878851413, 42.656039064938646 ] ], [ [ -94.2270653059241, 42.593902809003581 ], [ -94.186505042237712, 42.660859862237778 ], [ -94.191835638845518, 42.67529699567973 ], [ -94.186883641705805, 42.660462463873074 ], [ -94.2270653059241, 42.593902809003581 ] ], [ [ -94.4115187655444, 42.786209192068767 ], [ -94.408596965060369, 42.787311000368291 ], [ -94.414462488517799, 42.788485638852109 ], [ -94.4115187655444, 42.786209192068767 ] ], [ [ -94.444512154876605, 42.81171178947401 ], [ -94.422259982815802, 42.794514607505214 ], [ -94.458201235276562, 42.835690938564056 ], [ -94.444512154876605, 42.81171178947401 ] ], [ [ -94.4610269438583, 42.840638586505385 ], [ -94.460230025907251, 42.83924330470343 ], [ -94.442892144771307, 42.891847644129669 ], [ -94.4610269438583, 42.840638586505385 ] ], [ [ -96.601391587121597, 41.440803211085942 ], [ -96.620638443451952, 41.437665549922521 ], [ -96.566753194153435, 41.43487680099696 ], [ -96.601391587121597, 41.440803211085942 ] ], [ [ -96.557014238193716, 41.433208668761125 ], [ -96.426330486166592, 41.359925575103198 ], [ -96.467676961821695, 41.389828610919899 ], [ -96.557014238193716, 41.433208668761125 ] ], [ [ -96.412783047409604, 41.350119412499076 ], [ -96.422948760998779, 41.357478132194963 ], [ -96.400745788790815, 41.308885752351173 ], [ -96.412783047409604, 41.350119412499076 ] ], [ [ -96.335100190977698, 41.078803604583726 ], [ -96.336357213932828, 41.085969675291629 ], [ -96.338492831553793, 41.083348383349062 ], [ -96.335100190977698, 41.078803604583726 ] ], [ [ -96.246376130094504, 41.016165656650429 ], [ -96.296283397520781, 41.026757877298813 ], [ -96.294742648496893, 41.024690256935614 ], [ -96.246376130094504, 41.016165656650429 ] ], [ [ -96.172067730136845, 41.006924822710005 ], [ -96.219011446612384, 40.997326882296321 ], [ -96.215801787041499, 40.995116221368903 ], [ -96.172067730136845, 41.006924822710005 ] ], [ [ -96.102945099407805, 41.051621240572338 ], [ -96.162932342976163, 41.009389086054433 ], [ -96.160943554610796, 41.009925451317329 ], [ -96.102945099407805, 41.051621240572338 ] ], [ [ -95.880451392062028, 41.057442803848438 ], [ -95.881222821268395, 41.056062085384916 ], [ -95.859654000005506, 41.035695000565781 ], [ -95.880451392062028, 41.057442803848438 ] ], [ [ -95.855205532998966, 41.183942334965835 ], [ -95.843566663972311, 41.176685485920245 ], [ -95.842188001139107, 41.177420999556006 ], [ -95.855205532998966, 41.183942334965835 ] ], [ [ -95.916118999577506, 41.185278999624835 ], [ -95.863096823816335, 41.187894387015909 ], [ -95.863797000451399, 41.18824499956483 ], [ -95.916118999577506, 41.185278999624835 ] ], [ [ -95.92665676646817, 41.198424893846841 ], [ -95.927250000008499, 41.197086000034965 ], [ -95.916118999577506, 41.185278999624835 ], [ -95.92665676646817, 41.198424893846841 ] ], [ [ -95.874118745028596, 41.294594590757391 ], [ -95.902839999741403, 41.274374000369512 ], [ -95.876050999192202, 41.28573900029852 ], [ -95.874118745028596, 41.294594590757391 ] ], [ [ -95.878398646219495, 41.308992128956035 ], [ -95.872980770696699, 41.299808948203669 ], [ -95.872268999319616, 41.30306999991879 ], [ -95.878398646219495, 41.308992128956035 ] ], [ [ -95.925834999824104, 41.321580000417711 ], [ -95.889250999385595, 41.319473999879015 ], [ -95.927622996874902, 41.322969936959993 ], [ -95.925834999824104, 41.321580000417711 ] ], [ [ -96.106564999185693, 41.8196129995588 ], [ -96.071750599240403, 41.79815643643601 ], [ -96.071664378780369, 41.798556124386501 ], [ -96.106564999185693, 41.8196129995588 ] ], [ [ -96.130830242285015, 41.971817343893711 ], [ -96.144583000973498, 41.941544000297348 ], [ -96.129504999915198, 41.971673000428105 ], [ -96.130830242285015, 41.971817343893711 ] ], [ [ -96.18484661461234, 42.003511139423381 ], [ -96.187218999990193, 41.97794600021161 ], [ -96.184002000007098, 42.003062999744238 ], [ -96.18484661461234, 42.003511139423381 ] ], [ [ -96.196593006324221, 42.008068144347867 ], [ -96.190389510395974, 42.006451841988742 ], [ -96.194555999954702, 42.008661999558889 ], [ -96.196593006324221, 42.008068144347867 ] ], [ [ -96.228349000382494, 41.994256999876391 ], [ -96.211499935788268, 42.003721005947476 ], [ -96.230873405808921, 41.998067996039204 ], [ -96.228349000382494, 41.994256999876391 ] ], [ [ -96.269484852856621, 42.113646757116094 ], [ -96.269459000683398, 42.114215999909398 ], [ -96.272592742884939, 42.115607543129663 ], [ -96.269484852856621, 42.113646757116094 ] ], [ [ -96.330349706722046, 42.152013991806228 ], [ -96.342505391890938, 42.163762375886058 ], [ -96.341570999604599, 42.159080000628357 ], [ -96.330349706722046, 42.152013991806228 ] ], [ [ -96.593580389874802, 42.213789662951001 ], [ -96.353857585667868, 42.187026572589176 ], [ -96.324116565956345, 42.231776778694332 ], [ -96.593580389874802, 42.213789662951001 ] ], [ [ -96.327153495056521, 42.246355821075959 ], [ -96.328896999841007, 42.254723000254323 ], [ -96.330158422664198, 42.255787781311973 ], [ -96.327153495056521, 42.246355821075959 ] ], [ [ -96.347832918983599, 42.270702458788755 ], [ -96.356946455135699, 42.278389617951063 ], [ -96.3561023713211, 42.276353731780077 ], [ -96.347832918983599, 42.270702458788755 ] ], [ [ -96.605167696899727, 42.05752693652645 ], [ -96.60436955695512, 42.05698802586258 ], [ -96.604385247958817, 42.057143049474277 ], [ -96.605167696899727, 42.05752693652645 ] ], [ [ -96.602211247979227, 42.039648552341653 ], [ -96.602213517758798, 42.03958144961139 ], [ -96.601431650952946, 42.039150072075678 ], [ -96.602211247979227, 42.039648552341653 ] ], [ [ -96.560156396843084, 42.016363402452725 ], [ -96.548705329331142, 42.010036793901627 ], [ -96.239563937597097, 42.011184327980047 ], [ -96.560156396843084, 42.016363402452725 ] ], [ [ -96.234202541393913, 42.003093177130147 ], [ -96.228763076007269, 42.018949071900387 ], [ -96.239563937597097, 42.011184327980047 ], [ -96.234202541393913, 42.003093177130147 ] ], [ [ -96.225689705444509, 42.027904713455165 ], [ -96.223821999796996, 42.033345999599611 ], [ -96.228312787954764, 42.034531892365941 ], [ -96.225689705444509, 42.027904713455165 ] ], [ [ -96.266513541190434, 42.044611787101687 ], [ -96.271939739484282, 42.046042436938848 ], [ -96.271968999588395, 42.045390000425577 ], [ -96.266513541190434, 42.044611787101687 ] ], [ [ -96.417785999687212, 42.351448999957022 ], [ -96.374799605699408, 42.316612769626623 ], [ -96.375307000131002, 42.318339000626956 ], [ -96.417785999687212, 42.351448999957022 ] ], [ [ -96.391758967343421, 42.478804546129552 ], [ -96.380705000029508, 42.446392999884111 ], [ -96.386002999470506, 42.474495999753053 ], [ -96.391758967343421, 42.478804546129552 ] ], [ [ -96.429218582949318, 42.487794305088535 ], [ -96.396029685290628, 42.482000836314938 ], [ -96.401961999887604, 42.486440000530443 ], [ -96.429218582949318, 42.487794305088535 ] ], [ [ -95.131011587118138, 42.401499349257406 ], [ -95.130635554175726, 42.415660830994824 ], [ -95.133723857636497, 42.412109250374378 ], [ -95.131011587118138, 42.401499349257406 ] ], [ [ -95.039392467642102, 42.249265023934143 ], [ -95.122822288674655, 42.369445222301287 ], [ -95.119464460753804, 42.356293880782403 ], [ -95.039392467642102, 42.249265023934143 ] ], [ [ -96.859062316619202, 41.457223357764335 ], [ -96.913670802853005, 41.456124910156127 ], [ -96.792222668440999, 41.445270154616907 ], [ -96.859062316619202, 41.457223357764335 ] ], [ [ -95.774704000390798, 40.573574000170481 ], [ -95.766920000537496, 40.531562999248536 ], [ -95.763541387341618, 40.530983877763276 ], [ -95.774704000390798, 40.573574000170481 ] ], [ [ -95.378620817780103, 44.70327017130446 ], [ -95.314954836652305, 44.692427167623201 ], [ -95.388143307878735, 44.711201339258409 ], [ -95.378620817780103, 44.70327017130446 ] ], [ [ -95.409018430920028, 44.72857957966648 ], [ -95.398247910378842, 44.719614715989252 ], [ -95.398318809428901, 44.724602168924662 ], [ -95.409018430920028, 44.72857957966648 ] ], [ [ -95.4577007896455, 44.740718170165273 ], [ -95.412865695948597, 44.751979896877032 ], [ -95.458211671003951, 44.741125119884806 ], [ -95.4577007896455, 44.740718170165273 ] ], [ [ -95.494093191112, 44.880025882859428 ], [ -95.489859747511261, 44.877882165450707 ], [ -95.487725515314679, 44.884772506753272 ], [ -95.494093191112, 44.880025882859428 ] ], [ [ -95.463829878048003, 44.902576711326255 ], [ -95.473936421901911, 44.895048088676852 ], [ -95.421914006292297, 44.901612074441928 ], [ -95.463829878048003, 44.902576711326255 ] ], [ [ -96.415539591639401, 45.450698273940979 ], [ -95.406701648708506, 44.921259967795308 ], [ -94.619404125377599, 44.511408776916362 ], [ -96.415539591639401, 45.450698273940979 ] ], [ [ -94.619404125377599, 44.212404931291445 ], [ -96.466936819153105, 45.193509228146318 ], [ -96.452619189925201, 45.183159416332629 ], [ -94.619404125377599, 44.212404931291445 ] ], [ [ -96.817977905727503, 47.028800964553803 ], [ -96.827168793079906, 47.030946239402716 ], [ -96.81959025484656, 47.027161277147556 ], [ -96.817977905727503, 47.028800964553803 ] ], [ [ -96.82029775926415, 47.044340484771496 ], [ -96.822685076918006, 47.036862208196283 ], [ -96.811233520762698, 47.039123535455936 ], [ -96.82029775926415, 47.044340484771496 ] ], [ [ -96.825578119903753, 47.057617656245071 ], [ -96.825065695258019, 47.06130118426433 ], [ -96.830384761797006, 47.060880577636574 ], [ -96.825578119903753, 47.057617656245071 ] ], [ [ -96.823151631581808, 47.075057011048244 ], [ -96.816678052112707, 47.107487243285519 ], [ -96.829268605056498, 47.074613286402531 ], [ -96.823151631581808, 47.075057011048244 ] ], [ [ -96.769220434356797, 47.074311544259544 ], [ -96.764918820595625, 47.075387927484847 ], [ -96.764918912572696, 47.075387964256379 ], [ -96.769220434356797, 47.074311544259544 ] ], [ [ -96.753940480539498, 47.046364303213323 ], [ -96.7562333706868, 47.041424746168552 ], [ -96.756233294315408, 47.041424702624106 ], [ -96.753940480539498, 47.046364303213323 ] ], [ [ -96.733189745165433, 47.006221308624788 ], [ -96.720385233432552, 47.010472930771463 ], [ -96.720384932362506, 47.010473305249647 ], [ -96.733189745165433, 47.006221308624788 ] ], [ [ -96.72591727067541, 47.003591057908999 ], [ -96.710181062348568, 46.995912515083901 ], [ -96.706014133604796, 46.999181662834218 ], [ -96.72591727067541, 47.003591057908999 ] ], [ [ -96.713154303171393, 46.993579298659093 ], [ -96.713154324368602, 46.993579282024093 ], [ -96.710606859358649, 46.99300844095027 ], [ -96.713154303171393, 46.993579298659093 ] ], [ [ -96.689874034026246, 46.988360329898157 ], [ -96.694733034124866, 46.981356044066288 ], [ -96.689873653737394, 46.988360244606746 ], [ -96.689874034026246, 46.988360329898157 ] ], [ [ -96.70127277395116, 46.971926577975452 ], [ -96.701272930638112, 46.971926352020212 ], [ -96.680270596282455, 46.966438779927792 ], [ -96.70127277395116, 46.971926577975452 ] ], [ [ -96.648354418722306, 46.929173085072591 ], [ -96.612374871282299, 46.909043358139328 ], [ -96.648354431505922, 46.929173149560491 ], [ -96.648354418722306, 46.929173085072591 ] ], [ [ -96.568111508551397, 46.898242829793986 ], [ -96.620344564582794, 46.900384686609137 ], [ -96.568112046642199, 46.898242683705845 ], [ -96.562701513441894, 46.891746609041796 ], [ -96.568111508551397, 46.898242829793986 ] ], [ [ -96.493244098176007, 46.879755160348026 ], [ -96.493243666984597, 46.879755360520775 ], [ -96.538152588707035, 46.885396945371696 ], [ -96.493244098176007, 46.879755160348026 ] ], [ [ -96.443369083832707, 46.869068493936638 ], [ -96.44336920241031, 46.869068691692711 ], [ -96.454197207896556, 46.866014624684205 ], [ -96.443369083832707, 46.869068493936638 ] ], [ [ -96.332349118677726, 46.841448873643785 ], [ -96.331770363916704, 46.841779706069715 ], [ -96.33177037177002, 46.841779711471375 ], [ -96.332349118677726, 46.841448873643785 ] ], [ [ -95.594532001245994, 46.439280615992189 ], [ -95.677458853805405, 46.387371814623712 ], [ -95.69780939942649, 46.401637433963629 ], [ -95.677458361528593, 46.387371455233044 ], [ -95.594532001245994, 46.439280615992189 ] ], [ [ -95.303940576263159, 46.446091249655531 ], [ -95.298259129736991, 46.446215004483129 ], [ -95.303940481562606, 46.446091283950395 ], [ -95.303940576263159, 46.446091249655531 ] ], [ [ -95.21648868342939, 46.471437432388655 ], [ -95.194201420030623, 46.470612947379919 ], [ -95.216488365759503, 46.471437714469218 ], [ -95.21648868342939, 46.471437432388655 ] ], [ [ -95.000291963493552, 46.489926270975417 ], [ -94.999662556382276, 46.489640671307114 ], [ -95.000291949224504, 46.489926270328368 ], [ -95.000291963493552, 46.489926270975417 ] ], [ [ -94.905900987452, 46.485033615476979 ], [ -94.905901470745604, 46.48503392103062 ], [ -94.944092343074033, 46.473338794879886 ], [ -94.905900987452, 46.485033615476979 ] ], [ [ -94.827794212370748, 46.447589919144136 ], [ -94.818828908994263, 46.441516810291013 ], [ -94.818828893150098, 46.441516886923473 ], [ -94.827794212370748, 46.447589919144136 ] ], [ [ -94.824085620393703, 46.416085218379472 ], [ -94.824085160456306, 46.416085307560472 ], [ -94.821078863983018, 46.43063296094504 ], [ -94.824085620393703, 46.416085218379472 ] ], [ [ -94.732131362185598, 46.384141075448426 ], [ -94.752378750885811, 46.379314889483886 ], [ -94.732131756545996, 46.384140887067034 ], [ -94.724949628650123, 46.360257337126917 ], [ -94.732131362185598, 46.384141075448426 ] ], [ [ -94.677224777036415, 46.350336887697857 ], [ -94.668671001833104, 46.360497649183799 ], [ -94.67722495745879, 46.350336894020359 ], [ -94.677224777036415, 46.350336887697857 ] ], [ [ -94.604202450472258, 46.330041747131332 ], [ -94.550960090820681, 46.309168255534729 ], [ -94.604202282574093, 46.330042159196879 ], [ -94.604202450472258, 46.330041747131332 ] ], [ [ -94.451706332358967, 46.331457266117695 ], [ -94.452546340028107, 46.418365305116161 ], [ -94.390024829640197, 46.55475623420552 ], [ -94.452546450520899, 46.418365106324984 ], [ -94.451706332358967, 46.331457266117695 ] ], [ [ -94.152002132903647, 46.445855546060976 ], [ -94.148725595877679, 46.428264129118951 ], [ -94.152001597489402, 46.445855300266331 ], [ -94.152002132903647, 46.445855546060976 ] ], [ [ -94.166240986526773, 46.391424386565525 ], [ -94.171098759188368, 46.384801745890371 ], [ -94.171098657535694, 46.384801800787265 ], [ -94.166240986526773, 46.391424386565525 ] ], [ [ -94.212131741386898, 46.362629180131101 ], [ -94.207697145104802, 46.34687577882832 ], [ -94.212131428283158, 46.362629349416693 ], [ -94.212131741386898, 46.362629180131101 ] ], [ [ -94.686168410293305, 46.315520221527443 ], [ -94.703665942821573, 46.299311917013505 ], [ -94.658380551292197, 46.3254332324777 ], [ -94.686168410293305, 46.315520221527443 ] ], [ [ -94.657005682572702, 46.325923485176723 ], [ -94.648900506365464, 46.321349298190484 ], [ -94.64458571521385, 46.319299706815677 ], [ -94.657005682572702, 46.325923485176723 ] ], [ [ -94.632135763671599, 46.31394794908249 ], [ -94.632387092598293, 46.313503817157411 ], [ -94.631208433643536, 46.314195700602447 ], [ -94.632135763671599, 46.31394794908249 ] ], [ [ -91.438718025818332, 43.998483797979802 ], [ -91.443565369013399, 44.002395630211105 ], [ -91.592689514135799, 44.034732818590768 ], [ -91.438718025818332, 43.998483797979802 ] ], [ [ -91.725524902571607, 44.130950927847493 ], [ -91.806937367224535, 44.158800181739409 ], [ -91.802787780246504, 44.156032562754518 ], [ -91.725524902571607, 44.130950927847493 ] ], [ [ -91.821671686974014, 44.168624677092403 ], [ -91.883207009971329, 44.219726766706323 ], [ -91.8642501832026, 44.196990966430043 ], [ -91.821671686974014, 44.168624677092403 ] ], [ [ -91.88894795287176, 44.226608816722894 ], [ -91.898101805889198, 44.27573013324519 ], [ -91.890296936375293, 44.228225708556025 ], [ -91.88894795287176, 44.226608816722894 ] ], [ [ -91.925018310614902, 44.291637420610378 ], [ -91.916549683124003, 44.317832946634091 ], [ -91.922164476638116, 44.323404171711424 ], [ -91.925018310614902, 44.291637420610378 ] ], [ [ -91.956223229283395, 44.357175345819584 ], [ -91.959243774393499, 44.36016845723001 ], [ -91.959982390602079, 44.360466720858312 ], [ -91.956223229283395, 44.357175345819584 ] ], [ [ -92.534800457816175, 44.567993654780793 ], [ -92.692329012373506, 44.419025176600876 ], [ -92.528620966382576, 44.567638956402796 ], [ -92.534800457816175, 44.567993654780793 ] ], [ [ -92.312027454348254, 44.534230682573352 ], [ -92.315429687726805, 44.540725707754525 ], [ -92.330548486986046, 44.545919475762034 ], [ -92.312027454348254, 44.534230682573352 ] ], [ [ -92.348330413361353, 44.552024972639899 ], [ -92.366394043201097, 44.558223723581378 ], [ -92.425687960489043, 44.56168812032076 ], [ -92.348330413361353, 44.552024972639899 ] ], [ [ -92.6175537107558, 44.614852905116066 ], [ -92.621772765268702, 44.637523651179627 ], [ -92.629910785099611, 44.643367498863086 ], [ -92.6175537107558, 44.614852905116066 ] ], [ [ -92.662311581408375, 44.666620067468507 ], [ -92.705642699755998, 44.697681426731904 ], [ -92.712914216226309, 44.70151884611218 ], [ -92.662311581408375, 44.666620067468507 ] ], [ [ -93.009083366428897, 44.862585380435789 ], [ -93.053137278866501, 44.938122906263743 ], [ -93.054694551328637, 44.939268757603088 ], [ -93.009083366428897, 44.862585380435789 ] ], [ [ -93.261434022875349, 44.98383654893447 ], [ -93.262087148462669, 44.984322367523561 ], [ -93.261863479771904, 44.983806912386726 ], [ -93.261434022875349, 44.98383654893447 ] ], [ [ -93.27396274965939, 45.011679274153273 ], [ -93.278156859188798, 45.103765095918938 ], [ -93.282954597627906, 45.032378773989358 ], [ -93.27396274965939, 45.011679274153273 ] ], [ [ -93.305127286597013, 45.141625071011845 ], [ -93.305259644860101, 45.141810760001931 ], [ -93.430506398152318, 45.217380156200107 ], [ -93.305127286597013, 45.141625071011845 ] ], [ [ -93.566909338615176, 45.300018711922725 ], [ -93.567483377577304, 45.301020369104641 ], [ -93.580183345839203, 45.291933156379599 ], [ -93.566909338615176, 45.300018711922725 ] ], [ [ -96.731658935603605, 45.459289550390032 ], [ -96.693405151206505, 45.422866820570583 ], [ -96.683276078894281, 45.416886990149479 ], [ -96.731658935603605, 45.459289550390032 ] ], [ [ -96.677015538447691, 45.41319012863697 ], [ -96.674171447524003, 45.411510467838873 ], [ -96.608749389373216, 45.409393310955338 ], [ -96.677015538447691, 45.41319012863697 ] ], [ [ -96.407775589290011, 45.258477499804989 ], [ -96.406143265869702, 45.257394343297527 ], [ -96.289536411962104, 45.2490255437096 ], [ -96.407775589290011, 45.258477499804989 ] ], [ [ -94.402279859646896, 46.321559871672044 ], [ -94.426516851576807, 46.332327871838672 ], [ -94.399723905655804, 46.317756558743341 ], [ -94.402279859646896, 46.321559871672044 ] ], [ [ -93.935916775068904, 46.544029699135947 ], [ -93.935916347470894, 46.544029725703936 ], [ -93.984568172715697, 46.548310466869104 ], [ -93.935916775068904, 46.544029699135947 ] ], [ [ -94.105933307129789, 46.436292307517903 ], [ -94.095207756132893, 46.485962955104469 ], [ -94.071019557994305, 46.51364494749204 ], [ -94.071359212136812, 46.51432765654851 ], [ -94.095207859439199, 46.48596325384915 ], [ -94.105933307129789, 46.436292307517903 ] ], [ [ -94.041514652557609, 46.555809647736922 ], [ -94.030683235053729, 46.545967647266679 ], [ -94.030682964932197, 46.545967741495744 ], [ -94.041514652557609, 46.555809647736922 ] ], [ [ -94.041322325918372, 46.556498819364045 ], [ -94.015148878424299, 46.563208526625701 ], [ -94.039540384176405, 46.562883492496375 ], [ -94.041322325918372, 46.556498819364045 ] ], [ [ -93.363210750726452, 46.798670304988875 ], [ -93.363211158597906, 46.798670247332993 ], [ -93.364423447564079, 46.746199689340351 ], [ -93.363210750726452, 46.798670304988875 ] ], [ [ -93.286429905476012, 46.809500710675579 ], [ -93.286429905476012, 46.809500808857372 ], [ -93.312413384535347, 46.80584081165096 ], [ -93.286429905476012, 46.809500710675579 ] ], [ [ -93.359121446409958, 46.703316279496008 ], [ -93.286429905476012, 46.698892265406286 ], [ -93.286429905476012, 46.698892445842809 ], [ -93.359121446409958, 46.703316279496008 ] ], [ [ -93.501511907247192, 47.171421835097149 ], [ -93.499376666470695, 47.224487901521321 ], [ -93.499376818658149, 47.224487914241102 ], [ -93.501511907247192, 47.171421835097149 ] ], [ [ -93.686510821350453, 47.120868291564662 ], [ -93.686510820378516, 47.120868241157375 ], [ -93.608801935008316, 47.120179255465636 ], [ -93.686510821350453, 47.120868291564662 ] ], [ [ -93.641598368053906, 47.251174016104059 ], [ -93.634774734586813, 47.25576805870481 ], [ -93.682722608258771, 47.253227533711552 ], [ -93.641598368053906, 47.251174016104059 ] ], [ [ -93.611165044330804, 47.253229013605626 ], [ -93.5883570411509, 47.249573410723713 ], [ -93.626447566241382, 47.261370593547682 ], [ -93.611165044330804, 47.253229013605626 ] ], [ [ -94.314270408380295, 47.592412299730476 ], [ -94.309781751484294, 47.592647390200497 ], [ -94.309781768605973, 47.592668257576179 ], [ -94.314270408380295, 47.592412299730476 ] ], [ [ -96.817110122432894, 47.108927414320881 ], [ -96.836206621763097, 47.122637389422266 ], [ -96.837558932234799, 47.121961108728996 ], [ -96.817110122432894, 47.108927414320881 ] ], [ [ -96.823004194854647, 47.129238476703087 ], [ -96.831475951785819, 47.125002960951278 ], [ -96.821906911303103, 47.127403244763997 ], [ -96.823004194854647, 47.129238476703087 ] ], [ [ -96.830422940196598, 47.129223787356665 ], [ -96.823490771488537, 47.130052255159548 ], [ -96.829310437867719, 47.139783866365541 ], [ -96.830422940196598, 47.129223787356665 ] ], [ [ -96.841454251885594, 47.151826785849352 ], [ -96.834765971575663, 47.148904013578203 ], [ -96.837122801656704, 47.152843216246268 ], [ -96.841454251885594, 47.151826785849352 ] ], [ [ -96.833628802866798, 47.176387184670453 ], [ -96.820304541415098, 47.165729198267378 ], [ -96.825703323974693, 47.181690372499709 ], [ -96.833628802866798, 47.176387184670453 ] ], [ [ -96.827238085495523, 47.186226498114749 ], [ -96.828941842871913, 47.191261430353542 ], [ -96.844875710224002, 47.192774569226195 ], [ -96.827238085495523, 47.186226498114749 ] ], [ [ -96.846164792656694, 47.220125716209125 ], [ -96.844254827606918, 47.22030985930629 ], [ -96.84545772440832, 47.220436053931742 ], [ -96.846164792656694, 47.220125716209125 ] ], [ [ -96.840753565964008, 47.233718993251557 ], [ -96.835904157894362, 47.229835370490456 ], [ -96.832052913935257, 47.233093792057552 ], [ -96.840753565964008, 47.233718993251557 ] ], [ [ -96.844104281973699, 47.239889187432134 ], [ -96.8304667330667, 47.234435696698597 ], [ -96.840223544609003, 47.250363810619533 ], [ -96.844104281973699, 47.239889187432134 ] ], [ [ -96.847533600570912, 47.261291361935179 ], [ -96.846949173629369, 47.261339062756072 ], [ -96.847045449314635, 47.261496144556588 ], [ -96.847533600570912, 47.261291361935179 ] ], [ [ -96.844081824091603, 47.310074163859028 ], [ -96.842602972555099, 47.308654976502702 ], [ -96.840256211977163, 47.309387344129 ], [ -96.844081824091603, 47.310074163859028 ] ], [ [ -95.644246126937048, 47.519747195461925 ], [ -96.278325692214551, 47.409639398782851 ], [ -95.64417417878208, 47.519715002140721 ], [ -95.644246126937048, 47.519747195461925 ] ], [ [ -93.710042268090703, 48.499522708328485 ], [ -93.725398406425697, 48.505498639154261 ], [ -93.713329712277385, 48.496396018189529 ], [ -93.710042268090703, 48.499522708328485 ] ], [ [ -93.718278539386375, 48.468749672339648 ], [ -93.735025958868164, 48.475752137244385 ], [ -93.735028346271406, 48.475750399228708 ], [ -93.718278539386375, 48.468749672339648 ] ], [ [ -93.719594728243194, 48.456249862452211 ], [ -93.719595289690304, 48.456249862452211 ], [ -93.755682860441595, 48.443297235430471 ], [ -93.719594728243194, 48.456249862452211 ] ], [ [ -93.748480617651097, 48.425672083398268 ], [ -93.748480843533542, 48.425672636309834 ], [ -93.761091841346115, 48.435739079334112 ], [ -93.748480617651097, 48.425672083398268 ] ], [ [ -93.795746122271396, 48.42876779843683 ], [ -93.776052720956002, 48.424007780333895 ], [ -93.776052588502537, 48.424007884218419 ], [ -93.79575221368971, 48.428776624876406 ], [ -93.795746122271396, 48.42876779843683 ] ], [ [ -93.78145037295802, 48.406906111398527 ], [ -93.808511659406506, 48.411966692439492 ], [ -93.780891833102203, 48.40605167559918 ], [ -93.78145037295802, 48.406906111398527 ] ], [ [ -93.802781147545744, 48.383904627237953 ], [ -93.815573124489504, 48.389896935730185 ], [ -93.815573540433803, 48.389896757708101 ], [ -93.802781147545744, 48.383904627237953 ] ], [ [ -93.799013659618097, 48.382139366726797 ], [ -93.799014344017436, 48.382139687419674 ], [ -93.807625984388665, 48.378483306494779 ], [ -93.799013659618097, 48.382139366726797 ] ], [ [ -93.795991390134105, 48.355513634070491 ], [ -93.812879491770005, 48.3762523033961 ], [ -93.812879717475496, 48.376252207538798 ], [ -93.795991390134105, 48.355513634070491 ] ], [ [ -93.808434179713302, 48.339896502696043 ], [ -93.812750875882983, 48.343594771056914 ], [ -93.80843438495728, 48.339896305366004 ], [ -93.808434179713302, 48.339896502696043 ] ], [ [ -93.863725513362937, 48.270080796060448 ], [ -93.839691060024194, 48.263130210324185 ], [ -93.8637254854508, 48.270080950294343 ], [ -93.863725513362937, 48.270080796060448 ] ], [ [ -93.865655740417594, 48.259413019063189 ], [ -93.865655740417594, 48.259413392851641 ], [ -93.889404950741493, 48.251433133697788 ], [ -93.865655740417594, 48.259413019063189 ] ], [ [ -93.880788984272698, 48.245644535760626 ], [ -93.88078920210522, 48.245644682128599 ], [ -93.891818924358589, 48.234122157713998 ], [ -93.880788984272698, 48.245644535760626 ] ], [ [ -93.787883533247907, 48.195933524139626 ], [ -93.776869626417508, 48.164755180818204 ], [ -93.776869174383748, 48.164755116190044 ], [ -93.787883533247907, 48.195933524139626 ] ], [ [ -93.719389800068996, 48.1544023832639 ], [ -93.724311657218394, 48.15528988532472 ], [ -93.727143178226484, 48.13771561583593 ], [ -93.719389800068996, 48.1544023832639 ] ], [ [ -93.688862239479406, 48.129513868037911 ], [ -93.695784320190597, 48.124162715248389 ], [ -93.695784032926994, 48.124162562581596 ], [ -93.688862239479406, 48.129513868037911 ] ], [ [ -93.682138414169387, 48.102155399141544 ], [ -93.691000791302599, 48.092103341503901 ], [ -93.690986653553011, 48.092098586072474 ], [ -93.682138414169387, 48.102155399141544 ] ], [ [ -93.676303230360304, 48.061305410630872 ], [ -93.66908583854044, 48.083819687222466 ], [ -93.7183567374923, 48.053305159288051 ], [ -93.676303230360304, 48.061305410630872 ] ], [ [ -93.821158565099438, 47.996951837327089 ], [ -93.7657147868848, 48.01304339004524 ], [ -93.821054386561002, 47.997279484651003 ], [ -93.821158565099438, 47.996951837327089 ] ], [ [ -93.828521137036375, 47.973048828296434 ], [ -93.826678407147384, 47.979587349884994 ], [ -93.828738350922606, 47.973104964323369 ], [ -93.828521137036375, 47.973048828296434 ] ], [ [ -93.795463629904702, 47.966985320617667 ], [ -93.824951394264858, 47.972126215178641 ], [ -93.795226429797012, 47.964439237785506 ], [ -93.795463629904702, 47.966985320617667 ] ], [ [ -93.779915476677701, 47.96546507063826 ], [ -93.751596648792898, 47.9531420266214 ], [ -93.750732754202872, 47.953405417540367 ], [ -93.779915476677701, 47.96546507063826 ] ], [ [ -93.685933731653094, 47.951589782395715 ], [ -93.701918690687009, 47.949295173187913 ], [ -93.68593379940782, 47.951589692117174 ], [ -93.685933731653094, 47.951589782395715 ] ], [ [ -93.687605591546671, 47.944648772763337 ], [ -93.666809160701305, 47.943142620828382 ], [ -93.664383709434205, 47.928723374364822 ], [ -93.638734713490265, 47.925003227772841 ], [ -93.666808599254196, 47.943142620828382 ], [ -93.687605591546671, 47.944648772763337 ] ], [ [ -93.622219597232899, 47.922604869232892 ], [ -93.624260457269003, 47.906470863857187 ], [ -93.621901074401094, 47.906043726816115 ], [ -93.622219597232899, 47.922604869232892 ] ], [ [ -93.499304801247902, 47.904887484708766 ], [ -93.628050224873903, 47.903505799104401 ], [ -93.628462327010396, 47.816516071612114 ], [ -93.500127321180003, 47.817895553497166 ], [ -93.499304801247902, 47.904887484708766 ] ], [ [ -93.587088732259204, 47.801477002605111 ], [ -93.557163047286195, 47.80305394180418 ], [ -93.617292275520029, 47.773232698547702 ], [ -93.587088732259204, 47.801477002605111 ] ], [ [ -96.845354063112794, 47.314459394701842 ], [ -96.844109896444294, 47.317751885270482 ], [ -96.846965416153694, 47.316150199877001 ], [ -96.845354063112794, 47.314459394701842 ] ], [ [ -97.228049848876907, 48.991295196322412 ], [ -97.228720216657706, 48.991677601092505 ], [ -97.229179480346701, 48.991428559398202 ], [ -97.228049848876907, 48.991295196322412 ] ], [ [ -97.234064069704104, 48.996048890607575 ], [ -97.229030135430705, 49.000421269918476 ], [ -97.233869809023901, 48.997800098542029 ], [ -97.234064069704104, 48.996048890607575 ] ], [ [ -93.361646405662398, 48.18579739256861 ], [ -93.360001365798411, 48.004560811786227 ], [ -93.076184266251303, 48.000868809223448 ], [ -93.072071105144204, 48.184871300616052 ], [ -93.361646405662398, 48.18579739256861 ] ], [ [ -91.16696909415154, 43.140121944670241 ], [ -91.152587890863202, 43.148624419946962 ], [ -91.144194883001589, 43.163472196649039 ], [ -91.16696909415154, 43.140121944670241 ] ], [ [ -91.177931999786907, 43.128874999903864 ], [ -91.176747827882821, 43.09594799724038 ], [ -91.177435880987332, 43.129384067507438 ], [ -91.177931999786907, 43.128874999903864 ] ], [ [ -91.174700438287701, 43.038948102512087 ], [ -91.174692000237613, 43.038713000176401 ], [ -91.174373558434453, 43.038050702697085 ], [ -91.174700438287701, 43.038948102512087 ] ], [ [ -91.133782623248024, 42.9988550362322 ], [ -91.154910092298152, 42.985114682120035 ], [ -91.153865809215574, 42.98228296194889 ], [ -91.133782623248024, 42.9988550362322 ] ], [ [ -91.144386291183807, 42.910396576342293 ], [ -91.145615000541198, 42.908006000137071 ], [ -91.124179571903568, 42.896148966948871 ], [ -91.144386291183807, 42.910396576342293 ] ], [ [ -89.904354681118804, 43.187975180711419 ], [ -89.999866546329699, 43.194548050968102 ], [ -90.000673975856813, 43.194089829837246 ], [ -89.904354681118804, 43.187975180711419 ] ], [ [ -89.858376159626005, 43.194981176185692 ], [ -89.85826435797938, 43.195076935921072 ], [ -89.904354681118804, 43.187975180711419 ], [ -89.858376159626005, 43.194981176185692 ] ], [ [ -89.716125392153401, 43.274663221355773 ], [ -89.725147185128293, 43.312388014982552 ], [ -89.721481453795732, 43.270162901439214 ], [ -89.716125392153401, 43.274663221355773 ] ], [ [ -89.515276703235173, 43.426226133896115 ], [ -89.528997165536893, 43.423389718762643 ], [ -89.5710878233957, 43.38438039302843 ], [ -89.515276703235173, 43.426226133896115 ] ], [ [ -89.477389983651591, 43.45459179108375 ], [ -89.497765038303598, 43.445822314639933 ], [ -89.502916280965493, 43.435483964983035 ], [ -89.477389983651591, 43.45459179108375 ] ], [ [ -89.440337250461198, 43.482301170785149 ], [ -89.432229344555992, 43.503726521619114 ], [ -89.44918536515415, 43.47568709117968 ], [ -89.440337250461198, 43.482301170785149 ] ], [ [ -89.4630224548401, 43.535142045115791 ], [ -89.429579449725097, 43.510726098632702 ], [ -89.462513847430259, 43.535600223679744 ], [ -89.4630224548401, 43.535142045115791 ] ], [ [ -89.395651974194195, 43.677685269454216 ], [ -89.408879038830506, 43.675806737912161 ], [ -89.396050729799654, 43.677027197618102 ], [ -89.395651974194195, 43.677685269454216 ] ], [ [ -89.469345593192202, 43.732222472173554 ], [ -89.468045148494298, 43.7233439341245 ], [ -89.464062241155446, 43.722573637443453 ], [ -89.469345593192202, 43.732222472173554 ] ], [ [ -89.445282448670696, 43.759576062687586 ], [ -89.472277343563206, 43.752230460952376 ], [ -89.47160109701835, 43.747616337037869 ], [ -89.445282448670696, 43.759576062687586 ] ], [ [ -89.313892387125094, 43.78530071326243 ], [ -89.374353034829753, 43.778843411967578 ], [ -89.300454174427415, 43.769470705501405 ], [ -89.313892387125094, 43.78530071326243 ] ], [ [ -89.188818830102974, 43.756257758901349 ], [ -89.193294491784997, 43.756377112807904 ], [ -89.250111678559094, 43.740531050775928 ], [ -89.188818830102974, 43.756257758901349 ] ], [ [ -89.183324420302881, 43.756111029992049 ], [ -89.084027702893707, 43.741033186969418 ], [ -89.136274587580758, 43.754845183567824 ], [ -89.183324420302881, 43.756111029992049 ] ], [ [ -89.633363779300694, 43.027216257003907 ], [ -89.600995188011495, 43.015213057084395 ], [ -89.632621051487746, 43.027499312522011 ], [ -89.633363779300694, 43.027216257003907 ] ], [ [ -89.041195847518622, 42.501423648629739 ], [ -89.041221053099605, 42.502093089002038 ], [ -89.041946589198588, 42.501431443714083 ], [ -89.041195847518622, 42.501423648629739 ] ], [ [ -91.437556353025016, 38.710310884760858 ], [ -91.556980148142358, 38.678755091484909 ], [ -91.54775391423, 38.675893383534962 ], [ -91.437556353025016, 38.710310884760858 ] ], [ [ -91.317076511584602, 38.708093900519799 ], [ -91.320876430837245, 38.706593182483658 ], [ -91.241465280986077, 38.657026794387868 ], [ -91.317076511584602, 38.708093900519799 ] ], [ [ -91.2327563378836, 38.651137307254125 ], [ -91.234395870705413, 38.652246172734223 ], [ -91.214465140309002, 38.618596850937969 ], [ -91.2327563378836, 38.651137307254125 ] ], [ [ -91.050585793844107, 38.606579504226822 ], [ -91.054016421666674, 38.60629925421658 ], [ -91.033988213672615, 38.588193902553165 ], [ -91.050585793844107, 38.606579504226822 ] ], [ [ -90.982025348998548, 38.553419031805525 ], [ -91.005241634431229, 38.562185870352963 ], [ -91.001775213043999, 38.559047977268996 ], [ -90.982025348998548, 38.553419031805525 ] ], [ [ -90.908874262889356, 38.538132884639808 ], [ -90.923098614240104, 38.536600275611811 ], [ -90.916802436645199, 38.534801111159254 ], [ -90.908874262889356, 38.538132884639808 ] ], [ [ -90.150199430362306, 38.830217416644885 ], [ -90.151688999576137, 38.829763756351888 ], [ -90.147496328815151, 38.828313561423954 ], [ -90.150199430362306, 38.830217416644885 ] ], [ [ -90.119859374460134, 38.808839161598861 ], [ -90.124861812127648, 38.812365358269382 ], [ -90.123106999571405, 38.79804799999954 ], [ -90.119859374460134, 38.808839161598861 ] ], [ [ -90.179309000276007, 38.652439999713344 ], [ -90.209066295422389, 38.724022574282223 ], [ -90.211409998713407, 38.721350000080577 ], [ -90.179309000276007, 38.652439999713344 ] ], [ [ -89.516792772952385, 37.687387686400427 ], [ -89.516469000073101, 37.692538999750084 ], [ -89.516688108473119, 37.692607000470034 ], [ -89.516792772952385, 37.687387686400427 ] ], [ [ -89.517392834737649, 37.284358621085858 ], [ -89.516378820226521, 37.288699564698639 ], [ -89.518340000367104, 37.285496999647123 ], [ -89.517392834737649, 37.284358621085858 ] ], [ [ -89.461669012471631, 37.202643900707066 ], [ -89.458826999968096, 37.248660999426093 ], [ -89.467631000893803, 37.218199999376104 ], [ -89.461669012471631, 37.202643900707066 ] ], [ [ -89.452431662756936, 37.183599588381085 ], [ -89.457926333787839, 37.192874938864243 ], [ -89.456105000452595, 37.1881199999209 ], [ -89.452431662756936, 37.183599588381085 ] ], [ [ -89.378709999463993, 37.094586000574083 ], [ -89.384829351144745, 37.100288791716657 ], [ -89.378740272669901, 37.092773684016862 ], [ -89.378709999463993, 37.094586000574083 ] ], [ [ -89.379553766964733, 37.044040060499292 ], [ -89.378975796780153, 37.078670894372003 ], [ -89.383936999658204, 37.046440999506196 ], [ -89.379553766964733, 37.044040060499292 ] ], [ [ -89.182376748291361, 36.974037214185529 ], [ -89.186607125909774, 36.976630333653112 ], [ -89.185490999388406, 36.973517999998478 ], [ -89.182376748291361, 36.974037214185529 ] ], [ [ -89.143075968267354, 36.991224599751774 ], [ -89.133116025486387, 36.982238403567486 ], [ -89.12606811346329, 36.983409985077181 ], [ -89.143075968267354, 36.991224599751774 ] ], [ [ -89.180741000118402, 37.02517999980244 ], [ -89.164604186275696, 37.076652526662421 ], [ -89.1114089995406, 37.118988000314616 ], [ -89.167078999069403, 37.075408999501569 ], [ -89.180741000118402, 37.02517999980244 ] ], [ [ -89.075733998948195, 37.175495000624508 ], [ -89.07708832876213, 37.173351603290207 ], [ -89.053445938834301, 37.192750495255915 ], [ -89.075733998948195, 37.175495000624508 ] ], [ [ -88.971563182941836, 37.228358166673488 ], [ -89.029465000021801, 37.211303000007028 ], [ -89.039377413826173, 37.203636116327054 ], [ -88.971563182941836, 37.228358166673488 ] ], [ [ -88.916180000152195, 37.223991000153632 ], [ -88.948821678294635, 37.226568041979661 ], [ -88.881613278267892, 37.213014753490349 ], [ -88.916180000152195, 37.223991000153632 ] ], [ [ -88.61512999928371, 37.115188999062006 ], [ -88.615899156285991, 37.115379422678956 ], [ -88.613353006990579, 37.11374208220272 ], [ -88.61512999928371, 37.115188999062006 ] ], [ [ -91.013192167865853, 33.766629213111649 ], [ -91.000106000413894, 33.769164999506124 ], [ -90.998531716068797, 33.771911732500925 ], [ -91.013192167865853, 33.766629213111649 ] ], [ [ -91.046139509493173, 33.815028132148797 ], [ -91.048731224744131, 33.8185996403109 ], [ -91.046848999891594, 33.815365000279229 ], [ -91.046139509493173, 33.815028132148797 ] ], [ [ -91.071060408972997, 33.85694897878777 ], [ -91.070957575051281, 33.862609533643301 ], [ -91.073038999317802, 33.860345000365037 ], [ -91.071060408972997, 33.85694897878777 ] ], [ [ -91.017836822678092, 33.920344158680329 ], [ -91.009962999329204, 33.92829599928983 ], [ -91.010370760819654, 33.928449556300521 ], [ -91.017836822678092, 33.920344158680329 ] ], [ [ -91.084095000304004, 33.956178999860683 ], [ -91.085671369679091, 33.976242463948161 ], [ -91.0879210005576, 33.975334999316573 ], [ -91.084095000304004, 33.956178999860683 ] ], [ [ -91.018890000278702, 34.003151000026378 ], [ -91.000108000962101, 33.966427999316892 ], [ -90.998990309849887, 33.966177883911634 ], [ -91.018890000278702, 34.003151000026378 ] ], [ [ -90.992336454243954, 33.964688634916854 ], [ -90.974801999470998, 33.960762000058565 ], [ -90.972834053939508, 33.963611795440265 ], [ -90.992336454243954, 33.964688634916854 ] ], [ [ -90.891553944590598, 34.031952125220784 ], [ -90.887413000198094, 34.032504999990088 ], [ -90.87981564347443, 34.059072518684175 ], [ -90.891553944590598, 34.031952125220784 ] ], [ [ -90.872809974418004, 34.083553667318171 ], [ -90.871922999410998, 34.08665200012652 ], [ -90.876026625833049, 34.087835036411022 ], [ -90.872809974418004, 34.083553667318171 ] ], [ [ -90.900370276576908, 34.094849318239135 ], [ -90.9431670002907, 34.107164999942171 ], [ -90.918397000173499, 34.093054999852846 ], [ -90.900370276576908, 34.094849318239135 ] ], [ [ -90.80900922646552, 34.160239392912111 ], [ -90.808011000269602, 34.16085000004459 ], [ -90.816571999724502, 34.183022999863582 ], [ -90.80900922646552, 34.160239392912111 ] ], [ [ -90.932677622170573, 34.230227453526354 ], [ -90.914152999445193, 34.195483999162576 ], [ -90.912042156637753, 34.19439932443251 ], [ -90.932677622170573, 34.230227453526354 ] ], [ [ -90.930836469826005, 34.238328118489619 ], [ -90.909981129319718, 34.244441490591342 ], [ -90.929522999683314, 34.244105999700238 ], [ -90.930836469826005, 34.238328118489619 ] ], [ [ -90.907912937724802, 34.244476804442762 ], [ -90.894443999840803, 34.224326000903581 ], [ -90.907081000692799, 34.244490999169578 ], [ -90.907912937724802, 34.244476804442762 ] ], [ [ -90.765165000292299, 34.280524000323695 ], [ -90.742241001253007, 34.303705000122399 ], [ -90.742326019570754, 34.304433188581903 ], [ -90.765165000292299, 34.280524000323695 ] ], [ [ -90.744712999624895, 34.324872000640767 ], [ -90.767108000556306, 34.345264000060098 ], [ -90.742720402911161, 34.307810924651257 ], [ -90.744712999624895, 34.324872000640767 ] ], [ [ -90.766484628093281, 34.34907688019868 ], [ -90.758065464701076, 34.36395499150408 ], [ -90.764143000468295, 34.363396000286997 ], [ -90.766484628093281, 34.34907688019868 ] ], [ [ -90.662891579512134, 34.315736457936445 ], [ -90.661394999929598, 34.315397999801895 ], [ -90.658540000344715, 34.37570500023039 ], [ -90.662891579512134, 34.315736457936445 ] ], [ [ -90.613947998848602, 34.390721000070769 ], [ -90.581360682178129, 34.415112830305567 ], [ -90.658540000344715, 34.37570500023039 ], [ -90.613947998848602, 34.390721000070769 ] ], [ [ -90.571659367992254, 34.422369472912678 ], [ -90.568400000345704, 34.424807000067894 ], [ -90.588941999628204, 34.491097000370907 ], [ -90.571659367992254, 34.422369472912678 ] ], [ [ -90.579967822949826, 34.514662464100709 ], [ -90.5801149991362, 34.514536999572293 ], [ -90.588941999628204, 34.491097000370907 ], [ -90.579967822949826, 34.514662464100709 ] ], [ [ -90.544462751344099, 34.539337704330329 ], [ -90.544779536755357, 34.544642215191182 ], [ -90.579677431902411, 34.514910014423236 ], [ -90.544462751344099, 34.539337704330329 ] ], [ [ -90.587224001291702, 34.61573199958579 ], [ -90.545389872023392, 34.554863478950388 ], [ -90.588417811933482, 34.670963755912673 ], [ -90.587224001291702, 34.61573199958579 ] ], [ [ -90.555540222980071, 34.691866825195454 ], [ -90.544764142180256, 34.68633405379201 ], [ -90.549857000505398, 34.695477999513791 ], [ -90.555540222980071, 34.691866825195454 ] ], [ [ -90.555104529898799, 34.646236189827327 ], [ -90.537885000898697, 34.673978999811283 ], [ -90.540894532208483, 34.679384725609594 ], [ -90.555104529898799, 34.646236189827327 ] ], [ [ -90.545306643278892, 34.636150322850021 ], [ -90.537165173675007, 34.627766844852282 ], [ -90.534010547160662, 34.628734912148673 ], [ -90.545306643278892, 34.636150322850021 ] ], [ [ -90.527571412692737, 34.630710560958846 ], [ -90.508100182657302, 34.636681905362771 ], [ -90.472591506607117, 34.669674186025865 ], [ -90.527571412692737, 34.630710560958846 ] ], [ [ -90.466337102740241, 34.675481200615124 ], [ -90.465036070830706, 34.676689010897846 ], [ -90.472493298695582, 34.699781286659373 ], [ -90.466337102740241, 34.675481200615124 ] ], [ [ -90.568080694177993, 34.724801983045495 ], [ -90.568080999605101, 34.724802000026862 ], [ -90.542011749954924, 34.703141154316427 ], [ -90.568080694177993, 34.724801983045495 ] ], [ [ -90.547611457535197, 34.784589129577782 ], [ -90.547612000117596, 34.784588999727006 ], [ -90.540419811387565, 34.761278822720222 ], [ -90.547611457535197, 34.784589129577782 ] ], [ [ -90.524516894474601, 34.751368115842602 ], [ -90.500989000290602, 34.771191999627767 ], [ -90.500989006819708, 34.771192008894857 ], [ -90.524516894474601, 34.751368115842602 ] ], [ [ -90.453969949424405, 34.736876837091152 ], [ -90.523430966619955, 34.746493348106483 ], [ -90.520181400334593, 34.731902039259438 ], [ -90.488865006636104, 34.723730946133223 ], [ -90.453969949424405, 34.736876837091152 ] ], [ [ -90.483875966285837, 34.861333183200834 ], [ -90.454435233668988, 34.73814875719755 ], [ -90.456782799157807, 34.82268296678901 ], [ -90.483875966285837, 34.861333183200834 ] ], [ [ -90.479864000676898, 34.883272999940218 ], [ -90.479863887489202, 34.883272882035286 ], [ -90.447036987072892, 34.887305296422348 ], [ -90.479864000676898, 34.883272999940218 ] ], [ [ -90.438311141444913, 34.884583044424957 ], [ -90.432505674988789, 34.868648423537884 ], [ -90.438310999787006, 34.884583000224211 ], [ -90.438311141444913, 34.884583044424957 ] ], [ [ -90.419484750141265, 34.832883086992211 ], [ -90.419484748561203, 34.832883082650021 ], [ -90.415354108992602, 34.834319528065137 ], [ -90.419484750141265, 34.832883086992211 ] ], [ [ -90.340380121793714, 34.860356957495696 ], [ -90.331630934101142, 34.856049992749611 ], [ -90.340379999363705, 34.860356999959862 ], [ -90.340380121793714, 34.860356957495696 ] ], [ [ -90.313476000085004, 34.871698000853776 ], [ -90.313475684776407, 34.871698053181525 ], [ -90.282069346664827, 34.889358034767852 ], [ -90.313476000085004, 34.871698000853776 ] ], [ [ -90.28250813219681, 34.974058183475876 ], [ -90.244730984764999, 34.92102597987261 ], [ -90.250055748611601, 34.951196171835292 ], [ -90.28250813219681, 34.974058183475876 ] ], [ [ -90.296177641385214, 35.037793457603279 ], [ -90.260783632162259, 35.03463010976219 ], [ -90.295596000043602, 35.040092999977382 ], [ -90.296177641385214, 35.037793457603279 ] ], [ [ -90.200538813575051, 35.04640426410409 ], [ -90.197161821788598, 35.047466781696961 ], [ -90.196456551090563, 35.055552061403787 ], [ -90.200538813575051, 35.04640426410409 ] ], [ [ -90.194089058900801, 35.058402599386184 ], [ -90.195294153684813, 35.058156397028434 ], [ -88.19952369648577, 34.997530109277761 ], [ -90.194089058900801, 35.058402599386184 ] ], [ [ -88.14617986880225, 34.917629232104126 ], [ -88.153331713184542, 34.92139229481468 ], [ -88.145135484774229, 34.916114379012747 ], [ -88.14617986880225, 34.917629232104126 ] ], [ [ -88.097864741002411, 34.892200042262317 ], [ -88.098256463898934, 34.892356003153239 ], [ -88.101899812073299, 34.857473475241427 ], [ -88.097864741002411, 34.892200042262317 ] ], [ [ -88.040865802201495, 34.906606468508294 ], [ -88.003045327054238, 34.891637823405226 ], [ -87.994040319089549, 34.888893259588833 ], [ -88.040865802201495, 34.906606468508294 ] ], [ [ -87.809416714235184, 34.733330719499527 ], [ -87.808317370463797, 34.736811503230804 ], [ -87.818199498641874, 34.738299374736776 ], [ -87.809416714235184, 34.733330719499527 ] ], [ [ -87.970412022403679, 34.879944797838426 ], [ -87.962510462197315, 34.872622127692438 ], [ -87.962509476182433, 34.872621664844388 ], [ -87.970412022403679, 34.879944797838426 ] ], [ [ -87.947444602630313, 34.858655855676673 ], [ -87.926989797728396, 34.821370972512945 ], [ -87.926988433564432, 34.821368484552536 ], [ -87.939882740566006, 34.851642956596926 ], [ -87.947444602630313, 34.858655855676673 ] ], [ [ -87.888805910300263, 34.408337689435662 ], [ -87.927807708899678, 34.38506126858794 ], [ -87.889101751902501, 34.40104428241618 ], [ -87.888805910300263, 34.408337689435662 ] ], [ [ -87.927821889967561, 34.385042508763497 ], [ -87.998558744682299, 34.283023784777392 ], [ -88.000018128741317, 34.276045695105168 ], [ -87.927821889967561, 34.385042508763497 ] ], [ [ -88.044627458826199, 34.211070803810912 ], [ -88.044627721134205, 34.211070709464877 ], [ -88.049570029151752, 34.188591697392155 ], [ -88.044627458826199, 34.211070803810912 ] ], [ [ -88.135625661360152, 34.107411152345421 ], [ -88.150456385599043, 34.101585592167787 ], [ -88.139233066747593, 34.104002833822932 ], [ -88.135625661360152, 34.107411152345421 ] ], [ [ -88.203424657511604, 34.090160674659685 ], [ -88.202343812673007, 34.099072497817865 ], [ -88.253721743091546, 34.079286261313619 ], [ -88.203424657511604, 34.090160674659685 ] ], [ [ -88.520795457999199, 34.011990157571944 ], [ -88.520795260369894, 34.011990062259002 ], [ -88.450410833442746, 34.039097548003539 ], [ -88.520795457999199, 34.011990157571944 ] ], [ [ -88.529652846700699, 33.954334223204569 ], [ -88.529652692190396, 33.954334367016116 ], [ -88.539275781528076, 33.956073636160156 ], [ -88.529652846700699, 33.954334223204569 ] ], [ [ -88.487591053544691, 33.60983544050135 ], [ -88.488849851936394, 33.697352018274358 ], [ -88.492272648367802, 33.740770797793061 ], [ -88.501913993621216, 33.666146827139777 ], [ -88.497722229926609, 33.624008689719794 ], [ -88.487591053544691, 33.60983544050135 ] ], [ [ -88.489735692901249, 33.537376440719811 ], [ -88.458797267468398, 33.544840872894909 ], [ -88.488447896248474, 33.545285679470894 ], [ -88.489735692901249, 33.537376440719811 ] ], [ [ -89.661227022995902, 31.779965481479902 ], [ -90.214745523884147, 31.730755815969459 ], [ -88.759046002544508, 31.845617204037932 ], [ -89.661227022995902, 31.779965481479902 ] ], [ [ -88.624678883243007, 31.787257782891373 ], [ -88.763725449857546, 31.812432410158401 ], [ -88.767272959867796, 31.787257782891405 ], [ -88.624678883243007, 31.787257782891373 ] ], [ [ -88.075609492389404, 31.994653317935985 ], [ -88.088147380748666, 32.005065360227455 ], [ -88.075609787935093, 31.994653409359088 ], [ -88.621936425499371, 31.857779956823123 ], [ -88.075609492389404, 31.994653317935985 ] ], [ [ -87.797498940684704, 31.950589434729668 ], [ -87.789303623341539, 31.946724924178451 ], [ -87.822067883721914, 31.982918012458526 ], [ -87.797498940684704, 31.950589434729668 ] ], [ [ -88.079683872327394, 31.602035452002291 ], [ -87.96272934305334, 31.533420944260119 ], [ -88.086848885386573, 31.636055765964901 ], [ -88.079683872327394, 31.602035452002291 ] ], [ [ -87.905952544936497, 31.49187049631055 ], [ -87.905952933008706, 31.49187052771665 ], [ -87.912566176252298, 31.462441145292594 ], [ -87.905952544936497, 31.49187049631055 ] ], [ [ -87.9278478570928, 31.406555272289147 ], [ -87.927848016992897, 31.406555204435733 ], [ -87.89612216997233, 31.378903149830894 ], [ -87.9278478570928, 31.406555272289147 ] ], [ [ -87.908705881282302, 31.322664349662109 ], [ -87.895856825940527, 31.34776136575686 ], [ -87.908706108305708, 31.322664623406546 ], [ -87.908705881282302, 31.322664349662109 ] ], [ [ -87.95766633693826, 31.307205745093828 ], [ -87.963592841667221, 31.314521875177807 ], [ -87.963593119415194, 31.31452191195627 ], [ -87.95766633693826, 31.307205745093828 ] ], [ [ -87.9528850269553, 31.270310775644809 ], [ -87.952885523723694, 31.270310721897779 ], [ -87.9752294700112, 31.262328833603327 ], [ -87.9528850269553, 31.270310775644809 ] ], [ [ -87.945703393314105, 31.245797458497783 ], [ -87.945702996258802, 31.245797493058497 ], [ -87.969558636529882, 31.252704345568048 ], [ -87.945703393314105, 31.245797458497783 ] ], [ [ -87.941394451577295, 31.162762903099491 ], [ -87.941394457016614, 31.162762928435146 ], [ -87.947951199304811, 31.162382133727114 ], [ -87.941394451577295, 31.162762903099491 ] ], [ [ -88.679710530049405, 31.039420796247125 ], [ -88.679710800442294, 31.039420849355633 ], [ -88.688707409932647, 31.016530991693003 ], [ -88.679710530049405, 31.039420796247125 ] ], [ [ -88.641787297829097, 31.057363230788521 ], [ -88.658963736441706, 31.035523527628634 ], [ -88.641786904448281, 31.057363200873162 ], [ -88.641787297829097, 31.057363230788521 ] ], [ [ -88.605310150196999, 31.068950787039626 ], [ -88.605310082823294, 31.06895087898884 ], [ -88.615697940877382, 31.055376152161813 ], [ -88.605310150196999, 31.068950787039626 ] ], [ [ -88.54143763522552, 31.119846384152929 ], [ -88.544601381676543, 31.114780206574419 ], [ -88.541437632012304, 31.119846373005714 ], [ -88.54143763522552, 31.119846384152929 ] ], [ [ -88.537068029739302, 31.19618028843685 ], [ -88.548457908915353, 31.205403674042756 ], [ -88.537068439371097, 31.196180327626099 ], [ -88.549069931566905, 31.146313451316914 ], [ -88.541869275010569, 31.121343795232495 ], [ -88.537068029739302, 31.19618028843685 ] ], [ [ -88.551013660232414, 31.234226168169712 ], [ -88.533031971069661, 31.220147577681406 ], [ -88.531826628652695, 31.220947349586879 ], [ -88.551013660232414, 31.234226168169712 ] ], [ [ -88.546645603193895, 31.491989227208709 ], [ -88.559109674382938, 31.373228146378775 ], [ -88.502192490356734, 31.527928777273011 ], [ -88.546645603193895, 31.491989227208709 ] ], [ [ -88.474820365375905, 31.560335608123921 ], [ -88.471094237341219, 31.572026630268706 ], [ -88.474820804652097, 31.56033570571811 ], [ -88.506719980391196, 31.565759921790718 ], [ -88.507778895622593, 31.563600548581199 ], [ -88.474820365375905, 31.560335608123921 ] ], [ [ -88.260583422410704, 31.606839856404584 ], [ -88.399265751892997, 31.606957824856014 ], [ -88.403457285453527, 31.605431511086461 ], [ -88.399265883047093, 31.60695776403351 ], [ -88.260583422410704, 31.606839856404584 ] ], [ [ -88.238540304152494, 31.643608082135593 ], [ -88.238567377301806, 31.64356294948551 ], [ -88.192877085202269, 31.658386353377882 ], [ -88.238540304152494, 31.643608082135593 ] ], [ [ -88.192698152309703, 31.658444214486209 ], [ -88.192698305090872, 31.658444165081882 ], [ -88.178659063314029, 31.653022723840202 ], [ -88.192698152309703, 31.658444214486209 ] ], [ [ -88.164672927038382, 31.647619261040408 ], [ -88.156518843017579, 31.665721836096928 ], [ -88.157983881049006, 31.666158143801098 ], [ -88.164672927038382, 31.647619261040408 ] ], [ [ -88.121717183771239, 31.68572569763834 ], [ -88.141614219708401, 31.661281834416663 ], [ -88.141613852880496, 31.661281641322198 ], [ -88.121717183771239, 31.68572569763834 ] ], [ [ -88.056760591940403, 31.752944626990125 ], [ -88.091323675835127, 31.657393388121523 ], [ -88.047531525290097, 31.692792843953573 ], [ -88.056760591940403, 31.752944626990125 ] ], [ [ -90.641929167993567, 31.604704185275445 ], [ -90.57341691118279, 31.629503546543443 ], [ -90.573417041800198, 31.629503564888061 ], [ -90.641929167993567, 31.604704185275445 ] ], [ [ -90.542928808911981, 31.625217240749198 ], [ -90.501023704006599, 31.619311324490116 ], [ -90.501023342242917, 31.619311428181071 ], [ -90.542928808911981, 31.625217240749198 ] ], [ [ -90.406187614021263, 31.629001704725596 ], [ -90.406187436568004, 31.629001675828199 ], [ -90.38968668531902, 31.63855116976849 ], [ -90.406187614021263, 31.629001704725596 ] ], [ [ -90.321279798807197, 31.651038631728817 ], [ -90.32127973738649, 31.651038715652053 ], [ -90.368821720086757, 31.65061924342028 ], [ -90.321279798807197, 31.651038631728817 ] ], [ [ -90.265157900637391, 31.682573485430076 ], [ -90.265157551431798, 31.682573558277912 ], [ -90.255327546035076, 31.696805327987406 ], [ -90.265157900637391, 31.682573485430076 ] ], [ [ -88.164915506360103, 31.787267566219292 ], [ -88.137315892149701, 31.751566326652309 ], [ -88.143688316196403, 31.800110751129477 ], [ -88.164915506360103, 31.787267566219292 ] ], [ [ -88.877403349642748, 33.626254348508695 ], [ -88.835907960311502, 33.609851783309217 ], [ -88.774780654117819, 33.566878179284494 ], [ -88.835907616256804, 33.609851763109447 ], [ -88.877403349642748, 33.626254348508695 ] ], [ [ -88.732159336259301, 33.576874309480125 ], [ -88.715410267030848, 33.56049108605874 ], [ -88.759676015367504, 33.570422836584797 ], [ -88.732159336259301, 33.576874309480125 ] ], [ [ -88.679896077969715, 33.572920323056174 ], [ -88.641857218199206, 33.537431391335829 ], [ -88.641857071075677, 33.537431458555886 ], [ -88.679896077969715, 33.572920323056174 ] ], [ [ -88.556860442409402, 33.521487455829451 ], [ -88.587831113182602, 33.562095030815279 ], [ -88.615019885426477, 33.549688098270515 ], [ -88.556860442409402, 33.521487455829451 ] ], [ [ -88.523554408815599, 33.550856155938888 ], [ -88.523554455599793, 33.550856114708807 ], [ -88.518546617197103, 33.54741052029091 ], [ -88.523554408815599, 33.550856155938888 ] ], [ [ -88.49088791887236, 33.530298396718358 ], [ -88.491169741276195, 33.528564632639707 ], [ -88.486593329756701, 33.501821060032078 ], [ -88.49088791887236, 33.530298396718358 ] ], [ [ -88.090644057948822, 32.006461287350973 ], [ -88.091889450976012, 32.007157563855579 ], [ -88.092614943874196, 31.993261084735316 ], [ -88.090644057948822, 32.006461287350973 ] ], [ [ -88.106503169493578, 32.001267113112249 ], [ -88.113199291453967, 32.010596130935646 ], [ -88.112450312184507, 32.004694365199605 ], [ -88.106503169493578, 32.001267113112249 ] ], [ [ -88.117688781842389, 32.045952580255005 ], [ -88.117722584462001, 32.052930471542282 ], [ -88.118507839893198, 32.052399355767186 ], [ -88.117688781842389, 32.045952580255005 ] ], [ [ -88.090634114655302, 32.07124408232589 ], [ -88.068352120888306, 32.062236085164997 ], [ -88.066957444565844, 32.063581844019026 ], [ -88.090634114655302, 32.07124408232589 ] ], [ [ -88.066576915211741, 32.063949015127918 ], [ -88.052809258738407, 32.077230081046572 ], [ -88.039142926013, 32.14237073206511 ], [ -88.066576915211741, 32.063949015127918 ] ], [ [ -88.021368063894101, 32.14502013064709 ], [ -88.019017652842393, 32.15060668965134 ], [ -88.039142926013, 32.14237073206511 ], [ -88.021368063894101, 32.14502013064709 ] ], [ [ -88.014690386400744, 32.160889615721445 ], [ -88.010962066779399, 32.169746860004921 ], [ -88.010836651569463, 32.173702059859323 ], [ -88.014690386400744, 32.160889615721445 ] ], [ [ -88.009760162748151, 32.207633929257092 ], [ -88.008251262068995, 32.255144040706213 ], [ -88.019507723907594, 32.284930100759389 ], [ -88.009760162748151, 32.207633929257092 ] ], [ [ -88.30779164554346, 33.261323443269575 ], [ -88.307801085439422, 33.261342884904522 ], [ -88.309039890020799, 33.251286064896398 ], [ -88.30779164554346, 33.261323443269575 ] ], [ [ -88.302612653048882, 33.303433816307994 ], [ -88.3026104642761, 33.303443185761594 ], [ -88.302611448510561, 33.303443582525091 ], [ -88.302612653048882, 33.303433816307994 ] ], [ [ -88.436179244688503, 33.461245527943809 ], [ -88.436204346120306, 33.462545265818513 ], [ -88.460577070794699, 33.49382759326047 ], [ -88.436179244688503, 33.461245527943809 ] ], [ [ -88.160768658429802, 34.425207232000282 ], [ -88.161806212583002, 34.41676694455343 ], [ -88.163563541857499, 34.401207795303677 ], [ -88.160768658429802, 34.425207232000282 ] ], [ [ -88.147547703235801, 34.527562074677036 ], [ -88.152590620661996, 34.49105377926432 ], [ -88.152605218285402, 34.490922357346328 ], [ -88.147547703235801, 34.527562074677036 ] ], [ [ -92.201107438497246, 34.740946696727157 ], [ -92.153357242268896, 34.708297497096247 ], [ -92.199988501206604, 34.740739790342623 ], [ -92.201107438497246, 34.740946696727157 ] ], [ [ -88.272708300007395, 35.063145126634041 ], [ -88.216296717855499, 35.070530456687145 ], [ -88.279074786045157, 35.067327848771818 ], [ -88.272708300007395, 35.063145126634041 ] ], [ [ -88.291594893765804, 35.075551058850721 ], [ -88.286193296803916, 35.07200367617628 ], [ -88.300981022758606, 35.124584848776834 ], [ -88.291594893765804, 35.075551058850721 ] ], [ [ -88.317526282594699, 35.14059664734939 ], [ -88.316980518896088, 35.140068628071624 ], [ -88.317127370508473, 35.14500193415946 ], [ -88.317526282594699, 35.14059664734939 ] ], [ [ -88.311359013097615, 35.208644633534256 ], [ -88.312259971795555, 35.198711524007535 ], [ -88.310126428382873, 35.208946892088143 ], [ -88.311359013097615, 35.208644633534256 ] ], [ [ -88.191627303897207, 35.383646658745711 ], [ -88.1923544269671, 35.382106627054711 ], [ -88.163793512366894, 35.392691256235317 ], [ -88.191627303897207, 35.383646658745711 ] ], [ [ -88.034631129413697, 35.71563191963768 ], [ -88.016490669143806, 35.675821325995507 ], [ -88.033400562736631, 35.716994614080072 ], [ -88.034631129413697, 35.71563191963768 ] ], [ [ -87.968044339021603, 35.832542690777096 ], [ -87.982743339963307, 35.773036305147301 ], [ -87.95528862044722, 35.849436021869195 ], [ -87.968044339021603, 35.832542690777096 ] ], [ [ -90.091100265752885, 35.120709411160647 ], [ -90.089973449698803, 35.120349884433729 ], [ -90.088258709582135, 35.122587059766715 ], [ -90.091100265752885, 35.120709411160647 ] ], [ [ -90.075853017049198, 35.153449877316504 ], [ -90.094542512068656, 35.159530359823059 ], [ -90.091999000645799, 35.156371999222713 ], [ -90.075853017049198, 35.153449877316504 ] ], [ [ -90.117392999305494, 35.187890000093503 ], [ -90.114739201005278, 35.184597725904467 ], [ -90.116182000233906, 35.198497999288108 ], [ -90.117392999305494, 35.187890000093503 ] ], [ [ -90.076187133492397, 35.210300445823208 ], [ -90.088596999816403, 35.212375999820729 ], [ -90.091807993100574, 35.205224659975379 ], [ -90.076187133492397, 35.210300445823208 ] ], [ [ -90.105092999635602, 35.254287999494274 ], [ -90.084227880642416, 35.233666146684392 ], [ -90.144280227919253, 35.255707517417591 ], [ -90.105092999635602, 35.254287999494274 ] ], [ [ -90.151993220801231, 35.255985372182003 ], [ -90.152810196199056, 35.257023070881345 ], [ -90.152093999754499, 35.255988999314326 ], [ -90.151993220801231, 35.255985372182003 ] ], [ [ -90.156517412028862, 35.300846662625972 ], [ -90.168924000382802, 35.28028000090751 ], [ -90.166759025386639, 35.277156287658869 ], [ -90.156517412028862, 35.300846662625972 ] ], [ [ -90.110293000065695, 35.342788000028712 ], [ -90.109216356416582, 35.30887463980617 ], [ -90.081319639625704, 35.37674175851329 ], [ -90.110293000065695, 35.342788000028712 ] ], [ [ -90.126121521086105, 35.415775298533973 ], [ -90.130475000396402, 35.413744999953543 ], [ -90.075111389261593, 35.384670257714887 ], [ -90.126121521086105, 35.415775298533973 ] ], [ [ -90.167407999916094, 35.375084999661254 ], [ -90.141930318974886, 35.390374817567412 ], [ -90.168105216575285, 35.375679539747907 ], [ -90.167407999916094, 35.375084999661254 ] ], [ [ -90.177227893471567, 35.383457492742238 ], [ -90.179188070501539, 35.385489470609919 ], [ -90.179264999895096, 35.385194000681359 ], [ -90.177227893471567, 35.383457492742238 ] ], [ [ -90.115415888520602, 35.467594930889625 ], [ -90.110655244871836, 35.474613010743347 ], [ -90.111656000371596, 35.474468999949515 ], [ -90.115415888520602, 35.467594930889625 ] ], [ [ -90.071640014237815, 35.410850525271144 ], [ -90.067224000505703, 35.464804000540717 ], [ -90.084183999932094, 35.478418999433373 ], [ -90.070686340274307, 35.467216491161437 ], [ -90.071640014237815, 35.410850525271144 ] ], [ [ -90.031356811646404, 35.394630431720202 ], [ -90.047889709765897, 35.410305023296893 ], [ -90.045630658627289, 35.414397769235535 ], [ -90.056781999812699, 35.403862999875301 ], [ -90.044581999702004, 35.393073000237735 ], [ -90.054163774336061, 35.389338674826547 ], [ -90.031356811646404, 35.394630431720202 ] ], [ [ -90.021728896118034, 35.457670446572713 ], [ -90.019035339546406, 35.46254348745579 ], [ -90.019747913137508, 35.463699430722862 ], [ -90.021728896118034, 35.457670446572713 ] ], [ [ -90.048904899054577, 35.512040732900999 ], [ -90.044284173465797, 35.526346254823508 ], [ -90.050327999755098, 35.514212999504437 ], [ -90.048904899054577, 35.512040732900999 ] ], [ [ -89.988168926699061, 35.559345684558849 ], [ -90.030059000284098, 35.554886999716885 ], [ -90.031346233931671, 35.552305329821387 ], [ -89.988168926699061, 35.559345684558849 ] ], [ [ -89.954856872243894, 35.524009704224149 ], [ -89.958848999739601, 35.541915999565887 ], [ -89.987628139427045, 35.559024345341619 ], [ -89.954856872243894, 35.524009704224149 ] ], [ [ -89.941208563894094, 35.520170824058631 ], [ -89.918945312897804, 35.513904570911087 ], [ -89.91721304560366, 35.520452844504874 ], [ -89.941208563894094, 35.520170824058631 ] ], [ [ -89.957495000552896, 35.588530000291691 ], [ -89.916409011377411, 35.549544456105707 ], [ -89.953839533585068, 35.590193039363193 ], [ -89.957495000552896, 35.588530000291691 ] ], [ [ -89.853066092061539, 35.650504938252787 ], [ -89.852264404216896, 35.652118682614613 ], [ -89.852572564917509, 35.652522632088925 ], [ -89.853066092061539, 35.650504938252787 ] ], [ [ -89.866111755556801, 35.67026519815041 ], [ -89.928062438683895, 35.660984039516194 ], [ -89.956061707642874, 35.694531519134514 ], [ -89.929435000657605, 35.658973999869701 ], [ -89.866111755556801, 35.67026519815041 ] ], [ [ -89.95627008243676, 35.697170842346367 ], [ -89.953294973336185, 35.731217395115223 ], [ -89.958682000233296, 35.727706999738977 ], [ -89.95627008243676, 35.697170842346367 ] ], [ [ -89.918013117341417, 35.75419412830184 ], [ -89.908805802195317, 35.758499543357502 ], [ -89.910119999441918, 35.759331000587494 ], [ -89.918013117341417, 35.75419412830184 ] ], [ [ -89.818626403599794, 35.756820678547683 ], [ -89.794332398657843, 35.789255690837052 ], [ -89.830224880621614, 35.753701500663716 ], [ -89.818626403599794, 35.756820678547683 ] ], [ [ -89.734707000686299, 35.806046999677463 ], [ -89.757276390196878, 35.805684521302624 ], [ -89.706602705713763, 35.818616501689476 ], [ -89.734707000686299, 35.806046999677463 ] ], [ [ -89.707380852083659, 35.837613283333425 ], [ -89.70742034963942, 35.838577270945123 ], [ -89.738347150409354, 35.849985742200523 ], [ -89.707380852083659, 35.837613283333425 ] ], [ [ -89.770508485621434, 35.862822746594716 ], [ -89.769826326872973, 35.869394540705294 ], [ -89.771027999562506, 35.863029999431866 ], [ -89.770508485621434, 35.862822746594716 ] ], [ [ -89.742606000167299, 35.906653000418068 ], [ -89.765910212492585, 35.890128156638497 ], [ -89.71407342643181, 35.905836232572966 ], [ -89.742606000167299, 35.906653000418068 ] ], [ [ -89.644409179268294, 35.904659271449098 ], [ -89.647786964321142, 35.909948011822642 ], [ -89.644843009671717, 35.90422349143774 ], [ -89.644409179268294, 35.904659271449098 ] ], [ [ -89.721389770348296, 35.987762451012834 ], [ -89.71241070707714, 35.999644960532002 ], [ -89.71757962197205, 35.969317823534666 ], [ -89.721389770348296, 35.987762451012834 ] ], [ [ -89.689971025356613, 36.029320994885452 ], [ -89.683425903734417, 36.03797149674714 ], [ -89.672996781500672, 36.089932625550766 ], [ -89.689971025356613, 36.029320994885452 ] ], [ [ -89.672830607009871, 36.090525497349319 ], [ -89.635592985276105, 36.106290728643067 ], [ -89.672462999652694, 36.09183699991187 ], [ -89.672830607009871, 36.090525497349319 ] ], [ [ -89.593982616422764, 36.140124355231343 ], [ -89.589561462516301, 36.147510529222771 ], [ -89.600929273526333, 36.156694840903285 ], [ -89.593982616422764, 36.140124355231343 ] ], [ [ -89.704458999406299, 36.235468000422117 ], [ -89.672263313658277, 36.214250379898075 ], [ -89.690692725872339, 36.249571937873775 ], [ -89.704458999406299, 36.235468000422117 ] ], [ [ -89.545555114076393, 36.27909469604031 ], [ -89.591993396713804, 36.299536638279299 ], [ -89.578492000275503, 36.288316999727989 ], [ -89.545555114076393, 36.27909469604031 ] ], [ [ -89.608667303028327, 36.313385812306237 ], [ -89.617975435916861, 36.326011610205256 ], [ -89.620255000329394, 36.323006000809251 ], [ -89.608667303028327, 36.313385812306237 ] ], [ [ -89.519333024534092, 36.35867899315059 ], [ -89.517929076820195, 36.360244751308919 ], [ -89.517955977609901, 36.36082098745581 ], [ -89.519333024534092, 36.35867899315059 ] ], [ [ -89.519241333092296, 36.388343810882326 ], [ -89.544128212275481, 36.42930334987372 ], [ -89.545254999516402, 36.427078999560202 ], [ -89.519241333092296, 36.388343810882326 ] ], [ [ -89.52110674604755, 36.474717500529685 ], [ -89.520446776982098, 36.475440978973246 ], [ -89.520633090878022, 36.475651239947531 ], [ -89.52110674604755, 36.474717500529685 ] ], [ [ -89.566923329431518, 36.56455090819734 ], [ -89.559476549389629, 36.568498413954721 ], [ -89.567004000367405, 36.565047999662767 ], [ -89.566923329431518, 36.56455090819734 ] ], [ [ -89.53245240325549, 36.58087912415742 ], [ -89.515513330015153, 36.577947632361685 ], [ -89.530637999488803, 36.581709999255985 ], [ -89.53245240325549, 36.58087912415742 ] ], [ [ -89.484516792577551, 36.570229872358198 ], [ -89.470809075415801, 36.543667573138158 ], [ -89.479929999840394, 36.569086999739412 ], [ -89.484516792577551, 36.570229872358198 ] ], [ [ -89.46968217403662, 36.540525705398373 ], [ -89.491166461428008, 36.479162721301861 ], [ -89.465912999862397, 36.530014999549998 ], [ -89.46968217403662, 36.540525705398373 ] ], [ [ -89.423797606892194, 36.490493773996313 ], [ -89.464432999380719, 36.457747000906906 ], [ -89.4944229119846, 36.469852447602356 ], [ -89.464637755976696, 36.45709991468258 ], [ -89.423797606892194, 36.490493773996313 ] ], [ [ -89.324636999694505, 36.631022999025213 ], [ -89.335314552681638, 36.629494669464947 ], [ -89.265930431043131, 36.568856169488875 ], [ -89.324636999694505, 36.631022999025213 ] ], [ [ -89.259920644894237, 36.566975285766354 ], [ -89.249877929735703, 36.563831329744964 ], [ -89.221854684630955, 36.574500146653826 ], [ -89.259920644894237, 36.566975285766354 ] ], [ [ -89.218795477705811, 36.575664243783919 ], [ -89.216117858851206, 36.576683043893077 ], [ -89.206844636799516, 36.605949144568108 ], [ -89.218795477705811, 36.575664243783919 ] ], [ [ -89.178044834104483, 36.68956507175907 ], [ -89.198246229726081, 36.733297089459889 ], [ -89.199311000621194, 36.715623999631312 ], [ -89.178044834104483, 36.68956507175907 ] ], [ [ -89.197925471829009, 36.738619370927758 ], [ -89.190255466440135, 36.74515345681403 ], [ -89.197856000253907, 36.739771999491808 ], [ -89.197925471829009, 36.738619370927758 ] ], [ [ -89.171720186782707, 36.758271805524359 ], [ -89.140475478517033, 36.754404187105102 ], [ -89.169784999589595, 36.759641000629308 ], [ -89.171720186782707, 36.758271805524359 ] ], [ [ -89.145421740018392, 36.791164839450566 ], [ -89.170755646704293, 36.798259969611003 ], [ -89.170563000812805, 36.797537999702648 ], [ -89.145421740018392, 36.791164839450566 ] ], [ [ -89.178085782284285, 36.825720024099141 ], [ -89.179075165065882, 36.830067642876053 ], [ -89.179200999362294, 36.829896000391884 ], [ -89.178085782284285, 36.825720024099141 ] ], [ [ -89.174934659409857, 36.835714920858109 ], [ -89.159932713697316, 36.843623310652227 ], [ -89.170443000263901, 36.841839999719411 ], [ -89.174934659409857, 36.835714920858109 ] ], [ [ -89.134925758531338, 36.856797990341491 ], [ -89.100593566489195, 36.954097748473949 ], [ -89.101454992964065, 36.956271946874587 ], [ -89.134925758531338, 36.856797990341491 ] ], [ [ -89.106119901230571, 36.968043608751522 ], [ -89.109123230012003, 36.975620269424695 ], [ -89.124054340915308, 36.982484446575434 ], [ -89.106119901230571, 36.968043608751522 ] ], [ [ -88.172707818324696, 37.631239833176309 ], [ -88.168401337211719, 37.627491947683566 ], [ -88.172260556751382, 37.648683588945154 ], [ -88.172707818324696, 37.631239833176309 ] ], [ [ -88.188746759854851, 37.890207580391248 ], [ -88.191628939729398, 37.833194579699679 ], [ -88.183402365088398, 37.878670047008619 ], [ -88.188746759854851, 37.890207580391248 ] ], [ [ -88.313382245492903, 38.005048686504473 ], [ -88.195212695954012, 37.90416114697539 ], [ -88.199032856995998, 37.91240244532586 ], [ -88.313382245492903, 38.005048686504473 ] ], [ [ -88.8834838687375, 38.490975789027118 ], [ -88.819727915045803, 38.435640160989401 ], [ -88.886056488000122, 38.499388954232053 ], [ -88.8834838687375, 38.490975789027118 ] ], [ [ -88.893767086813995, 38.524592819829785 ], [ -88.890505898844467, 38.513935052166723 ], [ -88.877313937532193, 38.613653748918516 ], [ -88.893767086813995, 38.524592819829785 ] ], [ [ -87.306343886543573, 41.611196861287624 ], [ -87.306343936198303, 41.611196817581337 ], [ -86.939579932354803, 41.611265612524718 ], [ -87.306343886543573, 41.611196861287624 ] ], [ [ -91.136773097184232, 40.662667222207887 ], [ -91.123928000512706, 40.669151999667399 ], [ -91.118427263203216, 40.688047977556487 ], [ -91.136773097184232, 40.662667222207887 ] ], [ [ -91.107683475358755, 40.72492584545823 ], [ -91.091703000430201, 40.779708000325421 ], [ -91.092993000042796, 40.821079000296209 ], [ -91.107683475358755, 40.72492584545823 ] ], [ [ -90.961632091351845, 40.930812920054372 ], [ -90.950858875970937, 40.989035136274595 ], [ -90.961973983429019, 40.929967487928657 ], [ -90.961632091351845, 40.930812920054372 ] ], [ [ -90.991525465522741, 41.156082838542318 ], [ -90.994963000783599, 41.160629999634864 ], [ -91.041556999400001, 41.166162000256705 ], [ -90.991525465522741, 41.156082838542318 ] ], [ [ -90.181973000065199, 41.807069999714365 ], [ -90.181969485038039, 41.808836014884811 ], [ -90.19963771368478, 41.799821234981906 ], [ -90.181973000065199, 41.807069999714365 ] ], [ [ -90.164485000559196, 42.042105000055074 ], [ -90.164484997722127, 42.042105133324981 ], [ -90.164484999677754, 42.042105136434088 ], [ -90.164485000559196, 42.042105000055074 ] ], [ [ -90.162895025289245, 42.116718009795534 ], [ -90.163999622962933, 42.117126106539075 ], [ -90.1644849806557, 42.042108079555319 ], [ -90.162895025289245, 42.116718009795534 ] ], [ [ -90.392077556628649, 42.22676002783399 ], [ -90.393150999824897, 42.227186000459497 ], [ -90.392077477641124, 42.226759922984961 ], [ -90.392077556628649, 42.22676002783399 ] ], [ [ -90.430872938348713, 42.278215340789842 ], [ -90.430883999410796, 42.278229999349506 ], [ -90.403803783862799, 42.241605105807068 ], [ -90.430872938348713, 42.278215340789842 ] ], [ [ -90.419435643619252, 42.326773474499369 ], [ -90.429325170191831, 42.338287361604067 ], [ -90.419435660607775, 42.326773402513048 ], [ -90.419435643619252, 42.326773474499369 ] ], [ [ -88.750468459916732, 41.452551551493052 ], [ -88.754196614315717, 41.451979441995782 ], [ -88.758167237453037, 41.444576208850812 ], [ -88.750468459916732, 41.452551551493052 ] ], [ [ -88.827466841929606, 41.359052626889529 ], [ -88.879762106294507, 41.321732603075972 ], [ -88.841451506150705, 41.3423030687674 ], [ -88.827466841929606, 41.359052626889529 ] ], [ [ -88.374753435311703, 41.3647794516151 ], [ -88.5459390710364, 41.325766085424476 ], [ -88.549206592383612, 41.324219791485348 ], [ -88.374753435311703, 41.3647794516151 ] ], [ [ -88.274604083448921, 41.397525613770831 ], [ -88.266041280028887, 41.39466586376291 ], [ -88.269038213151205, 41.398990124391801 ], [ -88.274604083448921, 41.397525613770831 ] ], [ [ -88.259974426870855, 41.38591024495723 ], [ -88.261565550510795, 41.374606061040915 ], [ -88.24201647348491, 41.359979499401511 ], [ -88.259974426870855, 41.38591024495723 ] ], [ [ -90.109406999785804, 38.843548000116577 ], [ -90.113470732116994, 38.845739412334567 ], [ -90.114200073261586, 38.827636002638521 ], [ -90.109406999785804, 38.843548000116577 ] ], [ [ -90.4520924507177, 38.967475312510373 ], [ -90.484699027285203, 38.96820319103729 ], [ -90.508523654352089, 38.959035409679707 ], [ -90.4520924507177, 38.967475312510373 ] ], [ [ -90.548476362346733, 38.97524615964727 ], [ -90.547697379533446, 38.973574299097294 ], [ -90.525207376703818, 38.957043400486576 ], [ -90.548476362346733, 38.97524615964727 ] ], [ [ -90.268137777963901, 40.15455558220512 ], [ -90.371616319932699, 40.123019263494932 ], [ -90.372024972771555, 40.122220080372678 ], [ -90.268137777963901, 40.15455558220512 ] ], [ [ -89.097979579505207, 41.312195783868816 ], [ -89.096802160099543, 41.312990662739423 ], [ -89.120833937550401, 41.322198110623901 ], [ -89.097979579505207, 41.312195783868816 ] ], [ [ -87.617602158341185, 40.113027455809188 ], [ -87.61791294758369, 40.113371025786122 ], [ -87.6237768785182, 40.117082806397349 ], [ -87.617602158341185, 40.113027455809188 ] ], [ [ -87.557976721393004, 40.046331517120535 ], [ -87.556494280056, 40.021183467931799 ], [ -87.556039676059072, 40.020956610563417 ], [ -87.557976721393004, 40.046331517120535 ] ], [ [ -86.257672176290058, 41.138050331937677 ], [ -86.257774891508248, 41.12932701927474 ], [ -86.2577747533158, 41.129327019199721 ], [ -86.257672176290058, 41.138050331937677 ] ], [ [ -86.394336081360606, 41.221371431546892 ], [ -86.396327941034997, 41.137800835875225 ], [ -86.394336033749894, 41.221371393032889 ], [ -86.257199817020521, 41.222463847317272 ], [ -86.394336081360606, 41.221371431546892 ] ], [ [ -86.30373816504094, 41.330683152473604 ], [ -86.303295273252502, 41.261955304403294 ], [ -86.383915624064798, 41.261406600190035 ], [ -86.303295195997407, 41.261955255784187 ], [ -86.30373816504094, 41.330683152473604 ] ], [ [ -91.077468871359798, 42.837306976274832 ], [ -91.094059999174405, 42.830813000464566 ], [ -91.069768731438984, 42.795789637132089 ], [ -91.077468871359798, 42.837306976274832 ] ], [ [ -91.051696777187004, 42.739658356094452 ], [ -91.053733000119621, 42.738237999662488 ], [ -91.048586104912673, 42.737985904872517 ], [ -91.051696777187004, 42.739658356094452 ] ], [ [ -90.640332162676231, 42.525864532664592 ], [ -90.670854942380842, 42.580740443886818 ], [ -90.689800485830048, 42.607110100750802 ], [ -90.640332162676231, 42.525864532664592 ] ], [ [ -90.711032039486184, 42.636635643985635 ], [ -90.950653627163675, 42.686437025286956 ], [ -90.709791203349042, 42.634910835394926 ], [ -90.711032039486184, 42.636635643985635 ] ], [ [ -90.654496000531296, 42.479205000630394 ], [ -90.654495784803402, 42.479204903979337 ], [ -90.654491560532819, 42.479214481101991 ], [ -90.654496000531296, 42.479205000630394 ] ], [ [ -88.293111883766457, 41.529178754165457 ], [ -88.284831460923698, 41.530491040416614 ], [ -87.7863755444926, 41.917590946029208 ], [ -88.293111883766457, 41.529178754165457 ] ], [ [ -90.084070664882603, 42.509421217537344 ], [ -90.085050951436415, 42.509420803657555 ], [ -90.085048705648106, 42.509419562018195 ], [ -90.084070664882603, 42.509421217537344 ] ], [ [ -92.288314818816701, 46.667888641568808 ], [ -92.289018190701, 46.365630921168211 ], [ -92.288993364859806, 46.357101283820271 ], [ -92.288314818816701, 46.667888641568808 ] ], [ [ -91.578235312649156, 46.403542802030316 ], [ -91.642869956031802, 46.391409983494398 ], [ -91.613882221569, 46.390598053260128 ], [ -91.578235312649156, 46.403542802030316 ] ], [ [ -91.535729762031096, 46.411502833982858 ], [ -91.547072040058225, 46.409380223307494 ], [ -91.512546469156788, 46.401428777182012 ], [ -91.535729762031096, 46.411502833982858 ] ], [ [ -90.438853142044096, 46.231085907850805 ], [ -90.450372829593135, 46.230149783432196 ], [ -90.430863983172415, 46.226891704979487 ], [ -90.438853142044096, 46.231085907850805 ] ], [ [ -90.396349173814599, 46.208760980969373 ], [ -90.407132714212636, 46.214427507250825 ], [ -90.333278766737095, 46.055704214387639 ], [ -90.396349173814599, 46.208760980969373 ] ], [ [ -90.142227916912958, 44.528265317503497 ], [ -90.129766732693795, 44.469145387819317 ], [ -90.141905920452999, 44.528014378761974 ], [ -90.142227916912958, 44.528265317503497 ] ], [ [ -90.132287492517605, 44.403926518577407 ], [ -90.128850351390994, 44.399169367447797 ], [ -90.13032616752011, 44.43968688716987 ], [ -90.132287492517605, 44.403926518577407 ] ], [ [ -89.804035798770101, 44.42752903180979 ], [ -89.784154909231106, 44.429452496169006 ], [ -90.128850351390994, 44.399169367447797 ], [ -89.804035798770101, 44.42752903180979 ] ], [ [ -90.100233268650541, 44.181220635409524 ], [ -90.113476506363398, 44.148084302380532 ], [ -90.099556508266502, 44.180464098389301 ], [ -90.100233268650541, 44.181220635409524 ] ], [ [ -90.0376457698097, 43.959644666262406 ], [ -90.036751993402959, 43.958004415964396 ], [ -90.037263352318803, 43.959419064168813 ], [ -90.0376457698097, 43.959644666262406 ] ], [ [ -89.734492552166699, 43.579203572175878 ], [ -89.717330156018605, 43.597109368774085 ], [ -89.71894085398506, 43.597546296549702 ], [ -89.734492552166699, 43.579203572175878 ] ], [ [ -89.727632487341253, 43.569484071063407 ], [ -89.727212956345497, 43.56888957398629 ], [ -89.612141123832515, 43.566051899297783 ], [ -89.727632487341253, 43.569484071063407 ] ], [ [ -89.12678336783469, 43.758552571527574 ], [ -89.110977378809594, 43.764724237762906 ], [ -89.112031397109774, 43.767986893131052 ], [ -89.12678336783469, 43.758552571527574 ] ], [ [ -89.115057569554523, 43.777352573260799 ], [ -89.116591006715595, 43.782097452319505 ], [ -89.122756371571583, 43.78787651126251 ], [ -89.115057569554523, 43.777352573260799 ] ], [ [ -89.149144499137904, 43.812597632503078 ], [ -89.187878868640922, 43.806029951464062 ], [ -89.184984717877398, 43.804307904272335 ], [ -89.149144499137904, 43.812597632503078 ] ], [ [ -89.192722624534397, 43.808911708553786 ], [ -89.193497278375602, 43.827417325704317 ], [ -89.198174713533504, 43.812154904290338 ], [ -89.192722624534397, 43.808911708553786 ] ], [ [ -89.136567034131403, 43.827374095488423 ], [ -89.136475587531322, 43.828230874492732 ], [ -89.193497278375602, 43.827417325704317 ], [ -89.136567034131403, 43.827374095488423 ] ], [ [ -88.450033016095603, 43.782120514548453 ], [ -88.13548317600862, 43.988331260891215 ], [ -88.3027574807588, 43.987728830383745 ], [ -88.3262230677947, 44.060909532234284 ], [ -88.3119636727086, 44.171121694615408 ], [ -88.468392059830308, 44.20180332782413 ], [ -88.552532098653415, 44.020989909502681 ], [ -88.450033016095603, 43.782120514548453 ] ], [ [ -88.229092357593402, 44.112402748178908 ], [ -88.134543878032503, 44.11240274817888 ], [ -88.318038680734503, 44.112402748178866 ], [ -88.229092357593402, 44.112402748178908 ] ], [ [ -88.372213145806299, 44.271521258905246 ], [ -88.358534206408919, 44.276459812850973 ], [ -88.359836770780007, 44.276540158652921 ], [ -88.372213145806299, 44.271521258905246 ] ], [ [ -88.003066978096612, 44.396089927461254 ], [ -87.994966327962103, 44.392158021192181 ], [ -87.986191315670595, 44.403692862547317 ], [ -88.003066978096612, 44.396089927461254 ] ], [ [ -88.308882042751875, 43.697190149840679 ], [ -88.308662364937803, 43.697754802432634 ], [ -88.3109423119582, 43.699035974898138 ], [ -88.308882042751875, 43.697190149840679 ] ], [ [ -88.264070119998294, 43.623381411828802 ], [ -88.321974504751253, 43.653240652175789 ], [ -88.322439965689199, 43.651570211307956 ], [ -88.264070119998294, 43.623381411828802 ] ], [ [ -88.040623621546416, 43.472520200501684 ], [ -88.052306467182305, 43.471571024872667 ], [ -88.052047419058852, 43.470804448019699 ], [ -88.040623621546416, 43.472520200501684 ] ], [ [ -87.966739492054003, 43.46647908609058 ], [ -87.981272420550795, 43.477325819751755 ], [ -88.000978500986164, 43.475733269892302 ], [ -87.966739492054003, 43.46647908609058 ] ], [ [ -87.942879412901092, 43.419197687879198 ], [ -87.943233677561395, 43.420626885355901 ], [ -87.970675294282998, 43.435509025299929 ], [ -87.942879412901092, 43.419197687879198 ] ], [ [ -87.933408040699774, 43.380068883627153 ], [ -87.933227913143497, 43.380239032432819 ], [ -87.937326302430137, 43.396787515735497 ], [ -87.933408040699774, 43.380068883627153 ] ], [ [ -87.933441498560811, 43.242383733267168 ], [ -87.932897660105695, 43.242550255541417 ], [ -87.9498498522739, 43.274420451687128 ], [ -87.933441498560811, 43.242383733267168 ] ], [ [ -87.982724246271999, 43.225351928995998 ], [ -87.957140124572305, 43.194468466549488 ], [ -87.981952707541822, 43.225603552503102 ], [ -87.982724246271999, 43.225351928995998 ] ], [ [ -87.902107066353494, 43.054374321405824 ], [ -87.892282273098601, 43.06074344290937 ], [ -87.892185489508194, 43.082393081921161 ], [ -87.902107066353494, 43.054374321405824 ] ], [ [ -88.738277428384507, 43.16698458244344 ], [ -88.723498836972965, 43.201508220812293 ], [ -88.7242508272127, 43.201971307814354 ], [ -88.738277428384507, 43.16698458244344 ] ], [ [ -88.600092674839701, 43.10917051682852 ], [ -88.616768668295705, 43.120853583232758 ], [ -88.617260272463881, 43.1205088828615 ], [ -88.600092674839701, 43.10917051682852 ] ], [ [ -88.575898654463884, 43.111939951022265 ], [ -88.575558748385802, 43.111816314767921 ], [ -88.576615177850897, 43.115655445880982 ], [ -88.575898654463884, 43.111939951022265 ] ], [ [ -88.579333377822138, 43.129747051215645 ], [ -88.575454277306733, 43.133909743653405 ], [ -88.579478746554102, 43.130500512053501 ], [ -88.579333377822138, 43.129747051215645 ] ], [ [ -88.561622896747906, 43.148747500497926 ], [ -88.559476148768795, 43.151049774306536 ], [ -88.575365677973409, 43.16182730604379 ], [ -88.561622896747906, 43.148747500497926 ] ], [ [ -88.564672342138707, 43.207854765365148 ], [ -88.541045149081498, 43.202627964214138 ], [ -88.54097213107741, 43.203083607587544 ], [ -88.564672342138707, 43.207854765365148 ] ], [ [ -88.540816120791405, 43.204057116105893 ], [ -88.539784548633193, 43.210493495850208 ], [ -88.546940943208199, 43.239882358996738 ], [ -88.540816120791405, 43.204057116105893 ] ], [ [ -88.60537617437555, 43.37143154929781 ], [ -88.605722111298107, 43.372185940683238 ], [ -88.607479493531343, 43.372802544520098 ], [ -88.60537617437555, 43.37143154929781 ] ], [ [ -91.264404297058505, 43.618221283056357 ], [ -91.249834867235535, 43.604298079055319 ], [ -91.264980832504747, 43.620918157383805 ], [ -91.264404297058505, 43.618221283056357 ] ], [ [ -88.718356459610703, 44.809419506174521 ], [ -88.516531161633694, 44.936168305350876 ], [ -88.586731265355994, 44.894275845463426 ], [ -88.718356459610703, 44.809419506174521 ] ], [ [ -88.583913721925299, 44.713637663033438 ], [ -88.443040428414406, 44.613441944938948 ], [ -88.718356459610703, 44.809419506174521 ], [ -88.583913721925299, 44.713637663033438 ] ], [ [ -88.560977127607401, 44.519429283641209 ], [ -88.581988684837199, 44.501236840141054 ], [ -88.574229678575094, 44.507515404144328 ], [ -88.560977127607401, 44.519429283641209 ] ], [ [ -88.6981277046645, 44.400456324895437 ], [ -88.472656096582696, 44.277508176624536 ], [ -88.698119676340795, 44.400463304666253 ], [ -88.6981277046645, 44.400456324895437 ] ], [ [ -88.762307049647447, 44.389589105304665 ], [ -88.761721949926908, 44.389339116860519 ], [ -88.6981277046645, 44.400456324895437 ], [ -88.762307049647447, 44.389589105304665 ] ], [ [ -88.620367367832898, 44.601397941303247 ], [ -88.636290291168365, 44.629818925216576 ], [ -88.636960291379694, 44.628035271863908 ], [ -88.620367367832898, 44.601397941303247 ] ], [ [ -88.579151912504301, 44.597345671697227 ], [ -88.602122973383004, 44.609338738558321 ], [ -88.571610570156537, 44.586053344157122 ], [ -88.579151912504301, 44.597345671697227 ] ], [ [ -88.559830190093606, 44.568405675705556 ], [ -88.567930995865538, 44.580542164314416 ], [ -88.565570835663777, 44.559811816117808 ], [ -88.559830190093606, 44.568405675705556 ] ], [ [ -88.65017909875435, 44.084814505067818 ], [ -88.658975614864701, 44.092196825315206 ], [ -88.661180101511775, 44.092192732848297 ], [ -88.65017909875435, 44.084814505067818 ] ], [ [ -88.727313121134202, 44.140799620802092 ], [ -88.768427555308278, 44.141918237307522 ], [ -88.762599979455317, 44.138448423193999 ], [ -88.727313121134202, 44.140799620802092 ] ], [ [ -88.77530616860949, 44.14601309895717 ], [ -88.783541382015159, 44.161038187835217 ], [ -88.783792904280901, 44.151064156937409 ], [ -88.77530616860949, 44.14601309895717 ] ], [ [ -88.793138794788817, 44.178540147316291 ], [ -88.795551095866799, 44.182937819296235 ], [ -88.8781341281327, 44.266305409047497 ], [ -88.793138794788817, 44.178540147316291 ] ], [ [ -88.881629382173301, 44.303638894798901 ], [ -88.862128663255803, 44.303551535988248 ], [ -88.853059785196294, 44.312471151971984 ], [ -88.881629382173301, 44.303638894798901 ] ], [ [ -88.846839779048864, 44.31858716671789 ], [ -88.841843867808905, 44.323498598970978 ], [ -88.842676475309858, 44.324622487741514 ], [ -88.846839779048864, 44.31858716671789 ] ], [ [ -88.848322418297073, 44.332242569108899 ], [ -88.857218097862827, 44.344244962065076 ], [ -88.858993726170596, 44.343318397616315 ], [ -88.848322418297073, 44.332242569108899 ] ], [ [ -88.850877789037185, 44.347553098502338 ], [ -88.814944738297399, 44.360725389695403 ], [ -88.799051096372338, 44.374571777204146 ], [ -88.850877789037185, 44.347553098502338 ] ], [ [ -88.797562574176226, 44.37586819711786 ], [ -88.788660476851803, 44.383620119195719 ], [ -88.794509412302631, 44.391594876738516 ], [ -88.797562574176226, 44.37586819711786 ] ], [ [ -88.773526696702504, 44.401338598660566 ], [ -88.793507509224213, 44.396754135234204 ], [ -88.764971124401967, 44.390727297999184 ], [ -88.773526696702504, 44.401338598660566 ] ], [ [ -87.299363153890596, 39.692240224216327 ], [ -87.299022049674704, 39.692041260564359 ], [ -87.29567575739479, 39.751489120990584 ], [ -87.299363153890596, 39.692240224216327 ] ], [ [ -84.253123812948004, 35.919494122896396 ], [ -84.271958826341006, 35.941626107065005 ], [ -84.253849633656827, 35.919127123523857 ], [ -84.253123812948004, 35.919494122896396 ] ], [ [ -84.280633340508501, 35.877270798807409 ], [ -84.283864205089699, 35.898918394739205 ], [ -84.282953062131952, 35.878205633923983 ], [ -84.280633340508501, 35.877270798807409 ] ], [ [ -84.5217641847903, 35.891138370200657 ], [ -84.502256340435906, 35.888079939921589 ], [ -84.488894880480657, 35.890424714110893 ], [ -84.5217641847903, 35.891138370200657 ] ], [ [ -84.266342157256531, 35.779842661548976 ], [ -84.236246043752757, 35.783745171404099 ], [ -84.236928624781399, 35.789099149566269 ], [ -84.266342157256531, 35.779842661548976 ] ], [ [ -84.275876122318095, 35.763482641283197 ], [ -84.27062209330154, 35.778494957815163 ], [ -84.273112213758495, 35.777710753258503 ], [ -84.275876122318095, 35.763482641283197 ] ], [ [ -84.27850421470751, 35.755971024554277 ], [ -84.278145570779813, 35.756996194541237 ], [ -84.293562860664807, 35.770199640920303 ], [ -84.27850421470751, 35.755971024554277 ] ], [ [ -84.302367141864906, 35.736872361440128 ], [ -84.302701654783817, 35.737974841568132 ], [ -84.307009601493689, 35.735206842771156 ], [ -84.302367141864906, 35.736872361440128 ] ], [ [ -84.322712604136299, 35.729571364722183 ], [ -84.319365659179581, 35.730772759396302 ], [ -84.323728193961642, 35.73185528488812 ], [ -84.322712604136299, 35.729571364722183 ] ], [ [ -84.427659104670397, 35.750970430953089 ], [ -84.410302107380602, 35.777343625376581 ], [ -84.433837282413805, 35.750904952789156 ], [ -84.427659104670397, 35.750970430953089 ] ], [ [ -84.441337566448794, 35.750825030269283 ], [ -84.436730711421148, 35.750874176770566 ], [ -84.441829052762543, 35.773940618158058 ], [ -84.441337566448794, 35.750825030269283 ] ], [ [ -84.487291485780801, 35.79674575742029 ], [ -84.443254442936563, 35.780386898761058 ], [ -84.443540098083204, 35.781678627392232 ], [ -84.487291485780801, 35.79674575742029 ] ], [ [ -84.533301857471741, 35.843583883452339 ], [ -84.538013667132603, 35.846072417618288 ], [ -84.487291485780801, 35.79674575742029 ], [ -84.533301857471741, 35.843583883452339 ] ], [ [ -84.537103190458851, 35.847450151267736 ], [ -84.537304114110171, 35.847654492468379 ], [ -84.538013667132603, 35.846072417618288 ], [ -84.537103190458851, 35.847450151267736 ] ], [ [ -84.522855920829798, 35.869001519903598 ], [ -84.530016583394911, 35.878609996382131 ], [ -84.535063337751623, 35.852650229426594 ], [ -84.522855920829798, 35.869001519903598 ] ], [ [ -84.556136662356707, 35.833388351787221 ], [ -84.555651315537631, 35.83513455593252 ], [ -84.600119778679257, 35.843842321282168 ], [ -84.556136662356707, 35.833388351787221 ] ], [ [ -84.619297037835693, 35.799476810632441 ], [ -84.600122763251221, 35.843842905090469 ], [ -84.600123104129906, 35.843842971769305 ], [ -84.619297037835693, 35.799476810632441 ] ], [ [ -84.659207546154605, 35.787455678628255 ], [ -84.659207432966895, 35.787455633448552 ], [ -84.624976227308352, 35.786325268902019 ], [ -84.659207546154605, 35.787455678628255 ] ], [ [ -84.708986564729997, 35.745402320458261 ], [ -84.708986289845598, 35.745402243174574 ], [ -84.686819108728443, 35.753773378731239 ], [ -84.708986564729997, 35.745402320458261 ] ], [ [ -84.744484616076093, 35.701286453059566 ], [ -84.744484797535804, 35.701286370626725 ], [ -84.741548777098899, 35.67686401831093 ], [ -84.744484616076093, 35.701286453059566 ] ], [ [ -84.786868254075017, 35.65986134047494 ], [ -84.779222409138853, 35.614117779368087 ], [ -84.77064101923763, 35.675152016238712 ], [ -84.786868254075017, 35.65986134047494 ] ], [ [ -84.777021678311897, 35.600940010007577 ], [ -84.777021691903272, 35.600940091406152 ], [ -84.801597738726315, 35.585348441431805 ], [ -84.777021678311897, 35.600940010007577 ] ], [ [ -84.795193074763603, 35.552120687214135 ], [ -84.809562633474314, 35.576203550327904 ], [ -84.795193507068518, 35.552120690381763 ], [ -84.795193074763603, 35.552120687214135 ] ], [ [ -84.872127539554214, 35.548490525791259 ], [ -84.856924649144318, 35.502620867545701 ], [ -84.856924593215808, 35.50262089830629 ], [ -84.872127539554214, 35.548490525791259 ] ], [ [ -84.902531961653779, 35.477519625634294 ], [ -84.902036884501427, 35.477792291008299 ], [ -84.9025319613759, 35.477519628697117 ], [ -84.902531961653779, 35.477519625634294 ] ], [ [ -84.907770449226007, 35.447054112756611 ], [ -84.907370058038623, 35.449383653962215 ], [ -84.912481400981505, 35.445891452065112 ], [ -84.907770449226007, 35.447054112756611 ] ], [ [ -84.940996638760694, 35.438849115363524 ], [ -84.933544213506622, 35.440690415706676 ], [ -84.949342573379752, 35.445256551799844 ], [ -84.940996638760694, 35.438849115363524 ] ], [ [ -84.957332562389496, 35.498783968565185 ], [ -84.957332812121194, 35.498783961983094 ], [ -84.958129333361796, 35.452000586688037 ], [ -84.957332562389496, 35.498783968565185 ] ], [ [ -84.982173621948377, 35.439115659569246 ], [ -84.982141114618386, 35.440063968902081 ], [ -84.991333974258282, 35.439190570610023 ], [ -84.982173621948377, 35.439115659569246 ] ], [ [ -85.062004411115637, 35.314147841569522 ], [ -85.014480012082899, 35.410404669330987 ], [ -84.982223761243205, 35.437652939840802 ], [ -85.026917016511604, 35.40016026139552 ], [ -85.062004411115637, 35.314147841569522 ] ], [ [ -84.928428145228906, 35.365005168507487 ], [ -84.9284278469882, 35.365005129681812 ], [ -84.955258713075182, 35.392142919124609 ], [ -84.928428145228906, 35.365005168507487 ] ], [ [ -84.8060164183795, 35.328104534512597 ], [ -84.80601679910184, 35.328104462537858 ], [ -84.777241966286326, 35.306622296634487 ], [ -84.8060164183795, 35.328104534512597 ] ], [ [ -84.726701935919294, 35.289191791261942 ], [ -84.72670246292877, 35.289191733338718 ], [ -84.726460844359764, 35.277791546614964 ], [ -84.726701935919294, 35.289191791261942 ] ], [ [ -84.726431910429696, 35.276423141797899 ], [ -84.726431910821219, 35.276423160314373 ], [ -84.730484426721205, 35.276059010677841 ], [ -84.726431910429696, 35.276423141797899 ] ], [ [ -84.71482461593591, 35.257863659880023 ], [ -84.740417622859184, 35.256574300312799 ], [ -84.740417493627305, 35.256574114214807 ], [ -84.71482461593591, 35.257863659880023 ] ], [ [ -84.652281535314103, 35.204073563831521 ], [ -84.652281070885095, 35.204073755409993 ], [ -84.710625907133036, 35.228819667720764 ], [ -84.652281535314103, 35.204073563831521 ] ], [ [ -84.551824059985094, 35.258151672836263 ], [ -84.551824057290204, 35.258151889960637 ], [ -84.560922317744314, 35.249121686828396 ], [ -84.551824059985094, 35.258151672836263 ] ], [ [ -84.498077008682046, 35.245004480158009 ], [ -84.371863251062081, 35.359479484468494 ], [ -84.420198863035495, 35.359357040838127 ], [ -84.498077008682046, 35.245004480158009 ] ], [ [ -84.281992606517704, 35.36036976548781 ], [ -84.308317448457998, 35.376574299864316 ], [ -84.30831765777198, 35.376574152166505 ], [ -84.281992606517704, 35.36036976548781 ] ], [ [ -84.114170468032597, 35.440410711482912 ], [ -84.190951649289303, 35.368471611566804 ], [ -84.220775313904852, 35.37607400332567 ], [ -84.190951721154505, 35.368471473851621 ], [ -84.114170468032597, 35.440410711482912 ] ], [ [ -84.125448816424694, 35.494663199432473 ], [ -84.125449208090217, 35.494663207477664 ], [ -84.118336591533804, 35.460460511240214 ], [ -84.125448816424694, 35.494663199432473 ] ], [ [ -84.041399069760203, 35.540700946546743 ], [ -84.041399462323994, 35.54070099259738 ], [ -84.095095582529794, 35.545184333739144 ], [ -84.041399069760203, 35.540700946546743 ] ], [ [ -83.993587361657006, 35.529743996626038 ], [ -83.993587315842902, 35.529743930830413 ], [ -83.99446222924395, 35.538435977138739 ], [ -83.993587361657006, 35.529743996626038 ] ], [ [ -84.009837885146794, 35.510948032079227 ], [ -83.986088505905499, 35.486698730083688 ], [ -84.00983783374663, 35.510948091549203 ], [ -84.009837885146794, 35.510948032079227 ] ], [ [ -83.974403452489099, 35.501039200555716 ], [ -83.974403527449894, 35.501039108578034 ], [ -83.955899963614769, 35.494570482530179 ], [ -83.974403452489099, 35.501039200555716 ] ], [ [ -83.96559916239147, 35.468528947071214 ], [ -83.939993930197005, 35.489006601332065 ], [ -83.965599226086198, 35.468528993135834 ], [ -83.96559916239147, 35.468528947071214 ] ], [ [ -83.935635937043415, 35.44684913286811 ], [ -83.879260600135225, 35.452968554586093 ], [ -83.908254103911204, 35.465280226764797 ], [ -83.935635937043415, 35.44684913286811 ] ], [ [ -83.840318222839343, 35.445590795462714 ], [ -83.864894913372197, 35.446864298791667 ], [ -83.864894714054103, 35.446864214078524 ], [ -83.840318222839343, 35.445590795462714 ] ], [ [ -83.642165753264607, 35.443625063765595 ], [ -83.64882997969093, 35.429102129767209 ], [ -83.642165346095084, 35.443624847604546 ], [ -83.642165753264607, 35.443625063765595 ] ], [ [ -83.570702072975493, 35.417030329531606 ], [ -83.570701642682394, 35.417030268036257 ], [ -83.570448882051522, 35.428990195789211 ], [ -83.570702072975493, 35.417030329531606 ] ], [ [ -83.575085851561994, 35.393298979620788 ], [ -83.575085575779198, 35.393299072623229 ], [ -83.556443605186985, 35.411736210047685 ], [ -83.575085851561994, 35.393298979620788 ] ], [ [ -83.551008749139427, 35.29436132339498 ], [ -83.564087103801995, 35.182834760074712 ], [ -83.539245993227667, 35.161225763948906 ], [ -83.564086660932603, 35.182834673438002 ], [ -83.543246005055806, 35.206585043943633 ], [ -83.540503814107694, 35.280406360468817 ], [ -83.551008749139427, 35.29436132339498 ] ], [ [ -83.470304111033997, 35.070239403845335 ], [ -83.470303710385409, 35.07023943987128 ], [ -83.480182316287028, 35.091813998100612 ], [ -83.470304111033997, 35.070239403845335 ] ], [ [ -83.515276019945304, 35.033414269734891 ], [ -83.515275650737706, 35.033414058630214 ], [ -83.491794668437265, 35.032031849846291 ], [ -83.515276019945304, 35.033414269734891 ] ], [ [ -83.562990036261297, 34.92404308413203 ], [ -83.562989783834695, 34.924042858014566 ], [ -83.55857682478063, 34.965975300971358 ], [ -83.562990036261297, 34.92404308413203 ] ], [ [ -83.627705504762503, 34.803245768197691 ], [ -83.614573156376565, 34.836851001539763 ], [ -83.627705747204146, 34.803245811903622 ], [ -83.627705504762503, 34.803245768197691 ] ], [ [ -83.654120906247883, 34.808004495149227 ], [ -83.890955963340502, 34.700202474188444 ], [ -83.890576003981096, 34.693942995288971 ], [ -83.654120906247883, 34.808004495149227 ] ], [ [ -83.854331649206898, 34.617988650395972 ], [ -83.854331201845895, 34.61798884852189 ], [ -83.850064659783627, 34.653138320277961 ], [ -83.854331649206898, 34.617988650395972 ] ], [ [ -83.824953547701995, 34.57369599269348 ], [ -83.825642030878527, 34.57721866277403 ], [ -83.8276743023427, 34.572423037720945 ], [ -83.824953547701995, 34.57369599269348 ] ], [ [ -83.862446804904806, 34.564205097716822 ], [ -83.901804394207304, 34.537698668394789 ], [ -83.838719442837615, 34.567254265957231 ], [ -83.862446804904806, 34.564205097716822 ] ], [ [ -83.956644115942595, 34.511064713242305 ], [ -83.939498349726378, 34.536104022018129 ], [ -83.939498675506101, 34.536104013437878 ], [ -83.956644115942595, 34.511064713242305 ] ], [ [ -83.996428952729303, 34.487524325323669 ], [ -83.997452338721999, 34.493629908267472 ], [ -83.997452363167, 34.493629884688886 ], [ -83.996428952729303, 34.487524325323669 ] ], [ [ -83.984966908285799, 34.473120025463572 ], [ -83.994856254369665, 34.478139794302294 ], [ -83.994856231995897, 34.478139660777593 ], [ -83.984966908285799, 34.473120025463572 ] ], [ [ -83.979559045601405, 34.448451130912169 ], [ -83.979558707834897, 34.448451024980308 ], [ -83.961479567020461, 34.461191914497753 ], [ -83.979559045601405, 34.448451130912169 ] ], [ [ -83.972470215115607, 34.402289942303284 ], [ -83.972469712957405, 34.402289897831821 ], [ -83.978026998121351, 34.407328930273053 ], [ -83.972470215115607, 34.402289942303284 ] ], [ [ -83.972164436479744, 34.350376037914245 ], [ -83.942482909674311, 34.30353835926902 ], [ -83.9454405118843, 34.32888418421927 ], [ -83.972164436479744, 34.350376037914245 ] ], [ [ -83.927090334945106, 34.282908198035649 ], [ -83.925525020138906, 34.2857024420748 ], [ -83.93629738020438, 34.295249721003806 ], [ -83.927090334945106, 34.282908198035649 ] ], [ [ -83.952319128015688, 34.269540263643563 ], [ -83.971988493544501, 34.227898545987699 ], [ -83.96723495034496, 34.219109087521865 ], [ -83.949352014684905, 34.240498452570385 ], [ -83.952319128015688, 34.269540263643563 ] ], [ [ -83.989910004735194, 34.19512646438907 ], [ -83.989909985121812, 34.19512648246171 ], [ -83.9916221672229, 34.194842684702813 ], [ -83.989910004735194, 34.19512646438907 ] ], [ [ -84.023053225870299, 34.202504849980372 ], [ -84.023053375888907, 34.202504745223393 ], [ -84.013690673724398, 34.191182521076193 ], [ -84.023053225870299, 34.202504849980372 ] ], [ [ -84.117903484157836, 34.06609907537748 ], [ -84.112610057178173, 34.088008872268539 ], [ -84.113704466979001, 34.085947334584127 ], [ -84.117903484157836, 34.06609907537748 ] ], [ [ -84.097593562345693, 34.051145913552844 ], [ -84.11790199406596, 34.066088205499334 ], [ -84.098988622200167, 34.050271703840536 ], [ -84.097593562345693, 34.051145913552844 ] ], [ [ -84.1701635825859, 34.027504078055898 ], [ -84.192039670795097, 33.991062929223219 ], [ -84.170163391864904, 34.027504103456316 ], [ -84.1701635825859, 34.027504078055898 ] ], [ [ -84.233171621048839, 34.001053944220111 ], [ -84.213266689563781, 34.00432735748592 ], [ -84.213266995706107, 34.004327548728057 ], [ -84.233171621048839, 34.001053944220111 ] ], [ [ -84.266416317157805, 33.972286935478593 ], [ -84.266416293588222, 33.972286967280191 ], [ -84.270958279682787, 33.97315536917052 ], [ -84.266416317157805, 33.972286935478593 ] ], [ [ -84.322302033627196, 33.986350401739777 ], [ -84.314088285576418, 33.987264073312915 ], [ -84.322302078459273, 33.986350490365588 ], [ -84.322302033627196, 33.986350401739777 ] ], [ [ -84.359725884813713, 34.002370884669268 ], [ -84.359443621057594, 34.002414601275426 ], [ -84.335093145856106, 34.011626683306453 ], [ -84.359725884813713, 34.002370884669268 ] ], [ [ -84.383489214339804, 33.998687803014683 ], [ -84.359888843923855, 34.002345645459208 ], [ -84.370322606056845, 34.005401734456868 ], [ -84.383489214339804, 33.998687803014683 ] ], [ [ -84.723218012329298, 33.5278377570977 ], [ -84.771551743122103, 33.611285081200919 ], [ -84.773728093921264, 33.609018667151929 ], [ -84.723218012329298, 33.5278377570977 ] ], [ [ -84.706972920154371, 33.279662776656906 ], [ -84.711257311732197, 33.339676006870832 ], [ -84.707151355113595, 33.279828168848582 ], [ -84.706972920154371, 33.279662776656906 ] ], [ [ -84.489347497928875, 32.857817662764845 ], [ -84.475407243492498, 32.876312582830913 ], [ -84.490418240112206, 32.858064388241601 ], [ -84.489347497928875, 32.857817662764845 ] ], [ [ -84.451460569551458, 32.829268994853699 ], [ -84.470463445276394, 32.853464388628012 ], [ -84.456099251831006, 32.828436993812566 ], [ -84.451460569551458, 32.829268994853699 ] ], [ [ -84.433361723281706, 32.838444588857918 ], [ -84.441530713496334, 32.831049331571684 ], [ -84.415984062045496, 32.835625256356998 ], [ -84.433361723281706, 32.838444588857918 ] ], [ [ -84.381892140918694, 32.779947001920917 ], [ -84.380786085299604, 32.779669965589534 ], [ -84.415984062045496, 32.835625256356998 ], [ -84.381892140918694, 32.779947001920917 ] ], [ [ -83.690346693142317, 31.627741504180172 ], [ -83.294699223150602, 32.078346522058219 ], [ -83.690405238254669, 31.627741943015842 ], [ -83.690346693142317, 31.627741504180172 ] ], [ [ -83.296909515330697, 32.027138443615698 ], [ -83.296042026633899, 32.002053607806879 ], [ -83.308785220928897, 32.049391995242622 ], [ -83.296909515330697, 32.027138443615698 ] ], [ [ -82.193479190374305, 30.591774639631534 ], [ -82.182955507236571, 30.627873337584592 ], [ -82.183046110749387, 30.627744855418428 ], [ -82.193479190374305, 30.591774639631534 ] ], [ [ -82.196901310344103, 30.580028293665023 ], [ -82.196913942278997, 30.580023043325866 ], [ -82.200577699576272, 30.567404974517842 ], [ -82.196901310344103, 30.580028293665023 ] ], [ [ -82.224180252226517, 30.567716550881393 ], [ -82.224967000595399, 30.564665000014415 ], [ -82.200943558294725, 30.5661582636146 ], [ -82.224180252226517, 30.567716550881393 ] ], [ [ -84.555963394522763, 30.698126413015196 ], [ -83.051733200564655, 30.619984105789456 ], [ -83.499926057527901, 30.645673747101295 ], [ -84.555963394522763, 30.698126413015196 ] ], [ [ -84.865138464780301, 30.711632582927457 ], [ -84.864753703672207, 30.711616315208509 ], [ -84.874226346422191, 30.723391503363793 ], [ -84.865138464780301, 30.711632582927457 ] ], [ [ -84.912897396860501, 30.751015059025882 ], [ -84.897517482176056, 30.750821604635505 ], [ -84.913808751240865, 30.753506233712443 ], [ -84.912897396860501, 30.751015059025882 ] ], [ [ -84.933980309098999, 30.810866651432516 ], [ -84.954372179192845, 30.791449057935889 ], [ -84.954372613528307, 30.791411642267967 ], [ -84.921538697815009, 30.774629008719977 ], [ -84.933980309098999, 30.810866651432516 ] ], [ [ -84.953687648124202, 30.85037155877092 ], [ -84.925664702836102, 30.842685158078385 ], [ -84.934657431254521, 30.883834056473038 ], [ -84.953687648124202, 30.85037155877092 ] ], [ [ -85.002081754866012, 31.00068166568623 ], [ -85.002041244226504, 30.999770339041657 ], [ -85.001900229422901, 31.000681311745961 ], [ -85.002081754866012, 31.00068166568623 ] ], [ [ -86.467203504656254, 34.278439369441877 ], [ -86.513542182016323, 34.204413750930911 ], [ -86.471312718056794, 34.260866657374216 ], [ -86.467203504656254, 34.278439369441877 ] ], [ [ -86.513542365493521, 34.204413044302981 ], [ -86.503849339229674, 34.161616506250184 ], [ -86.501477022403407, 34.184438842857297 ], [ -86.513542365493521, 34.204413044302981 ] ], [ [ -86.499796452879337, 34.143707371322932 ], [ -86.498734600588307, 34.139013743360103 ], [ -86.494635169460437, 34.140162434070753 ], [ -86.499796452879337, 34.143707371322932 ] ], [ [ -86.412630272121604, 34.228389212660595 ], [ -86.437094216343539, 34.184708319417339 ], [ -86.397640329612813, 34.231803233822049 ], [ -86.412630272121604, 34.228389212660595 ] ], [ [ -86.3843902300911, 34.246855435670888 ], [ -86.383781939136696, 34.248775594526947 ], [ -86.383781999666297, 34.248775579632984 ], [ -86.3843902300911, 34.246855435670888 ] ], [ [ -86.302942189470116, 34.252371433145811 ], [ -86.302942123056397, 34.252371412963171 ], [ -86.28253404749033, 34.259049553021313 ], [ -86.302942189470116, 34.252371433145811 ] ], [ [ -86.260163710524495, 34.266364262970775 ], [ -86.200384159319398, 34.241878295385298 ], [ -86.190305687618405, 34.246639746226649 ], [ -86.260163710524495, 34.266364262970775 ] ], [ [ -86.151738007580235, 34.235727616382789 ], [ -86.142253578200126, 34.230327343340385 ], [ -86.141701751113501, 34.23288538738106 ], [ -86.151738007580235, 34.235727616382789 ] ], [ [ -86.147734081976907, 34.204912772808598 ], [ -86.147733938246404, 34.204912925110392 ], [ -86.147733655015259, 34.20491423901246 ], [ -86.147734081976907, 34.204912772808598 ] ], [ [ -86.142798136832994, 34.154984629080381 ], [ -86.118931704449295, 34.131657841741152 ], [ -86.142797695760194, 34.15498447148488 ], [ -86.135155927548453, 34.175082161443783 ], [ -86.142798136832994, 34.154984629080381 ] ], [ [ -86.119763726939368, 34.10458662175531 ], [ -86.119763727658693, 34.104586598326428 ], [ -86.11976060447509, 34.104580793437833 ], [ -86.119763726939368, 34.10458662175531 ] ], [ [ -86.086532840833399, 34.042502018144582 ], [ -86.086707026960568, 34.04282774220794 ], [ -86.11140680459161, 34.034450996173675 ], [ -86.086532840833399, 34.042502018144582 ] ], [ [ -86.107131172569098, 34.002262738662729 ], [ -86.107131210298306, 34.002262845157304 ], [ -86.114520911725606, 34.009705463361385 ], [ -86.107131172569098, 34.002262738662729 ] ], [ [ -86.037566797590202, 33.988750271794416 ], [ -86.057973842257724, 33.985202061765683 ], [ -86.057973795356816, 33.985201999134986 ], [ -86.037566797590202, 33.988750271794416 ] ], [ [ -86.030511068819578, 33.982775710402429 ], [ -86.024641539041596, 33.977804065734944 ], [ -86.02464117657378, 33.977804216817212 ], [ -86.030511068819578, 33.982775710402429 ] ], [ [ -85.994807892037073, 34.013134490136103 ], [ -86.000198212876271, 33.985424515861766 ], [ -85.996947244660092, 33.982102894025559 ], [ -85.994807892037073, 34.013134490136103 ] ], [ [ -86.017680008814693, 33.948605804903927 ], [ -86.065425798542307, 33.915466681164794 ], [ -86.067647168711204, 33.910889641886349 ], [ -86.017680008814693, 33.948605804903927 ] ], [ [ -86.053606735316095, 33.875152022387219 ], [ -86.071104253462281, 33.903765258503022 ], [ -86.073689396349394, 33.89843681849343 ], [ -86.053606735316095, 33.875152022387219 ] ], [ [ -87.085558332676072, 34.167584274358731 ], [ -86.062343119972226, 33.805463594764028 ], [ -86.05142773954212, 33.825182498961524 ], [ -87.085558332676072, 34.167584274358731 ] ], [ [ -84.029173889907028, 36.412306638508056 ], [ -83.971039312954005, 36.432829087150999 ], [ -83.815829895703217, 36.535534110664955 ], [ -83.971039648025595, 36.432829293132698 ], [ -84.029173889907028, 36.412306638508056 ] ], [ [ -84.10705201380371, 36.405125054216818 ], [ -84.046144507534564, 36.410746114598354 ], [ -84.169916505779369, 36.367194539520675 ], [ -84.10705201380371, 36.405125054216818 ] ], [ [ -84.158605633561606, 36.173610739530481 ], [ -84.329443865613101, 36.037679935781682 ], [ -84.346897597738973, 36.030170266036961 ], [ -84.329443747933794, 36.037679746189959 ], [ -84.158605214946704, 36.173610945472831 ], [ -84.145442696060201, 36.202257546396886 ], [ -84.230465946258477, 36.31085236509962 ], [ -84.158605633561606, 36.173610739530481 ] ], [ [ -84.566059431923961, 35.980604962230295 ], [ -84.507412149630653, 36.011388801003285 ], [ -84.570448381613105, 35.981758245681291 ], [ -84.566059431923961, 35.980604962230295 ] ], [ [ -84.488157913768475, 35.955597208088221 ], [ -84.479928407365946, 35.946412454163102 ], [ -84.481926737022604, 35.953843887431191 ], [ -84.488157913768475, 35.955597208088221 ] ], [ [ -84.502924267494095, 35.907109145374804 ], [ -84.502923749166101, 35.907108919816473 ], [ -84.478488035468033, 35.941055017419281 ], [ -84.502924267494095, 35.907109145374804 ] ], [ [ -84.529959320301231, 35.878555886214194 ], [ -84.530008613281524, 35.878622177188348 ], [ -84.530016487638107, 35.878610171959465 ], [ -84.529959320301231, 35.878555886214194 ] ], [ [ -84.992032210870406, 35.489236417316981 ], [ -84.991443971400827, 35.439191465824024 ], [ -84.99144352399054, 35.439191462183025 ], [ -84.992032210870406, 35.489236417316981 ] ], [ [ -85.8509395901537, 35.44532846112039 ], [ -84.994323390039213, 35.439214863610729 ], [ -85.851407205523699, 35.446402116294877 ], [ -85.8509395901537, 35.44532846112039 ] ], [ [ -85.469447508242695, 35.026079066242403 ], [ -85.479059969568013, 35.077157041050938 ], [ -85.486378787793896, 35.076570942758067 ], [ -85.469447508242695, 35.026079066242403 ] ], [ [ -85.523371015070666, 35.07360145600056 ], [ -85.63036997512836, 35.013082717369414 ], [ -85.593748517000407, 35.002917020024661 ], [ -85.551772489561714, 35.018475137674201 ], [ -85.523371015070666, 35.07360145600056 ] ], [ [ -85.862377350881204, 34.745943929888099 ], [ -85.855768728457761, 34.762430341263659 ], [ -85.979703482347063, 34.628364279233331 ], [ -85.862377350881204, 34.745943929888099 ] ], [ [ -86.113338690195533, 34.550929962580504 ], [ -86.113339081849603, 34.550929881892799 ], [ -86.13062591462382, 34.535851073934118 ], [ -86.113338690195533, 34.550929962580504 ] ], [ [ -86.220910701290805, 34.398872515157294 ], [ -86.220953309893119, 34.41488690027969 ], [ -86.220915904755387, 34.398866272296289 ], [ -86.220910701290805, 34.398872515157294 ] ], [ [ -86.237128065432202, 34.379409486472404 ], [ -86.277249226005466, 34.366249613241649 ], [ -86.238446938530899, 34.377826112072484 ], [ -86.237128065432202, 34.379409486472404 ] ], [ [ -86.280021679147637, 34.366464509303356 ], [ -86.331278839991796, 34.382091882147066 ], [ -86.321758943768302, 34.369700344965409 ], [ -86.280021679147637, 34.366464509303356 ] ], [ [ -86.350057014644136, 34.424917780075972 ], [ -86.350057020570105, 34.424917782042328 ], [ -86.350057139839592, 34.424917759573049 ], [ -86.350057014644136, 34.424917780075972 ] ], [ [ -86.388474371106824, 34.418619394598117 ], [ -86.396255058581445, 34.42344154526581 ], [ -86.389381872568606, 34.418470446958501 ], [ -86.388474371106824, 34.418619394598117 ] ], [ [ -86.528361985603652, 34.499309528547172 ], [ -86.473015025520198, 34.478886193383083 ], [ -86.405196628407467, 34.430813315130507 ], [ -86.473015249200699, 34.478886376289786 ], [ -86.528361985603652, 34.499309528547172 ] ], [ [ -87.993267598488501, 36.597215086753195 ], [ -87.96104042639908, 36.499818159423853 ], [ -87.960361300823195, 36.523975755861834 ], [ -87.993267598488501, 36.597215086753195 ] ], [ [ -87.949233889005626, 36.464069711073122 ], [ -87.945279246566201, 36.452087616925112 ], [ -87.905517469284803, 36.425146444229384 ], [ -87.949233889005626, 36.464069711073122 ] ], [ [ -87.586038442327705, 36.023857892273732 ], [ -87.573699344639266, 36.013649488148488 ], [ -87.594265016968606, 36.037897809016613 ], [ -87.586038442327705, 36.023857892273732 ] ], [ [ -86.211032712471621, 35.694300450684175 ], [ -86.210676312962704, 35.694360540721455 ], [ -86.20808795385436, 35.699070212763452 ], [ -86.211032712471621, 35.694300450684175 ] ], [ [ -86.201960001221209, 35.695829773511463 ], [ -86.201959975622884, 35.695829777825359 ], [ -86.206664771502929, 35.698318960646404 ], [ -86.201960001221209, 35.695829773511463 ] ], [ [ -86.081946376267695, 35.662217413018567 ], [ -86.081945818413899, 35.662217430535065 ], [ -84.997153321105884, 36.505828929453145 ], [ -86.081946376267695, 35.662217413018567 ] ], [ [ -86.552127430937773, 34.555783085316556 ], [ -86.552258145814207, 34.558711164113674 ], [ -86.553700610411283, 34.55951820897134 ], [ -86.552127430937773, 34.555783085316556 ] ], [ [ -86.429918561449028, 34.677982655055274 ], [ -86.427179954737213, 34.690782050419877 ], [ -86.552258145814207, 34.558711164113674 ], [ -86.429918561449028, 34.677982655055274 ] ], [ [ -86.259456970301329, 35.038697928964261 ], [ -86.261574718825472, 35.038229697817947 ], [ -86.217844819497998, 35.047134441816077 ], [ -86.259456970301329, 35.038697928964261 ] ], [ [ -85.734599908181181, 35.296692333772917 ], [ -85.758801953456697, 35.253955613444667 ], [ -85.734944887806606, 35.285061380110903 ], [ -85.734599908181181, 35.296692333772917 ] ], [ [ -85.817252957309236, 35.425519725245735 ], [ -85.8147426611947, 35.424042787223982 ], [ -85.801377900969314, 35.421722038700345 ], [ -85.817252957309236, 35.425519725245735 ] ], [ [ -85.735583961616811, 35.403354203318671 ], [ -85.734944887806606, 35.405802319637068 ], [ -85.739388478141478, 35.406868542264156 ], [ -85.735583961616811, 35.403354203318671 ] ], [ [ -84.668320954712101, 35.864807028945179 ], [ -84.668321188245272, 35.864806798562768 ], [ -84.649701814918402, 35.846604610349672 ], [ -84.668320954712101, 35.864807028945179 ] ], [ [ -84.658723825831999, 35.825331329835123 ], [ -84.658723578795303, 35.811328601241897 ], [ -84.642271275374796, 35.839336140705434 ], [ -84.658723825831999, 35.825331329835123 ] ], [ [ -84.706712704167103, 35.896656374479008 ], [ -84.720300830140332, 35.881804334486731 ], [ -84.70671247917376, 35.896656140919873 ], [ -84.706712704167103, 35.896656374479008 ] ], [ [ -84.727384066567055, 35.868727177853529 ], [ -84.712196918976701, 35.854618067354238 ], [ -84.712196776325001, 35.854618155736951 ], [ -84.727384066567055, 35.868727177853529 ] ], [ [ -84.684743500074518, 35.871620299221625 ], [ -84.683403668332403, 35.872449710443597 ], [ -84.68340367816505, 35.872449720659233 ], [ -84.684743500074518, 35.871620299221625 ] ], [ [ -85.84190301809582, 33.967322521696595 ], [ -85.841902988868966, 33.967322518155207 ], [ -85.848264422677786, 33.969233626293267 ], [ -85.84190301809582, 33.967322521696595 ] ], [ [ -85.392248686073245, 33.878406052251471 ], [ -85.394377545737001, 33.882197215567608 ], [ -85.569325283940429, 33.933958188557256 ], [ -85.392248686073245, 33.878406052251471 ] ], [ [ -85.184399999725699, 32.861317000696154 ], [ -85.190106578072687, 32.919203522576915 ], [ -85.376558923131142, 33.850451914582585 ], [ -85.184399999725699, 32.861317000696154 ] ], [ [ -85.317366463709192, 33.870540717026273 ], [ -85.299971243886674, 33.874994935602281 ], [ -85.127422186256936, 33.883148517247307 ], [ -85.317366463709192, 33.870540717026273 ] ], [ [ -85.109797641766505, 33.248127990603905 ], [ -85.093604727861447, 33.286146870408018 ], [ -85.1010582099467, 33.278690379837691 ], [ -85.109797641766505, 33.248127990603905 ] ], [ [ -85.097256713039201, 33.222179995729576 ], [ -85.0950967282958, 33.220884410429512 ], [ -85.109797641766505, 33.248127990603905 ], [ -85.097256713039201, 33.222179995729576 ] ], [ [ -85.043067254777995, 33.366706961689907 ], [ -85.0621245158639, 33.35960429669143 ], [ -85.062277033655533, 33.359072461382304 ], [ -85.043067254777995, 33.366706961689907 ] ], [ [ -85.000573452444414, 33.435486869464363 ], [ -85.012856459920414, 33.430201546324909 ], [ -85.033104457678405, 33.389548956697006 ], [ -85.000573452444414, 33.435486869464363 ] ], [ [ -84.936372949806199, 33.436893542596515 ], [ -84.984186132942995, 33.457329074519883 ], [ -84.984281959039095, 33.456451735017083 ], [ -84.936372949806199, 33.436893542596515 ] ], [ [ -86.046430809570197, 33.762232812359422 ], [ -86.049253547395438, 33.768131677509082 ], [ -86.07728637455854, 33.745987946998312 ], [ -86.046430809570197, 33.762232812359422 ] ], [ [ -86.154419117945807, 33.671661535424079 ], [ -86.179876782006303, 33.698215561609793 ], [ -86.17987732102624, 33.698215455826535 ], [ -86.154419117945807, 33.671661535424079 ] ], [ [ -86.201544167034299, 33.693960773355748 ], [ -86.19471448731241, 33.695302576244465 ], [ -86.201544146659202, 33.693961037602058 ], [ -86.201544167034299, 33.693960773355748 ] ], [ [ -86.1648271847789, 33.632646344151006 ], [ -86.164827755209103, 33.632645988878281 ], [ -86.168427558803302, 33.625552704650943 ], [ -86.1648271847789, 33.632646344151006 ] ], [ [ -86.173557916415106, 33.615442081858127 ], [ -86.173557749676363, 33.615442410505878 ], [ -86.199970727983796, 33.610378474989886 ], [ -86.173557916415106, 33.615442081858127 ] ], [ [ -86.221623729729757, 33.587252609576637 ], [ -86.187432842440998, 33.589608613372206 ], [ -86.192967089439449, 33.598243095090773 ], [ -86.221623729729757, 33.587252609576637 ] ], [ [ -86.2375113710102, 33.494285977873808 ], [ -86.23751126095739, 33.494286236102937 ], [ -86.258689349407447, 33.491245649738609 ], [ -86.2375113710102, 33.494285977873808 ] ], [ [ -86.378689160164797, 33.390930321882941 ], [ -86.378689674899405, 33.390930285881261 ], [ -86.349306470935545, 33.362649458432458 ], [ -86.378689160164797, 33.390930321882941 ] ], [ [ -86.357451542226627, 33.298635948956964 ], [ -86.367826672917062, 33.342321067117105 ], [ -86.367826797326202, 33.342321008750986 ], [ -86.357451542226627, 33.298635948956964 ] ], [ [ -86.357197481726899, 33.297565557044052 ], [ -86.35719748468847, 33.297565569521701 ], [ -86.358634864678521, 33.296697674722921 ], [ -86.357197481726899, 33.297565557044052 ] ], [ [ -86.43374954791885, 33.282195167130929 ], [ -86.41793943930206, 33.27899691260685 ], [ -86.433749664451298, 33.282195471926819 ], [ -86.43374954791885, 33.282195167130929 ] ], [ [ -86.435814725999506, 33.241532972485103 ], [ -86.435815789604803, 33.241533089691316 ], [ -86.448034410996911, 33.240800186738731 ], [ -86.435814725999506, 33.241532972485103 ] ], [ [ -86.462453083567098, 33.198639025705731 ], [ -86.462452254422104, 33.198638782158127 ], [ -86.458625934536229, 33.24016381529016 ], [ -86.462453083567098, 33.198639025705731 ] ], [ [ -86.499015652762992, 33.185403250678071 ], [ -86.489895561890279, 33.200298301761713 ], [ -86.489896615497003, 33.200298365339094 ], [ -86.499015652762992, 33.185403250678071 ] ], [ [ -86.482111603725954, 33.153533121623177 ], [ -86.511665040619405, 33.089172600926105 ], [ -86.516313822214698, 32.929701678283287 ], [ -86.500622864740777, 32.905630599388495 ], [ -86.482111603725954, 33.153533121623177 ] ], [ [ -86.47941966211981, 32.873919626574349 ], [ -86.480167880876792, 32.87422457244908 ], [ -86.480167860969999, 32.874224541870092 ], [ -86.47941966211981, 32.873919626574349 ] ], [ [ -86.3800414154598, 32.757383817932016 ], [ -86.457786290516708, 32.81534492762097 ], [ -86.4577863356661, 32.815344650443372 ], [ -86.3800414154598, 32.757383817932016 ] ], [ [ -86.258214541529398, 32.620498499591427 ], [ -86.323892186548306, 32.664360760867915 ], [ -86.360093559399701, 32.730554343302032 ], [ -86.323892442568095, 32.664360832710997 ], [ -86.258214541529398, 32.620498499591427 ] ], [ [ -86.23653801855211, 32.579621417575986 ], [ -86.2365380176538, 32.579621774861103 ], [ -86.25125046663976, 32.607371252376062 ], [ -86.23653801855211, 32.579621417575986 ] ], [ [ -86.19935655673298, 32.538490137805681 ], [ -86.198456353804346, 32.543343723239886 ], [ -86.199356748942407, 32.538490139994792 ], [ -86.19935655673298, 32.538490137805681 ] ], [ [ -85.931992942407703, 32.267605526230611 ], [ -85.9319934167181, 32.26760553458611 ], [ -85.709676038146128, 32.100433349754198 ], [ -85.931992942407703, 32.267605526230611 ] ], [ [ -85.073800626826966, 31.62956686449985 ], [ -85.084405758051716, 31.637560444973147 ], [ -85.103574568633562, 31.638595208842467 ], [ -85.073828334222299, 31.629566729925838 ], [ -85.073800626826966, 31.62956686449985 ] ], [ [ -85.093856273481805, 31.160872149355111 ], [ -85.098444418795395, 31.177659166034704 ], [ -85.100809233780907, 31.165559208513685 ], [ -85.093856273481805, 31.160872149355111 ] ], [ [ -85.054552734013313, 31.502976927818217 ], [ -85.054471885637795, 31.503087985471236 ], [ -85.054541505072294, 31.502996075698807 ], [ -85.054552734013313, 31.502976927818217 ] ], [ [ -85.045744752652595, 31.5167039942109 ], [ -85.045641446394896, 31.516813121048997 ], [ -85.045520173831505, 31.517073493340678 ], [ -85.045744752652595, 31.5167039942109 ] ], [ [ -85.125386746580958, 31.695783666099665 ], [ -85.118930000284806, 31.732664000160025 ], [ -85.125929999965393, 31.69626499985862 ], [ -85.125386746580958, 31.695783666099665 ] ], [ [ -85.1418309997579, 31.781263000200543 ], [ -85.131231000677801, 31.815262000619697 ], [ -85.131423509351578, 31.816117603990765 ], [ -85.1418309997579, 31.781263000200543 ] ], [ [ -85.131893386014596, 31.818205883920083 ], [ -85.139789597123197, 31.853281441145754 ], [ -85.1418309997579, 31.839860999825753 ], [ -85.131893386014596, 31.818205883920083 ] ], [ [ -85.133866825471358, 31.892191104757064 ], [ -85.112030000163301, 31.894759999300309 ], [ -85.133826785997499, 31.892454005656841 ], [ -85.133866825471358, 31.892191104757064 ] ], [ [ -85.044760999500099, 32.085835999764264 ], [ -85.061844003395734, 32.1326903284926 ], [ -85.0620600006568, 32.132485999826088 ], [ -85.044760999500099, 32.085835999764264 ] ], [ [ -84.924427000444396, 32.250149000307886 ], [ -84.8882459995136, 32.259670000576335 ], [ -84.888665997452478, 32.260025497672977 ], [ -84.924427000444396, 32.250149000307886 ] ], [ [ -84.953903933439534, 32.306748479146101 ], [ -85.006276715857041, 32.328026586325151 ], [ -85.006401999925316, 32.326757000746603 ], [ -84.953903933439534, 32.306748479146101 ] ], [ [ -85.006106962216776, 32.329746742237113 ], [ -84.972154000111203, 32.376914000782918 ], [ -85.004582000583298, 32.345195999535719 ], [ -85.006106962216776, 32.329746742237113 ] ], [ [ -85.444203747424396, 35.024000161908958 ], [ -85.444203725864796, 35.023999987562121 ], [ -85.440812569724187, 35.030489250942047 ], [ -85.444203747424396, 35.024000161908958 ] ], [ [ -85.410805854804593, 35.09586120495571 ], [ -85.383770006842582, 35.076553397127867 ], [ -85.410349350575032, 35.100584606996087 ], [ -85.410805854804593, 35.09586120495571 ] ], [ [ -85.408491921295195, 35.119797001226793 ], [ -85.409366317142755, 35.110753899234091 ], [ -85.402298627830405, 35.118817751159611 ], [ -85.408491921295195, 35.119797001226793 ] ], [ [ -85.3759193333848, 35.114642857807397 ], [ -85.393572285887672, 35.117437391907664 ], [ -85.339660923968694, 35.085226781685869 ], [ -85.3759193333848, 35.114642857807397 ] ], [ [ -85.349825475253596, 35.033807949491127 ], [ -85.349825599221106, 35.0338077913473 ], [ -85.343489396183003, 35.030033023664878 ], [ -85.349825475253596, 35.033807949491127 ] ], [ [ -85.325345282426795, 35.052623411432016 ], [ -85.330444446966197, 35.022259258730799 ], [ -85.324076629686601, 35.052793539944631 ], [ -85.325345282426795, 35.052623411432016 ] ], [ [ -85.27410029505451, 35.088413402935906 ], [ -85.274415144090796, 35.087327971974119 ], [ -85.271122286878338, 35.089163999583064 ], [ -85.27410029505451, 35.088413402935906 ] ], [ [ -85.205427382112404, 35.105699129059111 ], [ -85.205427031769403, 35.105698930634823 ], [ -85.182088411258519, 35.131478524622608 ], [ -85.205427382112404, 35.105699129059111 ] ], [ [ -85.140044330607793, 35.150819784437637 ], [ -85.140044276708906, 35.1508197051119 ], [ -85.088039003067379, 35.217349436290803 ], [ -85.140044330607793, 35.150819784437637 ] ], [ [ -85.041043155508405, 33.911514633937827 ], [ -85.011956242992298, 33.912512612243333 ], [ -85.100711607833645, 33.8919292406068 ], [ -85.041043155508405, 33.911514633937827 ] ], [ [ -84.93420210993186, 33.832702604641455 ], [ -84.9340976842782, 33.832411181354786 ], [ -84.934097683201799, 33.832411181110906 ], [ -84.93420210993186, 33.832702604641455 ] ], [ [ -84.911853360557771, 33.827369467610872 ], [ -84.907772645606897, 33.826444027526364 ], [ -84.907772591874291, 33.826444036810344 ], [ -84.911853360557771, 33.827369467610872 ] ], [ [ -84.897810966632093, 33.828164750648064 ], [ -84.890496838950796, 33.829427553522478 ], [ -84.890496816851439, 33.829427581894599 ], [ -84.897810966632093, 33.828164750648064 ] ], [ [ -84.888885265594453, 33.831496494734225 ], [ -84.856767882114511, 33.872700175663887 ], [ -84.731723947752215, 33.915247707321015 ], [ -84.656039461235409, 33.960057120746264 ], [ -84.548774108369514, 33.955886715340341 ], [ -84.888885265594453, 33.831496494734225 ] ], [ [ -84.516151503825668, 33.970073853752659 ], [ -84.501379856908102, 33.976493042938372 ], [ -84.488996417417567, 33.98599096773907 ], [ -84.516151503825668, 33.970073853752659 ] ], [ [ -84.434594261264138, 34.017839467147652 ], [ -84.417029564091621, 34.019067784400136 ], [ -84.427341142382403, 34.022081648126246 ], [ -84.434594261264138, 34.017839467147652 ] ], [ [ -85.383209240967204, 33.884330552524631 ], [ -85.455370907740502, 34.252853931236061 ], [ -85.460003968818398, 34.25977665220308 ], [ -85.383209240967204, 33.884330552524631 ] ], [ [ -85.064106317059995, 30.465039560662799 ], [ -85.064694873583136, 30.435025935867916 ], [ -85.058779536188069, 30.465360732909552 ], [ -85.064106317059995, 30.465039560662799 ] ], [ [ -85.055330804406793, 30.435789176407887 ], [ -85.055329776734098, 30.435790136044478 ], [ -85.050487581565491, 30.456313084214909 ], [ -85.055330804406793, 30.435789176407887 ] ], [ [ -85.065750234029906, 30.381147585405909 ], [ -85.040121532015661, 30.381347193564761 ], [ -85.065750223605278, 30.381148117985504 ], [ -85.065750234029906, 30.381147585405909 ] ], [ [ -84.883623172851571, 30.672747481322816 ], [ -84.876219183809894, 30.695825650600021 ], [ -84.891986874261448, 30.695825637304512 ], [ -84.883623172851571, 30.672747481322816 ] ], [ [ -84.950257648848918, 30.627950432934096 ], [ -84.924209432075799, 30.626749557674799 ], [ -84.924209365908013, 30.626749632723179 ], [ -84.950257648848918, 30.627950432934096 ] ], [ [ -82.201240000218604, 30.485113999714365 ], [ -82.238635253918801, 30.538732057532794 ], [ -82.201455870919219, 30.482053338622315 ], [ -82.201240000218604, 30.485113999714365 ] ], [ [ -82.105241000188599, 30.368896000150094 ], [ -82.110627571720002, 30.367106261951783 ], [ -82.079085629909812, 30.360099223337588 ], [ -82.105241000188599, 30.368896000150094 ] ], [ [ -82.043761999061005, 30.414869000455521 ], [ -82.037639366161002, 30.374619597710904 ], [ -82.027504319824672, 30.451349671742722 ], [ -82.043761999061005, 30.414869000455521 ] ], [ [ -82.009450477365206, 30.554596651756786 ], [ -82.019049999568395, 30.533012000206373 ], [ -82.017240809091717, 30.484158755452604 ], [ -82.009450477365206, 30.554596651756786 ] ], [ [ -82.049023000488802, 30.655295000130476 ], [ -82.007570596537605, 30.571574200637496 ], [ -82.048987498126792, 30.655433108828799 ], [ -82.049023000488802, 30.655295000130476 ] ], [ [ -82.041550781774959, 30.739899253499079 ], [ -82.045608001037294, 30.727551999720237 ], [ -82.0433511004303, 30.722576599797097 ], [ -82.041550781774959, 30.739899253499079 ] ], [ [ -82.025331042508114, 30.757818838853872 ], [ -82.036773000149395, 30.754433999577905 ], [ -82.037538299655253, 30.752106232114677 ], [ -82.025331042508114, 30.757818838853872 ] ], [ [ -82.018192092547181, 30.789431324256483 ], [ -82.022690000049096, 30.787888999778112 ], [ -82.016033922347447, 30.772275592210868 ], [ -82.018192092547181, 30.789431324256483 ] ], [ [ -81.993423354384788, 30.784893558202491 ], [ -82.007673999813306, 30.793036999343226 ], [ -82.017658242218232, 30.789614364252326 ], [ -81.993423354384788, 30.784893558202491 ] ], [ [ -82.440787622789088, 28.179727955780898 ], [ -82.1569716572277, 28.184418877931577 ], [ -81.854004053720544, 27.723461594815333 ], [ -82.156971444326999, 28.184419722786291 ], [ -82.440787622789088, 28.179727955780898 ] ], [ [ -80.79746142841212, 27.231333194011111 ], [ -80.849964023747773, 27.219534459916364 ], [ -80.680799226670359, 27.120241519632717 ], [ -80.79746142841212, 27.231333194011111 ] ], [ [ -80.57209630819078, 27.1155482911762 ], [ -80.459795819881805, 27.113931822619534 ], [ -80.459796115691788, 27.113932727967452 ], [ -80.57209630819078, 27.1155482911762 ] ], [ [ -80.6921955489467, 27.818418952201213 ], [ -80.594768433773623, 27.524725399533892 ], [ -80.6921944754599, 27.818418535089876 ], [ -81.252075356886834, 28.559717136346599 ], [ -80.6921955489467, 27.818418952201213 ] ], [ [ -81.230110159167097, 28.622821942356904 ], [ -81.714106713733202, 29.12335499723385 ], [ -81.737794846092271, 29.177905407916846 ], [ -81.714107508742302, 29.123354860688448 ], [ -81.230110699952903, 28.622821637194196 ], [ -81.283583434669694, 28.573368291521895 ], [ -81.230110159167097, 28.622821942356904 ] ], [ [ -81.936910571559494, 29.288555668351727 ], [ -81.838877264470881, 29.290333440161795 ], [ -81.838878215120999, 29.290334382616003 ], [ -81.936910571559494, 29.288555668351727 ] ], [ [ -81.901262081149397, 29.358504272213167 ], [ -81.936910678431133, 29.288557239088 ], [ -81.901261720026696, 29.3585046018325 ], [ -82.125168844055239, 29.331925639034985 ], [ -81.901262081149397, 29.358504272213167 ] ], [ [ -82.495631991278643, 28.432198616943865 ], [ -82.373604575938998, 28.923566532954887 ], [ -82.369580684635849, 29.013221277498367 ], [ -82.373604879569598, 28.9235656727815 ], [ -82.495631991278643, 28.432198616943865 ] ], [ [ -82.439417173066403, 28.255994340021104 ], [ -82.48108029365423, 28.386667038028772 ], [ -82.440027767429314, 28.222049275495213 ], [ -82.439417173066403, 28.255994340021104 ] ], [ [ -84.606113744180902, 30.573324103011579 ], [ -84.645875424444199, 30.540322010878004 ], [ -84.606798709584993, 30.539722396493701 ], [ -84.606113744180902, 30.573324103011579 ] ], [ [ -83.738125821247593, 34.37864171496453 ], [ -83.739920155176492, 34.377733543409256 ], [ -83.7384222499809, 34.378021296509672 ], [ -83.738125821247593, 34.37864171496453 ] ], [ [ -83.689023462214095, 34.467931608312711 ], [ -83.681142199070095, 34.435661881488095 ], [ -83.679669611724009, 34.484985784306986 ], [ -83.689023462214095, 34.467931608312711 ] ], [ [ -83.6655423963076, 34.510726597930493 ], [ -83.676572330842902, 34.490630931389617 ], [ -83.628432847049893, 34.537510084763966 ], [ -83.6655423963076, 34.510726597930493 ] ], [ [ -83.555473404680995, 34.795788209055701 ], [ -83.525795212851122, 34.789423571254488 ], [ -83.575255041430026, 34.812763778663481 ], [ -83.555473404680995, 34.795788209055701 ] ], [ [ -83.502937699942095, 34.754800539720378 ], [ -83.520903376398039, 34.782016841308938 ], [ -83.522170893381499, 34.773275938526723 ], [ -83.502937699942095, 34.754800539720378 ] ], [ [ -83.352026175786008, 34.714784912057489 ], [ -83.352198147692633, 34.715290295933706 ], [ -83.352031455111955, 34.71474242997909 ], [ -83.352026175786008, 34.714784912057489 ] ], [ [ -83.116305794554449, 34.951756305322803 ], [ -83.116569130093296, 34.951124095111986 ], [ -83.116110971818003, 34.950987929554884 ], [ -83.116305794554449, 34.951756305322803 ] ], [ [ -83.099379904296697, 34.992367739855091 ], [ -83.09993203371063, 34.991043719668767 ], [ -83.099019699782502, 34.992043924944738 ], [ -83.099379904296697, 34.992367739855091 ] ], [ [ -82.547453488279146, 31.959367179214926 ], [ -82.541113462415709, 31.960054804966063 ], [ -82.541809153995473, 31.962650541783482 ], [ -82.547453488279146, 31.959367179214926 ] ], [ [ -81.943914700795503, 31.759417619704632 ], [ -81.915720550577959, 31.754946877640961 ], [ -81.920095723713402, 31.759838934517209 ], [ -81.943914700795503, 31.759417619704632 ] ], [ [ -83.261108440679706, 31.951802350099403 ], [ -83.236047620573487, 31.95054831682214 ], [ -83.235788714727704, 31.951007749228914 ], [ -83.261108440679706, 31.951802350099403 ] ], [ [ -83.171886625203797, 31.842806828543761 ], [ -83.171604070609405, 31.841754772416017 ], [ -83.169761720833478, 31.84089213403691 ], [ -83.171886625203797, 31.842806828543761 ] ], [ [ -83.109152710071967, 31.813225676922038 ], [ -83.092137598641983, 31.813032936435217 ], [ -83.105984357044903, 31.81909957385087 ], [ -83.109152710071967, 31.813225676922038 ] ], [ [ -83.069140134984721, 31.802951184515202 ], [ -83.027728982914795, 31.778437782352935 ], [ -83.011551938566427, 31.777672776589615 ], [ -83.069140134984721, 31.802951184515202 ] ], [ [ -83.001366723444406, 31.777189917771285 ], [ -82.990997525818997, 31.776697380850052 ], [ -82.977263196914805, 31.793466890468487 ], [ -83.001366723444406, 31.777189917771285 ] ], [ [ -83.755814678622116, 33.73809323661488 ], [ -83.743833216162116, 33.710104241597392 ], [ -83.753608952966019, 33.764648311926393 ], [ -83.755814678622116, 33.73809323661488 ] ], [ [ -83.824445405780097, 33.45474063369312 ], [ -83.836107527744133, 33.460495486398266 ], [ -83.825901422526741, 33.439460593006039 ], [ -83.824445405780097, 33.45474063369312 ] ], [ [ -83.829945555121085, 33.395834591914451 ], [ -83.793005547628894, 33.426567540130058 ], [ -83.828022475079976, 33.407628197472754 ], [ -83.829945555121085, 33.395834591914451 ] ], [ [ -83.553979608154719, 33.838281726673074 ], [ -83.561254379986053, 33.826589072271304 ], [ -83.579114606066696, 33.463699279107686 ], [ -83.553979608154719, 33.838281726673074 ] ], [ [ -83.521669346890306, 33.818311744294334 ], [ -83.479632888884197, 33.802345412422603 ], [ -83.54830437030445, 33.835541447790604 ], [ -83.521669346890306, 33.818311744294334 ] ], [ [ -83.149062611049004, 33.30863250892736 ], [ -83.143482276504102, 33.338879504917898 ], [ -83.144243560348443, 33.339793272866522 ], [ -83.149062611049004, 33.30863250892736 ] ], [ [ -82.825418380256139, 32.412102939351499 ], [ -82.831523343234295, 32.455248488923296 ], [ -82.855361736502999, 32.453037289754505 ], [ -82.825418380256139, 32.412102939351499 ] ], [ [ -82.931646901436864, 32.452220190164127 ], [ -82.888155593840906, 32.445247893535367 ], [ -82.855361736502999, 32.453037289754505 ], [ -82.931646901436864, 32.452220190164127 ] ], [ [ -82.824171546220498, 32.410397298742801 ], [ -82.726224845940905, 32.366422306283773 ], [ -82.824850173072278, 32.411325656198642 ], [ -82.824171546220498, 32.410397298742801 ] ], [ [ -82.7263057796564, 32.309111853455803 ], [ -82.726069295759089, 32.309004320776779 ], [ -82.745604040766807, 32.331807112220119 ], [ -82.7263057796564, 32.309111853455803 ] ], [ [ -82.630520017216995, 32.131440956132082 ], [ -82.629888101947728, 32.130625795418979 ], [ -82.613054286946905, 32.16183628189691 ], [ -82.630520017216995, 32.131440956132082 ] ], [ [ -82.607503828571694, 32.032000111438542 ], [ -82.59959097929756, 32.024015148658812 ], [ -82.608415225122997, 32.073097502226361 ], [ -82.607503828571694, 32.032000111438542 ] ], [ [ -82.542907756081448, 31.966749227204907 ], [ -82.546847249459802, 31.981442988220774 ], [ -82.576714574027193, 32.00091754906952 ], [ -82.542907756081448, 31.966749227204907 ] ], [ [ -83.9587710265087, 33.816861740164661 ], [ -83.947814728577868, 33.816060718094413 ], [ -84.180888541813502, 33.881023030995138 ], [ -83.9587710265087, 33.816861740164661 ] ], [ [ -83.81692284630607, 33.126798416318401 ], [ -83.824485485913101, 33.167015764342203 ], [ -83.817007422601193, 33.126888104456221 ], [ -83.81692284630607, 33.126798416318401 ] ], [ [ -82.959586905135396, 32.4566898928719 ], [ -82.938842450107842, 32.453372007941695 ], [ -82.970759543745729, 32.467670560054273 ], [ -82.959586905135396, 32.4566898928719 ] ], [ [ -83.805690374786707, 34.153015871760189 ], [ -83.920948615805997, 34.032279362238327 ], [ -83.453443773042181, 34.504305739628386 ], [ -83.805690374786707, 34.153015871760189 ] ], [ [ -83.324238583059568, 34.672617896223372 ], [ -83.429713647784496, 34.528056113817478 ], [ -83.319758761642859, 34.670421461187807 ], [ -83.324238583059568, 34.672617896223372 ] ], [ [ -83.589895762337079, 33.862742547386937 ], [ -83.590377203218665, 33.863180837526379 ], [ -83.590416920612299, 33.863083802748299 ], [ -83.589895762337079, 33.862742547386937 ] ], [ [ -83.667848825158671, 33.915563032266945 ], [ -83.676566225928596, 33.917711794078912 ], [ -83.760876802029117, 33.894742136573193 ], [ -83.667848825158671, 33.915563032266945 ] ], [ [ -83.3420040002608, 34.681769999551406 ], [ -83.344652503343212, 34.693108745345334 ], [ -83.345662092511162, 34.693802094047008 ], [ -83.3420040002608, 34.681769999551406 ] ], [ [ -83.696467628282221, 44.044783262565318 ], [ -83.696467335646318, 44.044782635000089 ], [ -83.696467335646318, 44.044783334513809 ], [ -83.696467628282221, 44.044783262565318 ] ], [ [ -82.845118092868603, 40.995258052981406 ], [ -82.838546780497794, 41.248768061394237 ], [ -82.842779103458341, 41.24995372489937 ], [ -82.845118092868603, 40.995258052981406 ] ], [ [ -81.48926840411383, 40.661367313465121 ], [ -82.8496311317774, 40.498742766192223 ], [ -83.199261054827204, 40.454008911353625 ], [ -81.48926840411383, 40.661367313465121 ] ], [ [ -83.843138966775868, 40.406573981069563 ], [ -84.340109993452856, 40.342757666745541 ], [ -84.390214016411207, 40.323360091161476 ], [ -83.843138966775868, 40.406573981069563 ] ], [ [ -84.450178102789607, 40.336438442643534 ], [ -84.416825645942055, 40.504197624513253 ], [ -84.417139707371661, 40.514221983610327 ], [ -84.474179301296303, 40.40860912540272 ], [ -84.450178102789607, 40.336438442643534 ] ], [ [ -85.26250383089338, 39.547746039118373 ], [ -85.086859100799401, 40.267752539759826 ], [ -84.804446919061576, 40.411705765158885 ], [ -85.086859520312601, 40.267752695355369 ], [ -85.26250383089338, 39.547746039118373 ] ], [ [ -83.444477663520431, 45.077106366097389 ], [ -83.444477852042795, 45.077106569588203 ], [ -83.459026549116544, 45.064804902552808 ], [ -83.444477663520431, 45.077106366097389 ] ], [ [ -83.530980816899898, 45.109067146646098 ], [ -83.489204123829168, 45.08322759479605 ], [ -83.555999624450124, 45.109320791101283 ], [ -83.530980816899898, 45.109067146646098 ] ], [ [ -83.598537494948005, 45.126990526573934 ], [ -83.563739089283402, 45.11106238090958 ], [ -83.632614702701304, 45.126922533973207 ], [ -83.598537494948005, 45.126990526573934 ] ], [ [ -83.677566782068396, 45.098777280811099 ], [ -83.704284165329895, 45.12129310845804 ], [ -83.708445955600681, 45.120582524176299 ], [ -83.677566782068396, 45.098777280811099 ] ], [ [ -83.714958993712216, 45.119470201501201 ], [ -83.725258026092007, 45.117710578736208 ], [ -83.72660447296974, 45.111166327283584 ], [ -83.714958993712216, 45.119470201501201 ] ], [ [ -83.754216019674502, 45.084864318356438 ], [ -83.754215533685894, 45.084864031669383 ], [ -83.733515419058506, 45.079572323934251 ], [ -83.754216019674502, 45.084864318356438 ] ], [ [ -83.79424993684259, 45.053602155504869 ], [ -83.798323543568202, 45.0493437929089 ], [ -83.796295778321891, 45.015419980287511 ], [ -83.79424993684259, 45.053602155504869 ] ], [ [ -83.913485710666194, 44.924279755771273 ], [ -83.884009740406, 44.967717034650519 ], [ -83.844709299916516, 44.98088775027054 ], [ -83.884010127579899, 44.967717410268115 ], [ -83.913485710666194, 44.924279755771273 ] ], [ [ -83.928659978801178, 44.988613641295622 ], [ -83.927820583100797, 44.995384833231604 ], [ -83.927820613289668, 44.99538484455487 ], [ -83.928659978801178, 44.988613641295622 ] ], [ [ -83.992465686565694, 45.000003343768455 ], [ -83.992465590446002, 45.000003263732729 ], [ -83.927821591709417, 44.995385211541027 ], [ -83.992465686565694, 45.000003343768455 ] ], [ [ -84.072359265278905, 44.968124553419365 ], [ -84.072359506027396, 44.968124587739581 ], [ -84.069370572047958, 44.96003667147523 ], [ -84.072359265278905, 44.968124553419365 ] ], [ [ -84.170792470624818, 45.00217475611008 ], [ -84.170792497607906, 45.002174754648372 ], [ -84.172263991103932, 45.0005826915082 ], [ -84.170792470624818, 45.00217475611008 ] ], [ [ -84.275530472215095, 44.925509789499799 ], [ -84.275530350942603, 44.92550969218717 ], [ -84.234765089045865, 44.973423767598163 ], [ -84.275530472215095, 44.925509789499799 ] ], [ [ -85.523775727122057, 42.351139964583183 ], [ -85.523775932285105, 42.351139544721903 ], [ -84.366995833659118, 42.353432508200846 ], [ -85.523775727122057, 42.351139964583183 ] ], [ [ -84.359989953955505, 41.932992420894877 ], [ -84.357273111668107, 41.708253176284501 ], [ -84.3676683038465, 42.97228965143789 ], [ -84.359989953955505, 41.932992420894877 ] ], [ [ -84.408224489447122, 41.248082480705584 ], [ -84.4094413246074, 41.34168140884524 ], [ -84.41082344575608, 41.28242555017107 ], [ -84.408224489447122, 41.248082480705584 ] ], [ [ -84.4608781660733, 41.278843351229263 ], [ -84.460878059173794, 41.278843152077414 ], [ -84.413399980011988, 41.282814019662034 ], [ -84.4608781660733, 41.278843351229263 ] ], [ [ -84.50192434433059, 41.276908267961595 ], [ -84.5190738546776, 41.278206796290569 ], [ -84.50192433029342, 41.276908143999087 ], [ -84.50192434433059, 41.276908267961595 ] ], [ [ -84.531135336558904, 41.269441541175816 ], [ -84.549938320301948, 41.264895427981443 ], [ -84.531135297544793, 41.269441411807399 ], [ -84.531135336558904, 41.269441541175816 ] ], [ [ -84.578286718761305, 41.234677342133601 ], [ -84.578286743914106, 41.234677272552084 ], [ -84.561511328822419, 41.262095694983124 ], [ -84.578286718761305, 41.234677342133601 ] ], [ [ -84.621689969760496, 41.227064252654529 ], [ -84.61062088861172, 41.232845124106518 ], [ -84.63290477058041, 41.236148668338451 ], [ -84.621689969760496, 41.227064252654529 ] ], [ [ -84.647643421212805, 41.223403522782313 ], [ -84.678963104541893, 41.220572905450688 ], [ -84.678963104504163, 41.220572858553211 ], [ -84.647643421212805, 41.223403522782313 ] ], [ [ -84.705227697374298, 41.206911508996029 ], [ -84.705227676713108, 41.206911440060786 ], [ -84.678952516171236, 41.207288728281462 ], [ -84.705227697374298, 41.206911508996029 ] ], [ [ -84.720381694109093, 41.204351244671479 ], [ -84.717650238424554, 41.200915874798298 ], [ -84.723400115434401, 41.199664643185578 ], [ -84.720381694109093, 41.204351244671479 ] ], [ [ -84.746776293808111, 41.19825034278157 ], [ -84.732320823337659, 41.18580982069723 ], [ -84.7467762857396, 41.198250379175128 ], [ -84.746776293808111, 41.19825034278157 ] ], [ [ -84.771195454074189, 41.188569898290332 ], [ -84.771195677893004, 41.188569981931963 ], [ -84.770997979806751, 41.181258821123521 ], [ -84.771195454074189, 41.188569898290332 ] ], [ [ -84.7708428708534, 41.175515203909804 ], [ -84.787933675764904, 41.179216383473353 ], [ -84.787933774699695, 41.179216199636535 ], [ -84.7708428708534, 41.175515203909804 ] ], [ [ -84.787933856746221, 41.179216047180887 ], [ -84.792230568288645, 41.171231117308778 ], [ -84.786686906677005, 41.170039780723698 ], [ -84.787933856746221, 41.179216047180887 ] ], [ [ -84.807222955518995, 41.163339836802827 ], [ -84.801981182948381, 41.172552139169682 ], [ -84.804578617651217, 41.327931016607451 ], [ -84.807222955518995, 41.163339836802827 ] ], [ [ -84.840826684509693, 41.163971314201902 ], [ -84.836104353350507, 41.176652408305195 ], [ -84.851681140377195, 41.16920422707782 ], [ -84.840826684509693, 41.163971314201902 ] ], [ [ -85.036464194557567, 41.0832668488545 ], [ -85.045975507391205, 41.087137314727556 ], [ -85.056200920994144, 41.079963842889107 ], [ -85.036464194557567, 41.0832668488545 ] ], [ [ -85.073627489955001, 41.067938637960793 ], [ -85.073721146328452, 41.049002768586661 ], [ -85.073721097835303, 41.049002767981698 ], [ -85.073627489955001, 41.067938637960793 ] ], [ [ -85.191700486889857, 41.055096068278409 ], [ -85.162980167812407, 41.047307206535976 ], [ -85.162475845592184, 41.049321125486067 ], [ -85.191700486889857, 41.055096068278409 ] ], [ [ -84.905825409786303, 40.817625455935506 ], [ -84.918054917284167, 40.830885721727128 ], [ -84.843648939627002, 40.780287292021271 ], [ -84.905825409786303, 40.817625455935506 ] ], [ [ -84.453741505688498, 40.65721805628025 ], [ -84.524187951716215, 40.681938026489426 ], [ -84.642454480062, 40.695845839293206 ], [ -84.524188513163296, 40.681937600721668 ], [ -84.453741505688498, 40.65721805628025 ] ], [ [ -84.362255107540747, 40.649311579379834 ], [ -84.359087552532458, 40.64518367173919 ], [ -84.360836616110802, 40.649188450665491 ], [ -84.362255107540747, 40.649311579379834 ] ], [ [ -84.352576832972858, 40.630272193603929 ], [ -84.358253229575155, 40.624105511634262 ], [ -84.351838865646201, 40.628581623937848 ], [ -84.352576832972858, 40.630272193603929 ] ], [ [ -84.401810969063845, 40.542172182856966 ], [ -84.389983016951106, 40.547909007426938 ], [ -84.390674453613315, 40.588859118072385 ], [ -84.401810969063845, 40.542172182856966 ] ], [ [ -85.600132809211175, 41.412391175359105 ], [ -85.579845156600797, 41.412837572693491 ], [ -86.271410964104021, 41.474988298653017 ], [ -85.600132809211175, 41.412391175359105 ] ], [ [ -85.582587346101832, 41.330411310113774 ], [ -85.582587230318694, 41.330411312725062 ], [ -85.579845156600797, 41.412837572693491 ], [ -85.582587346101832, 41.330411310113774 ] ], [ [ -85.702558228702117, 41.410088370593755 ], [ -85.702558359407007, 41.410088447736072 ], [ -85.702212440191829, 41.368537803689051 ], [ -85.702558228702117, 41.410088370593755 ] ], [ [ -85.701872551832295, 41.327665385188276 ], [ -85.637401831202951, 41.329163311125868 ], [ -85.701872552521607, 41.327665468127385 ], [ -85.701872551832295, 41.327665385188276 ] ], [ [ -85.579844326290328, 41.412835037375167 ], [ -85.490956031275445, 41.121722322846963 ], [ -85.483740030776687, 41.123917365628103 ], [ -85.579844326290328, 41.412835037375167 ] ], [ [ -85.040551928863295, 41.206252286972074 ], [ -85.040551928863295, 41.206252392065394 ], [ -85.381326484421095, 41.140662321706607 ], [ -85.434045116694605, 41.13901954637339 ], [ -85.434046094117264, 41.139019163023157 ], [ -85.381326708999893, 41.14066221616973 ], [ -85.040551928863295, 41.206252286972074 ] ], [ [ -84.988316031460599, 41.240621052109226 ], [ -84.988316017985895, 41.2406209764548 ], [ -84.988315745140923, 41.240621101731023 ], [ -84.988316031460599, 41.240621052109226 ] ], [ [ -84.919256346178003, 41.272297184327272 ], [ -84.919276805479115, 41.275795423111873 ], [ -84.932242651817788, 41.266345586511179 ], [ -84.919256346178003, 41.272297184327272 ] ], [ [ -84.898587234384493, 41.291080559403817 ], [ -84.900851858424161, 41.310878524982428 ], [ -84.898920572267826, 41.290957633893321 ], [ -84.898587234384493, 41.291080559403817 ] ], [ [ -84.87041865409995, 41.321659979779568 ], [ -84.900852555562395, 41.310885713875578 ], [ -84.900852553144034, 41.310885688937418 ], [ -84.87041865409995, 41.321659979779568 ] ], [ [ -84.818882526459802, 41.372053381649522 ], [ -84.823585580671406, 41.375440684526822 ], [ -84.851479031678096, 41.328359778811212 ], [ -84.818882526459802, 41.372053381649522 ] ], [ [ -86.700416802330395, 40.557916400254186 ], [ -86.699675176856914, 40.559065702053438 ], [ -86.740503643466596, 40.549886314789845 ], [ -86.700416802330395, 40.557916400254186 ] ], [ [ -86.688477069310395, 40.576414556034528 ], [ -86.69405139219144, 40.588873580565021 ], [ -86.688484711182539, 40.57640271988668 ], [ -86.688477069310395, 40.576414556034528 ] ], [ [ -86.68049256803576, 40.606180575296698 ], [ -86.585779981688603, 40.690065010276086 ], [ -86.664303966461702, 40.64554901858812 ], [ -86.68049256803576, 40.606180575296698 ] ], [ [ -86.4979775229247, 40.74124851284418 ], [ -86.499380551119017, 40.740110579292192 ], [ -86.442002226297149, 40.755558707464708 ], [ -86.4979775229247, 40.74124851284418 ] ], [ [ -86.441971772145735, 40.755565073723261 ], [ -86.386207450933398, 40.746410190531975 ], [ -86.392944710842357, 40.432608568231146 ], [ -86.386206966741497, 40.74641034297948 ], [ -86.319749912428506, 40.739502108160913 ], [ -86.441971772145735, 40.755565073723261 ] ], [ [ -85.720647902717403, 40.306955550733193 ], [ -85.714030687755795, 40.831168603055879 ], [ -85.677533522627584, 40.835898102001515 ], [ -85.719051259179594, 40.833584071722967 ], [ -85.719515031922697, 40.64645505351308 ], [ -85.822657648891095, 40.698596320933618 ], [ -85.729423136892919, 40.624652124219203 ], [ -85.720647902717403, 40.306955550733193 ] ], [ [ -85.665804300469148, 40.738864936880056 ], [ -85.667924626441035, 40.828703332736559 ], [ -85.665804631727795, 40.738864805107028 ], [ -85.665804300469148, 40.738864936880056 ] ], [ [ -85.556116968939548, 40.782424804903549 ], [ -85.592504947752715, 40.767990282874003 ], [ -85.556116966854503, 40.782424648484096 ], [ -85.556116968939548, 40.782424804903549 ] ], [ [ -85.565789979499698, 40.875453931517832 ], [ -85.556117020770941, 40.782428693282796 ], [ -85.557339437295724, 40.874018998555634 ], [ -85.565789979499698, 40.875453931517832 ] ], [ [ -85.494068809619279, 40.863255794384472 ], [ -85.523532727100473, 40.868272319509423 ], [ -85.515872442125996, 40.861410088541462 ], [ -85.494068809619279, 40.863255794384472 ] ], [ [ -85.471276141292904, 40.881124345921123 ], [ -85.490095285048199, 40.86359174602881 ], [ -85.471258579676601, 40.881129653263031 ], [ -85.471276141292904, 40.881124345921123 ] ], [ [ -85.398556084603243, 40.912099173939652 ], [ -85.408596476038753, 40.902235485991909 ], [ -85.402677978962302, 40.904226728179516 ], [ -85.398556084603243, 40.912099173939652 ] ], [ [ -85.394940614932068, 40.915650167086476 ], [ -85.269376973951793, 40.821831405394903 ], [ -85.385234107398006, 40.909087807788204 ], [ -85.394940614932068, 40.915650167086476 ] ], [ [ -85.157632208400301, 40.909769942697132 ], [ -85.269365144608145, 40.82184051124635 ], [ -85.139810179707027, 40.921365867244923 ], [ -85.157632208400301, 40.909769942697132 ] ], [ [ -85.264498636431966, 41.013408321307885 ], [ -85.264870877162906, 41.010333438723634 ], [ -85.216854250595233, 40.976215973297428 ], [ -85.264498636431966, 41.013408321307885 ] ], [ [ -85.263394219263262, 41.022530945161613 ], [ -85.283087447605794, 41.042235673379452 ], [ -85.263826000727192, 41.018964649131291 ], [ -85.263394219263262, 41.022530945161613 ] ], [ [ -85.240583660495176, 41.038134868548113 ], [ -85.255138375624114, 41.036263037559571 ], [ -85.240583723307594, 41.038134519486889 ], [ -85.240583660495176, 41.038134868548113 ] ], [ [ -85.240574371790714, 41.038186487703314 ], [ -85.235790576194546, 41.064761185326645 ], [ -85.249467094304677, 41.055573724406543 ], [ -85.240574371790714, 41.038186487703314 ] ], [ [ -85.191109078833136, 41.101741052171825 ], [ -85.214481341449925, 41.082418887913384 ], [ -85.191109084781758, 41.101740583298181 ], [ -85.191109078833136, 41.101741052171825 ] ], [ [ -86.052273924840904, 38.904142438818447 ], [ -86.053478812524602, 38.9038354043008 ], [ -86.106332268447503, 38.854795282431091 ], [ -86.052273924840904, 38.904142438818447 ] ], [ [ -86.035951018549895, 38.898520271593604 ], [ -86.039835283532796, 38.907311270478189 ], [ -86.050915265559652, 38.904488640920761 ], [ -86.035951018549895, 38.898520271593604 ] ], [ [ -85.949928240941418, 38.93784599392017 ], [ -85.946070659115847, 38.943802643145744 ], [ -85.954955359521193, 38.939661397206272 ], [ -85.949928240941418, 38.93784599392017 ] ], [ [ -85.920188430990706, 38.983740107192524 ], [ -85.328171957232399, 39.274807645323683 ], [ -85.328171903022323, 39.274807871496137 ], [ -85.920188430990706, 38.983740107192524 ] ], [ [ -86.683705892257606, 40.047818887121316 ], [ -86.683705793922741, 40.04781888781428 ], [ -86.68315199057281, 40.11978725142756 ], [ -86.683705892257606, 40.047818887121316 ] ], [ [ -86.514786686231702, 40.048895937480204 ], [ -86.514078807873332, 40.079349490432463 ], [ -86.611406442310326, 40.048307621212324 ], [ -86.514786686231702, 40.048895937480204 ] ], [ [ -85.018004776678893, 40.399388840064063 ], [ -85.018004773942479, 40.399388891444701 ], [ -85.065169697777506, 40.399388840064063 ], [ -85.018004776678893, 40.399388840064063 ] ], [ [ -85.015810650725868, 40.440563799658484 ], [ -85.015860842993845, 40.439622244281331 ], [ -85.015810641597497, 40.44056380005749 ], [ -85.015810650725868, 40.440563799658484 ] ], [ [ -85.065169697777506, 40.438396434753294 ], [ -85.060656756368218, 40.438595436216552 ], [ -85.065169697777506, 40.438396470557194 ], [ -85.065169697777506, 40.438396434753294 ] ], [ [ -85.362096586002195, 40.816867855322926 ], [ -85.362096864479895, 40.816867679242478 ], [ -85.348926365775881, 40.816423680481165 ], [ -85.362096586002195, 40.816867855322926 ] ], [ [ -85.391404045665013, 40.795268139312398 ], [ -85.398971981679807, 40.814974427985007 ], [ -85.391404122146596, 40.795268137920793 ], [ -85.391404045665013, 40.795268139312398 ] ], [ [ -85.382405094925261, 40.795431561567071 ], [ -85.315307834428793, 40.796629961530101 ], [ -85.325383932090816, 40.815626284930644 ], [ -85.382405094925261, 40.795431561567071 ] ], [ [ -86.0881881055614, 40.887183168643062 ], [ -86.122079176626002, 40.886363016270451 ], [ -86.122079176853717, 40.886363010444093 ], [ -86.0881881055614, 40.887183168643062 ] ], [ [ -86.083989976636815, 40.90838059204853 ], [ -86.077659460850612, 40.908264676976792 ], [ -86.078478403460409, 40.937934204308178 ], [ -86.083989976636815, 40.90838059204853 ] ], [ [ -86.0105971271024, 40.93711433357047 ], [ -86.078478321417208, 40.937934644052149 ], [ -86.078478338862681, 40.937934550546011 ], [ -86.0105971271024, 40.93711433357047 ] ], [ [ -85.995546702806294, 40.856693349810563 ], [ -86.010839144788306, 40.859787893591815 ], [ -86.033060526200202, 40.854062886587684 ], [ -85.995546702806294, 40.856693349810563 ] ], [ [ -85.994411262120195, 40.8582189562525 ], [ -85.988398653559031, 40.866296414898443 ], [ -85.993791051624498, 40.86769967400221 ], [ -85.994411262120195, 40.8582189562525 ] ], [ [ -85.969954855514075, 40.892746285262064 ], [ -85.98777168146772, 40.866133240164167 ], [ -85.986992071818932, 40.82885110177795 ], [ -85.969954855514075, 40.892746285262064 ] ], [ [ -85.991446883068306, 40.753302721992313 ], [ -85.97540763532632, 40.759002761739197 ], [ -86.022678138037506, 40.76559845224461 ], [ -85.991446883068306, 40.753302721992313 ] ], [ [ -86.073571835985845, 40.746972734797197 ], [ -86.086018022266686, 40.740660992329481 ], [ -86.022678138037506, 40.76559845224461 ], [ -86.073571835985845, 40.746972734797197 ] ], [ [ -85.822478329888995, 40.7895406399386 ], [ -85.859883403073709, 40.792674900303474 ], [ -85.8918449537871, 40.783372597570086 ], [ -85.822478329888995, 40.7895406399386 ] ], [ [ -85.749997746239316, 40.824334246171773 ], [ -85.720171830923732, 40.833521425813196 ], [ -85.732242907247198, 40.832845956006494 ], [ -85.749997746239316, 40.824334246171773 ] ], [ [ -86.0523508857503, 40.85296631261005 ], [ -86.072613794134796, 40.856364855496878 ], [ -86.066082729513013, 40.8521839148355 ], [ -86.0523508857503, 40.85296631261005 ] ], [ [ -86.319749193479808, 40.739502156588074 ], [ -86.236567592887894, 40.757012682836418 ], [ -86.228462133655526, 40.751191000262956 ], [ -86.242407386039702, 40.762717387320386 ], [ -86.319749193479808, 40.739502156588074 ] ], [ [ -86.127735194233694, 40.747301517195311 ], [ -86.088267320560405, 40.739774530114509 ], [ -86.087365001765534, 40.740130146839782 ], [ -86.127735194233694, 40.747301517195311 ] ], [ [ -86.127739099599097, 40.747301050483159 ], [ -86.209424455636238, 40.737511648840858 ], [ -86.208753417868493, 40.737029335076606 ], [ -86.127739099599097, 40.747301050483159 ] ], [ [ -85.589780209232799, 40.879303883585905 ], [ -85.589781618583174, 40.879302948109725 ], [ -85.589778059446374, 40.879303546339273 ], [ -85.589780209232799, 40.879303883585905 ] ], [ [ -85.571812780656302, 40.904504036783223 ], [ -85.492837953899993, 40.905049704115704 ], [ -85.492837953899993, 40.905049739377397 ], [ -85.571812780656302, 40.904504036783223 ] ], [ [ -85.386562974321052, 40.972202126029785 ], [ -85.378173060905596, 40.9552840868866 ], [ -85.378173003714252, 40.955284128544861 ], [ -85.386562974321052, 40.972202126029785 ] ], [ [ -85.323329197971248, 41.03656292753967 ], [ -85.323329228468907, 41.036562950797723 ], [ -85.358748172779713, 41.009359143288847 ], [ -85.323329197971248, 41.03656292753967 ] ], [ [ -85.259093418488987, 41.060692361013771 ], [ -85.2590935097368, 41.060692409526425 ], [ -85.27662292860478, 41.047209706300535 ], [ -85.259093418488987, 41.060692361013771 ] ], [ [ -85.76497133991839, 40.996503876265969 ], [ -85.808726031984193, 40.996571040436535 ], [ -85.764971340282997, 40.996503875787482 ], [ -85.76497133991839, 40.996503876265969 ] ], [ [ -85.712910320162393, 41.064746602675825 ], [ -85.71291035377773, 41.064746558659884 ], [ -85.685157711630097, 41.059799793075904 ], [ -85.712910320162393, 41.064746602675825 ] ], [ [ -85.596167836871643, 41.094465749004321 ], [ -85.5961680730735, 41.094465766323985 ], [ -85.685157711630097, 41.059799793075904 ], [ -85.596167836871643, 41.094465749004321 ] ], [ [ -85.531174718440838, 41.100892027173558 ], [ -85.538094222957611, 41.090194023169431 ], [ -85.538093955019804, 41.090194003398565 ], [ -85.531174718440838, 41.100892027173558 ] ], [ [ -85.190596851850174, 41.142092774276641 ], [ -85.190538507690476, 41.146686122389703 ], [ -85.190538578829305, 41.1466861230967 ], [ -85.190596851850174, 41.142092774276641 ] ], [ [ -85.963605693013406, 40.910751765079766 ], [ -85.96425843535161, 40.908901088896521 ], [ -85.912566035842474, 40.919873963580969 ], [ -85.963605693013406, 40.910751765079766 ] ], [ [ -86.189297302101394, 41.110423550970779 ], [ -86.188611681515454, 41.165865709006148 ], [ -86.188611775250294, 41.165865709889189 ], [ -86.189297302101394, 41.110423550970779 ] ], [ [ -86.118685790640299, 41.108371031703825 ], [ -86.118506736840814, 41.123217854750088 ], [ -86.118685796008435, 41.10837103186131 ], [ -86.118685790640299, 41.108371031703825 ] ], [ [ -86.089207237723699, 41.18093212673989 ], [ -86.088521689448328, 41.226151729807682 ], [ -86.024080276609808, 41.180932126762656 ], [ -86.089207237723699, 41.18093212673989 ] ], [ [ -86.023394751765395, 41.211760342022203 ], [ -86.04533216990761, 41.211760372423164 ], [ -86.045332172672602, 41.211760342012674 ], [ -86.023394751765395, 41.211760342022203 ] ], [ [ -85.866404049142304, 41.235062333530699 ], [ -85.863661989752799, 41.269344564437958 ], [ -85.866404167110318, 41.235062336287406 ], [ -85.866404049142304, 41.235062333530699 ] ], [ [ -85.8958827332129, 41.269344564443657 ], [ -85.895882826637703, 41.235747795569992 ], [ -85.8958827332129, 41.2357477934084 ], [ -85.8958827332129, 41.269344564443657 ] ], [ [ -85.953468766479105, 41.285806554537885 ], [ -85.953468755699305, 41.285806508974112 ], [ -85.912335751789897, 41.285806554537885 ], [ -85.953468766479105, 41.285806554537885 ] ], [ [ -85.828698949432507, 41.275517400625297 ], [ -85.828013422581293, 41.310506936587515 ], [ -85.828699038734783, 41.275517400644411 ], [ -85.828698949432507, 41.275517400625297 ] ], [ [ -85.774540757034814, 41.313252108724491 ], [ -85.774540643847004, 41.340708880214073 ], [ -85.774540757034814, 41.340708880228298 ], [ -85.774540757034814, 41.313252108724491 ] ], [ [ -85.806075960551595, 41.312565776555438 ], [ -85.806761528747202, 41.340708880214095 ], [ -85.806076001896102, 41.312565775650462 ], [ -85.806075960551595, 41.312565776555438 ] ], [ [ -86.223961795915599, 43.077113188569882 ], [ -86.226443525138919, 43.075543614354402 ], [ -86.18125147372038, 43.059868455742247 ], [ -86.223961795915599, 43.077113188569882 ] ], [ [ -86.164170016842903, 43.052965457371982 ], [ -86.167118145513086, 43.054157114448792 ], [ -86.14871552971313, 43.031137005311159 ], [ -86.164170016842903, 43.052965457371982 ] ], [ [ -86.003021973308492, 43.005939484015968 ], [ -86.092789201647093, 43.043930334977979 ], [ -86.132086298103545, 43.0349419905113 ], [ -86.003021973308492, 43.005939484015968 ] ], [ [ -85.875089977303702, 42.984475986335958 ], [ -85.875090196492593, 42.984476103309056 ], [ -85.873936825345695, 42.96846884623271 ], [ -85.875089977303702, 42.984475986335958 ] ], [ [ -85.872752892412805, 42.95203010357671 ], [ -85.810350373488973, 42.946914144702788 ], [ -85.810350534564193, 42.946914323950914 ], [ -85.872752892412805, 42.95203010357671 ] ], [ [ -85.637366375520998, 43.0584618277178 ], [ -85.674687251065919, 42.988990936820556 ], [ -85.629618573508253, 43.060087095301313 ], [ -85.637366375520998, 43.0584618277178 ] ], [ [ -85.586338959527794, 43.059652693721311 ], [ -85.595115188118456, 43.05623465308139 ], [ -85.595115079126401, 43.056234618070519 ], [ -85.586338959527794, 43.059652693721311 ] ], [ [ -85.534653407481699, 42.98759708620419 ], [ -85.484348337200927, 42.956210450545846 ], [ -85.540624649435202, 43.010061165019863 ], [ -85.534653407481699, 42.98759708620419 ] ], [ [ -85.355166083585203, 42.924134324699935 ], [ -85.317100455724557, 42.933421188982962 ], [ -85.386707039750405, 42.924156060092379 ], [ -85.355166083585203, 42.924134324699935 ] ], [ [ -84.828365367177796, 41.75999326883629 ], [ -84.810923746791701, 41.92872354173911 ], [ -84.828356384025, 41.928558640872446 ], [ -84.828365367177796, 41.75999326883629 ] ], [ [ -86.470355910887776, 42.099268840129746 ], [ -86.466466868545993, 42.108099055833272 ], [ -86.466466954457189, 42.108099076732081 ], [ -86.470355910887776, 42.099268840129746 ] ], [ [ -86.466837128953301, 42.068462645785658 ], [ -86.466836958295914, 42.068462626481846 ], [ -86.473348144537056, 42.079392576707669 ], [ -86.466837128953301, 42.068462645785658 ] ], [ [ -86.400018112382199, 42.016113714283989 ], [ -86.400017987563473, 42.016113768015643 ], [ -86.406329726210686, 42.025654235377004 ], [ -86.400018112382199, 42.016113714283989 ] ], [ [ -86.388558747952871, 42.021045871941872 ], [ -86.388558791189595, 42.021046054665085 ], [ -86.395728201994132, 42.017960306545561 ], [ -86.388558747952871, 42.021045871941872 ] ], [ [ -86.379594055608294, 41.983140520854306 ], [ -86.368201865693109, 41.985333986596913 ], [ -86.379594063740484, 41.983140555258281 ], [ -86.379594055608294, 41.983140520854306 ] ], [ [ -86.356656831185475, 41.968467469345171 ], [ -86.366417120371281, 41.985677514966241 ], [ -86.3566568639108, 41.96846745621562 ], [ -86.356656831185475, 41.968467469345171 ] ], [ [ -86.327231706056182, 41.968439389366964 ], [ -86.337102730268214, 41.97631028559001 ], [ -86.33710289210191, 41.976310220700071 ], [ -86.327231706056182, 41.968439389366964 ] ], [ [ -86.336023618433458, 41.954565438410285 ], [ -86.319860691283594, 41.962560334214551 ], [ -86.319860854582217, 41.962560464475239 ], [ -86.336023618433458, 41.954565438410285 ] ], [ [ -86.369801406610094, 41.919134947324508 ], [ -86.369801529679293, 41.91913513247853 ], [ -86.361168761335279, 41.847190310372092 ], [ -86.369801406610094, 41.919134947324508 ] ], [ [ -86.3229963515127, 41.834112543530743 ], [ -86.322365750258442, 41.834678819802448 ], [ -86.329865014055898, 41.836466909251577 ], [ -86.3229963515127, 41.834112543530743 ] ], [ [ -86.272578377281917, 41.857385877576725 ], [ -86.272578427751, 41.857385984380123 ], [ -86.281372258248169, 41.861953755901673 ], [ -86.272578377281917, 41.857385877576725 ] ], [ [ -84.902944063512507, 41.906393893009984 ], [ -85.010437590524347, 41.905285954287869 ], [ -85.010437593304303, 41.905285746045315 ], [ -84.902944063512507, 41.906393893009984 ] ], [ [ -84.902944063512507, 41.989550169285039 ], [ -85.0093410872107, 41.987331396179684 ], [ -85.00980323768286, 41.952773683237638 ], [ -85.009340930903804, 41.98733128734267 ], [ -84.902944063512507, 41.989550169285039 ] ], [ [ -85.963623659318998, 42.021732595003222 ], [ -85.963623590148799, 42.021732595003222 ], [ -85.963231911751706, 42.037202130901292 ], [ -85.963623659318998, 42.021732595003222 ] ], [ [ -85.465599648327597, 42.026176462003129 ], [ -85.388860241483997, 42.03283370356592 ], [ -85.466738526214002, 41.988440621822043 ], [ -85.388860205551396, 41.991769017365648 ], [ -85.388860205551396, 42.032833832342135 ], [ -85.465599648327597, 42.026176462003129 ] ], [ [ -85.561070052752399, 42.279772868136675 ], [ -85.634560603613707, 42.279772868085011 ], [ -85.634220231366001, 42.294656132944866 ], [ -85.634560664699094, 42.279772836847222 ], [ -85.561070052752399, 42.279772868136675 ] ], [ [ -84.288253864048002, 41.246024642143844 ], [ -84.288253866499005, 41.246024850174841 ], [ -84.372581212712333, 41.247482318871292 ], [ -84.288253864048002, 41.246024642143844 ] ], [ [ -84.288808587210696, 41.293075787610761 ], [ -84.288808573736006, 41.29307589222698 ], [ -84.288918972895701, 41.296275803034654 ], [ -84.288808587210696, 41.293075787610761 ] ], [ [ -84.245967356389301, 41.290314892234633 ], [ -84.181226440443012, 41.331182307394918 ], [ -84.247057383198083, 41.290385321841697 ], [ -84.245967356389301, 41.290314892234633 ] ], [ [ -84.147359821655797, 41.375581509297866 ], [ -84.096275341605349, 41.406810465200131 ], [ -84.098869351508796, 41.406865614672306 ], [ -84.147359821655797, 41.375581509297866 ] ], [ [ -83.958294088141074, 41.421146190025709 ], [ -83.961801598222607, 41.421308689423576 ], [ -83.990414062915903, 41.404514974340742 ], [ -83.958294088141074, 41.421146190025709 ] ], [ [ -83.946242653636659, 41.420587122632 ], [ -83.897578543310246, 41.416918161174479 ], [ -83.907798662014727, 41.41879607508011 ], [ -83.946242653636659, 41.420587122632 ] ], [ [ -83.840259095615096, 41.427494347161392 ], [ -83.862157098225694, 41.414235765135906 ], [ -83.722893086031803, 41.487206351549332 ], [ -83.840259095615096, 41.427494347161392 ] ], [ [ -83.913576186562906, 41.491598772734939 ], [ -83.912649600770749, 41.454922983710652 ], [ -83.840259095615096, 41.427494347161392 ], [ -83.913576186562906, 41.491598772734939 ] ], [ [ -83.536207327512301, 41.487791600656628 ], [ -83.536207564667507, 41.487791657182328 ], [ -83.756953984049204, 41.487103562625983 ], [ -83.536207327512301, 41.487791600656628 ] ], [ [ -83.5307231818731, 41.650383867529818 ], [ -83.523698735105555, 41.664194883064205 ], [ -83.535459414878417, 41.510007998024292 ], [ -83.5307231818731, 41.650383867529818 ] ], [ [ -83.368248195946407, 41.637968362646113 ], [ -83.368248360344197, 41.637968532615062 ], [ -83.4184320217893, 41.612754426405175 ], [ -83.368248195946407, 41.637968362646113 ] ], [ [ -83.42034992097831, 41.691785414730717 ], [ -83.420349971283898, 41.691785305389892 ], [ -83.379160259506307, 41.649248008361596 ], [ -83.42034992097831, 41.691785414730717 ] ], [ [ -84.301278874220699, 40.362937415396111 ], [ -84.289307965408739, 40.378288506679581 ], [ -84.324322992048565, 40.353681663763084 ], [ -84.301278874220699, 40.362937415396111 ] ], [ [ -84.407388603609149, 40.424446976779684 ], [ -84.339395508532576, 40.424947677934732 ], [ -84.339395514620008, 40.424947808825266 ], [ -84.407388603609149, 40.424446976779684 ] ], [ [ -84.326303050939003, 40.379662260701352 ], [ -84.270909313246136, 40.401867531258773 ], [ -84.270909080252807, 40.401867829740858 ], [ -84.326303050939003, 40.379662260701352 ] ], [ [ -83.895092143776793, 40.50213297683397 ], [ -84.0671644364499, 40.47569452781152 ], [ -83.895092038727654, 40.502132784482782 ], [ -83.895092143776793, 40.50213297683397 ] ], [ [ -84.368188203817198, 40.505997718964892 ], [ -84.368912391065862, 40.525770200938965 ], [ -84.370994954883713, 40.505894349893978 ], [ -84.368188203817198, 40.505997718964892 ] ], [ [ -84.321159715419697, 40.639167137507272 ], [ -84.321159714352405, 40.639167019934284 ], [ -84.320978743856912, 40.639170200325978 ], [ -84.321159715419697, 40.639167137507272 ] ], [ [ -84.321982553035625, 40.729724804190489 ], [ -84.3219827957315, 40.729724801070937 ], [ -84.321510660051857, 40.677806568959319 ], [ -84.321982553035625, 40.729724804190489 ] ], [ [ -84.119608644183899, 40.642428282361102 ], [ -84.118786124251798, 40.732174142396723 ], [ -84.321682484116167, 40.729728660927492 ], [ -84.118786160184399, 40.732174110403179 ], [ -84.119608816660403, 40.642428375744693 ], [ -84.270837935568125, 40.640008848657253 ], [ -84.033241161505671, 40.641612984200179 ], [ -84.119608644183899, 40.642428282361102 ] ], [ [ -84.032407126286458, 40.495013804490178 ], [ -84.032406933766197, 40.49501380625621 ], [ -84.032779553709105, 40.561454141980363 ], [ -84.032407126286458, 40.495013804490178 ] ], [ [ -83.166711161954197, 40.677265488176168 ], [ -83.205787194093801, 40.73466795148407 ], [ -83.129265969633096, 40.735030767982735 ], [ -83.386072380288695, 40.733848622481055 ], [ -83.205787315366294, 40.734668063797777 ], [ -83.166711161954197, 40.677265488176168 ] ], [ [ -83.38572289087773, 40.893036664433865 ], [ -83.386223484781596, 40.733847828385947 ], [ -83.386223397474851, 40.733847828844759 ], [ -83.38572289087773, 40.893036664433865 ] ], [ [ -83.274341982169204, 40.907153848686228 ], [ -83.274650962913185, 40.924992504278919 ], [ -83.274342247295834, 40.907153851401155 ], [ -83.274341982169204, 40.907153848686228 ] ], [ [ -83.251007496479247, 40.939727524727616 ], [ -83.274890218597207, 40.93881152333848 ], [ -83.274890215420115, 40.938811339869339 ], [ -83.251007496479247, 40.939727524727616 ] ], [ [ -83.116316599779793, 40.908366653036708 ], [ -83.024051378011293, 40.90933314880116 ], [ -83.231963733814837, 40.907155471447183 ], [ -83.116316599779793, 40.908366653036708 ] ], [ [ -83.026996185815094, 40.735480631439209 ], [ -83.023705544639895, 40.909336488233819 ], [ -83.027131364266026, 40.735480091143899 ], [ -83.026996185815094, 40.735480631439209 ] ], [ [ -84.089444901284295, 41.067327702773575 ], [ -84.089444901284295, 40.990791875876283 ], [ -83.980442763262204, 40.990791875876283 ], [ -84.089444709943109, 40.990792026406034 ], [ -84.089444901284295, 41.067327702773575 ] ], [ [ -83.979757236411004, 41.068695359029213 ], [ -84.065026773098779, 41.06764032436179 ], [ -83.979757237439387, 41.068695242289166 ], [ -83.979757236411004, 41.068695359029213 ] ], [ [ -82.885472227272601, 40.902800490656944 ], [ -82.861100127044111, 40.903608789523389 ], [ -82.885274413701822, 40.910277046417271 ], [ -82.885472227272601, 40.902800490656944 ] ], [ [ -82.873118659804192, 40.918948257842345 ], [ -82.860381163035584, 40.919581450425795 ], [ -82.860381158492999, 40.919581551322828 ], [ -82.873118659804192, 40.918948257842345 ] ], [ [ -83.384583274469065, 41.05653347252035 ], [ -83.430098326152105, 41.056293134636952 ], [ -83.430098327197044, 41.056292991093464 ], [ -83.384583274469065, 41.05653347252035 ] ], [ [ -84.384915956926761, 41.122049850281911 ], [ -84.465124844679494, 41.1234184760145 ], [ -84.384915957301601, 41.122049827437181 ], [ -84.384915956926761, 41.122049850281911 ] ], [ [ -83.143348573053814, 41.228332430663926 ], [ -83.143348788649504, 41.228332306351021 ], [ -83.13212882755424, 41.225182376210853 ], [ -83.143348573053814, 41.228332430663926 ] ], [ [ -83.131427603407346, 41.21636921672836 ], [ -83.129293376709896, 41.224386096482874 ], [ -83.129293534706179, 41.224386140855223 ], [ -83.131427603407346, 41.21636921672836 ] ], [ [ -83.149396077231117, 41.205823028829236 ], [ -83.134478177645406, 41.204907101383149 ], [ -83.134478164028508, 41.204907152554966 ], [ -83.149396077231117, 41.205823028829236 ] ], [ [ -83.164622017471501, 41.206755997956961 ], [ -83.150806504086773, 41.194144191425451 ], [ -83.164621706299755, 41.206755978908753 ], [ -83.164622017471501, 41.206755997956961 ] ], [ [ -83.152624032370994, 41.183756076064384 ], [ -83.146434975062604, 41.190152237849226 ], [ -83.146435106183858, 41.190152357594108 ], [ -83.152624032370994, 41.183756076064384 ] ], [ [ -83.001105616432596, 41.152982992910609 ], [ -83.001105617046051, 41.152983147720981 ], [ -83.105370070673388, 41.152478223085929 ], [ -83.001105616432596, 41.152982992910609 ] ], [ [ -83.001654150202995, 41.291147212098537 ], [ -83.128735831149044, 41.289278864677144 ], [ -83.001654149570513, 41.291147053089034 ], [ -83.001654150202995, 41.291147212098537 ] ], [ [ -83.1563134877306, 41.382317391457015 ], [ -83.089404014403698, 41.38286699141355 ], [ -83.088855814527122, 41.334565322219134 ], [ -83.089403832944001, 41.382867147784715 ], [ -83.1563134877306, 41.382317391457015 ] ], [ [ -83.148092456530634, 41.335015524992251 ], [ -83.154668122676497, 41.335068753355841 ], [ -83.148092113086562, 41.335015429827713 ], [ -83.148092456530634, 41.335015524992251 ] ], [ [ -83.840432465973393, 43.271427926925575 ], [ -83.887050537642807, 43.195050150608687 ], [ -83.866483609212921, 43.184186084975458 ], [ -83.827149735651886, 43.200683169372304 ], [ -83.840432465973393, 43.271427926925575 ] ], [ [ -82.637484616987294, 42.724652267048526 ], [ -82.637484432832593, 42.724652538276828 ], [ -82.708095944293802, 42.732369030928908 ], [ -82.637484616987294, 42.724652267048526 ] ], [ [ -83.817282219723523, 41.552504668372663 ], [ -83.913944412908194, 41.491920706255016 ], [ -83.913944206462475, 41.491920525764385 ], [ -83.817282219723523, 41.552504668372663 ] ], [ [ -83.811944453871419, 41.548487342120239 ], [ -83.756953984049204, 41.507061213937185 ], [ -83.756953984049204, 41.507061517382333 ], [ -83.811944453871419, 41.548487342120239 ] ], [ [ -83.586574316735962, 41.664189149984736 ], [ -83.605447794654381, 41.664181432732619 ], [ -83.756953710961298, 41.661421691227766 ], [ -83.586574316735962, 41.664189149984736 ] ], [ [ -83.579813837334427, 41.72944671639528 ], [ -83.541568013552094, 41.730408217117429 ], [ -83.541600945565563, 41.730789660859571 ], [ -83.579813837334427, 41.72944671639528 ] ], [ [ -83.4813637331292, 41.66418143268131 ], [ -83.480847087573508, 41.677444375777959 ], [ -83.480847245550265, 41.677444028537217 ], [ -83.4813637331292, 41.66418143268131 ] ], [ [ -83.923902492494292, 41.432547739646566 ], [ -83.933825118071439, 41.441017452807664 ], [ -83.933825253039799, 41.441017364148607 ], [ -83.923902492494292, 41.432547739646566 ] ], [ [ -83.58357331683662, 42.005053193379574 ], [ -83.583573104175301, 42.0050531992907 ], [ -83.583782764100917, 42.009927178012049 ], [ -83.58357331683662, 42.005053193379574 ] ], [ [ -83.581758088334794, 41.962832114332414 ], [ -83.582415608157291, 41.978133062511567 ], [ -83.582416209551695, 41.978133035437629 ], [ -83.581758088334794, 41.962832114332414 ] ], [ [ -83.647570911837605, 41.96116801696602 ], [ -83.643508158064478, 41.961271718349927 ], [ -83.648119445607904, 42.014420934926285 ], [ -83.647570911837605, 41.96116801696602 ] ], [ [ -83.583952220117013, 42.013866057093175 ], [ -83.583952223416205, 42.013866133776389 ], [ -83.621794944077138, 42.014197183488989 ], [ -83.583952220117013, 42.013866057093175 ] ], [ [ -83.587913957110018, 41.977393592547429 ], [ -83.586557407921006, 41.977946883765483 ], [ -83.588126099172698, 41.977876529687741 ], [ -83.587913957110018, 41.977393592547429 ] ], [ [ -83.603569207997538, 41.971006698363936 ], [ -83.613368197654211, 41.969677525878311 ], [ -83.613522622052599, 41.966944421422895 ], [ -83.603569207997538, 41.971006698363936 ] ], [ [ -83.329887890778878, 42.476126319570213 ], [ -83.305208359436307, 42.476126319570788 ], [ -83.329887887526297, 42.476126485201405 ], [ -83.329887890778878, 42.476126319570213 ] ], [ [ -83.330573414377497, 42.44120064435478 ], [ -83.318183141693694, 42.441883726741459 ], [ -83.330573409849293, 42.441200875166082 ], [ -83.330573414377497, 42.44120064435478 ] ], [ [ -83.309321520543406, 42.504080514585802 ], [ -83.309321520543406, 42.504080284284449 ], [ -83.292256301271365, 42.504404055056554 ], [ -83.309321520543406, 42.504080514585802 ] ], [ [ -84.122792671504399, 43.183206681337204 ], [ -84.133846941437099, 43.176306198963864 ], [ -84.122792671504399, 43.176046973648383 ], [ -84.122792671504399, 43.183206681337204 ] ], [ [ -84.062549903124804, 43.142772745641082 ], [ -84.063920956827204, 43.217671002967109 ], [ -84.065635876506519, 43.142773806159148 ], [ -84.062549903124804, 43.142772745641082 ] ], [ [ -84.153042816164714, 43.162547977450359 ], [ -84.155784923569399, 43.142772745641082 ], [ -84.14596699113136, 43.161507004383672 ], [ -84.153042816164714, 43.162547977450359 ] ], [ [ -83.787615717410262, 43.356955723321541 ], [ -83.670417315300895, 43.33373031563913 ], [ -83.669046261598595, 43.387588768561294 ], [ -83.769135427660999, 43.384752985743333 ], [ -83.787615717410262, 43.356955723321541 ] ], [ [ -84.120959485792298, 43.460797384655002 ], [ -84.142482620618054, 43.536908654209 ], [ -84.131224910039805, 43.483166178764669 ], [ -84.182384039132202, 43.517608804035916 ], [ -84.120959485792298, 43.460797384655002 ] ], [ [ -84.172237567998096, 43.566509347294463 ], [ -84.290152677979805, 43.584998482671686 ], [ -84.214741355666206, 43.532388636737217 ], [ -84.172237567998096, 43.566509347294463 ] ], [ [ -83.980326030784312, 43.636937040551501 ], [ -84.004964524730411, 43.640501711624012 ], [ -83.985378431724897, 43.613963578175188 ], [ -83.980326030784312, 43.636937040551501 ] ], [ [ -83.810268161626794, 44.02758564660148 ], [ -83.798383103755569, 44.02726058466186 ], [ -83.810268161626794, 44.027585688315554 ], [ -83.810268161626794, 44.02758564660148 ] ], [ [ -83.869707438188698, 43.548249743257216 ], [ -83.840091106165403, 43.533466471059121 ], [ -83.838994038624719, 43.55166219267501 ], [ -83.869707438188698, 43.548249743257216 ] ], [ [ -81.505339926044996, 40.714780675046327 ], [ -81.505339364598001, 40.714780887825128 ], [ -81.52514141860398, 40.720146994437208 ], [ -81.505339926044996, 40.714780675046327 ] ], [ [ -81.528433932750545, 40.721038909114355 ], [ -81.531739171410877, 40.761297896505873 ], [ -81.528434489105607, 40.72103905981723 ], [ -81.528433932750545, 40.721038909114355 ] ], [ [ -81.531845263897736, 40.762589616377063 ], [ -81.528684899973655, 40.765973063021299 ], [ -81.531845279950005, 40.762589811816717 ], [ -81.531845263897736, 40.762589616377063 ] ], [ [ -81.529120015956806, 40.798990559617401 ], [ -81.529120577403901, 40.798990134598355 ], [ -81.520869601829375, 40.785773839502454 ], [ -81.529120015956806, 40.798990559617401 ] ], [ [ -81.566888559183496, 40.855025206625825 ], [ -81.596208020812796, 40.888935960476147 ], [ -81.524036674342796, 40.842772629238169 ], [ -81.566888559183496, 40.855025206625825 ] ], [ [ -81.591937519434097, 40.975170447091514 ], [ -81.637643123564075, 40.913947055094653 ], [ -81.591936957987102, 40.975170447091514 ], [ -81.606918543453489, 40.997402907319326 ], [ -82.590375660728157, 40.996211124575574 ], [ -81.591937519434097, 40.975170447091514 ] ], [ [ -81.59030666357674, 41.009019045565672 ], [ -81.487922467343935, 41.080483679846303 ], [ -81.581152957885706, 41.02361147451689 ], [ -81.59030666357674, 41.009019045565672 ] ], [ [ -81.450186220194809, 41.147880187712062 ], [ -81.450186174835295, 41.147880268646901 ], [ -81.45605087121146, 41.146419136588655 ], [ -81.450186220194809, 41.147880187712062 ] ], [ [ -81.481447546722706, 41.140088018792127 ], [ -81.491978668376603, 41.119874815709906 ], [ -81.481447382444827, 41.140088059764693 ], [ -81.481447546722706, 41.140088018792127 ] ], [ [ -81.677367107180885, 41.442919709131843 ], [ -81.546495865291206, 41.253623752722334 ], [ -81.5816470223088, 41.183774515047531 ], [ -81.562734157319994, 41.1423071205746 ], [ -81.559388291120754, 41.140182849584825 ], [ -81.546495679339898, 41.253623635211177 ], [ -81.677367107180885, 41.442919709131843 ] ], [ [ -81.677476826970931, 41.462139888457799 ], [ -81.693564488973607, 41.494847678129503 ], [ -81.693564531281069, 41.494847645561968 ], [ -81.677476826970931, 41.462139888457799 ] ], [ [ -81.547884549081886, 40.334082870221572 ], [ -81.548521380305601, 40.294539662288642 ], [ -81.548520874435965, 40.294539642958838 ], [ -81.547884549081886, 40.334082870221572 ] ], [ [ -81.402734982588996, 40.341484604827563 ], [ -81.478594993250411, 40.345257075315999 ], [ -81.477087348912406, 40.386128671902874 ], [ -81.478595395695606, 40.345256742572516 ], [ -81.402734982588996, 40.341484604827563 ] ], [ [ -81.427727173000406, 40.494246068434073 ], [ -81.41422888403288, 40.494057721192902 ], [ -81.427727169838207, 40.494246128829758 ], [ -81.427727173000406, 40.494246068434073 ] ], [ [ -81.374254928610981, 40.443824352503043 ], [ -81.404005675819491, 40.44555690736081 ], [ -81.374254952550999, 40.443824063568961 ], [ -81.374254928610981, 40.443824352503043 ] ], [ [ -82.273419215580901, 40.674415656384113 ], [ -82.273419144613996, 40.674415564407838 ], [ -82.273419144613996, 40.700931583315722 ], [ -82.273419215580901, 40.674415656384113 ] ], [ [ -82.28940656000961, 40.667017664583895 ], [ -82.289872362640224, 40.662860692112488 ], [ -82.289872350489702, 40.662860692218395 ], [ -82.28940656000961, 40.667017664583895 ] ], [ [ -82.300951236368093, 40.662763638519621 ], [ -82.365282552848996, 40.662181037619526 ], [ -82.365282549909296, 40.6621809690836 ], [ -82.300951236368093, 40.662763638519621 ] ], [ [ -82.293300104221601, 40.700931584337177 ], [ -82.293985511596901, 40.715213678726322 ], [ -82.29398564987433, 40.715213677083646 ], [ -82.293300104221601, 40.700931584337177 ] ], [ [ -82.163731553402599, 40.800969833204917 ], [ -82.163731479740704, 40.800969844085117 ], [ -82.172814504293683, 40.800825493064686 ], [ -82.163731553402599, 40.800969833204917 ] ], [ [ -78.980867365153799, 42.454885338824084 ], [ -78.980856575390533, 42.455444650713773 ], [ -79.014037790298545, 42.455577714667349 ], [ -78.980867365153799, 42.454885338824084 ] ], [ [ -78.978674383813285, 42.568417989555499 ], [ -78.978673791741159, 42.5684179777803 ], [ -78.978673791519398, 42.568417989239869 ], [ -78.978674383813285, 42.568417989555499 ] ], [ [ -79.020126432625801, 43.171332848338452 ], [ -79.020126550305093, 43.171332959059093 ], [ -79.000245710173402, 43.15155442650731 ], [ -79.020126432625801, 43.171332848338452 ] ], [ [ -78.98471532491169, 43.164892774032957 ], [ -78.971452459529203, 43.176278331842973 ], [ -78.971452571380468, 43.176278426577873 ], [ -78.98471532491169, 43.164892774032957 ] ], [ [ -78.703494554876201, 42.071462845743973 ], [ -78.587637148342196, 42.094378423596552 ], [ -78.793301379617901, 42.198644312667213 ], [ -78.898190356532794, 42.122166108532319 ], [ -78.918756723515699, 42.168042234682162 ], [ -79.018776232333877, 42.006103833592412 ], [ -78.793986906469101, 42.148575875042447 ], [ -78.703494554876201, 42.071462845743973 ] ], [ [ -78.292851619176005, 42.223136680602558 ], [ -78.333984353141801, 42.257246398167425 ], [ -78.334669879993015, 42.221049063757533 ], [ -78.292851619176005, 42.223136680602558 ] ], [ [ -78.088969420845203, 42.488141277057714 ], [ -78.234991131725906, 42.420250627718801 ], [ -78.200851220800004, 42.396799276198401 ], [ -78.088969420845203, 42.488141277057714 ] ], [ [ -77.962811706684604, 42.695299241498141 ], [ -78.088609533284497, 42.693195944784001 ], [ -78.089295060135697, 42.619272921756718 ], [ -77.963154189386699, 42.621023833973794 ], [ -77.962811706684604, 42.695299241498141 ] ], [ [ -77.951528305268994, 42.748373464590372 ], [ -77.993922049314804, 42.762780229344521 ], [ -77.993922049314804, 42.745705864834001 ], [ -77.951528305268994, 42.748373464590372 ] ], [ [ -78.316023100482795, 43.033203502890721 ], [ -78.2496617432097, 43.107122673493656 ], [ -78.548012461159701, 43.087929388117502 ], [ -78.54856099493, 43.00670436274924 ], [ -78.316023100482795, 43.033203502890721 ] ] ], [ [ [ -122.276382446607983, 37.788543701227226 ], [ -122.228584289591012, 37.756519317342587 ], [ -122.336692809620018, 37.781261443912015 ], [ -122.276382446607983, 37.788543701227226 ] ] ], [ [ [ -122.372932433708002, 37.814422607345328 ], [ -122.376251220897004, 37.809810638511365 ], [ -122.373619079860021, 37.832092284887224 ], [ -122.372932433708002, 37.814422607345328 ] ] ], [ [ [ -122.431747436843011, 37.871978759951922 ], [ -122.423507690205014, 37.855396271072877 ], [ -122.446540832753996, 37.862552642772108 ], [ -122.431747436843011, 37.871978759951922 ] ] ], [ [ [ -121.839935302862017, 38.062004089147685 ], [ -121.820327758985997, 38.03335952732828 ], [ -121.778533935937986, 38.023715973044617 ], [ -121.823600768926994, 38.026042938033292 ], [ -121.839935302862017, 38.062004089147685 ] ] ], [ [ [ -121.841293334586013, 38.031147003400903 ], [ -121.881362915107985, 38.041255950682981 ], [ -121.856834411784007, 38.0603179929006 ], [ -121.841293334586013, 38.031147003400903 ] ] ], [ [ [ -121.720741272189997, 38.084167480695889 ], [ -121.734809875889994, 38.085273742425933 ], [ -121.712516784336017, 38.102451324137142 ], [ -121.720741272189997, 38.084167480695889 ] ] ], [ [ [ -122.003501891878003, 38.074642181242375 ], [ -122.042747497196999, 38.093330383607523 ], [ -122.01993002218002, 38.089001743950412 ], [ -122.003501891878003, 38.074642181242375 ] ] ], [ [ [ -124.177864329894021, 40.806324284145383 ], [ -124.17300388276, 40.815586330609086 ], [ -124.159721168390021, 40.816982579471265 ], [ -124.177864329894021, 40.806324284145383 ] ] ], [ [ [ -100.776274557643006, 43.730755801978567 ], [ -100.774079926691996, 43.72973489820334 ], [ -100.790952589211003, 43.726523699747908 ], [ -100.776274557643006, 43.730755801978567 ] ] ], [ [ [ -99.660532230626799, 48.99917271431179 ], [ -99.6605319269962, 48.885470432605402 ], [ -99.7880433627641, 48.885470423154203 ], [ -99.789414458687304, 48.802590795913844 ], [ -99.660531693434194, 48.797903549886584 ], [ -99.6262540608938, 48.529886903263346 ], [ -100.158239221605001, 48.534549580396082 ], [ -100.188401602658999, 48.999216332062517 ], [ -99.660532230626799, 48.99917271431179 ] ], [ [ -99.790785553712212, 48.97789263515525 ], [ -99.926524035736506, 48.974756907654317 ], [ -99.923781843890097, 48.883905399614285 ], [ -99.7880433627641, 48.885470423154203 ], [ -99.790785553712212, 48.97789263515525 ] ] ], [ [ [ -87.619616790318304, 41.910797444185917 ], [ -87.619275232880995, 41.911039122007828 ], [ -87.6191103992129, 41.910801369027737 ], [ -87.619616790318304, 41.910797444185917 ] ] ], [ [ [ -86.983932494641707, 45.291446685307186 ], [ -87.053573608203706, 45.088058471591232 ], [ -87.317070007540295, 44.7939987182138 ], [ -87.4121093750814, 44.903236388961602 ], [ -87.364257812322407, 44.990142822504808 ], [ -87.241439819690797, 45.169910431279291 ], [ -86.983932494641707, 45.291446685307186 ] ] ], [ [ [ -86.877380370521493, 45.33100891144111 ], [ -86.941452026340102, 45.419536590477641 ], [ -86.843742370802801, 45.394340514838348 ], [ -86.877380370521493, 45.33100891144111 ] ] ], [ [ [ -86.810165405319296, 45.406024932484549 ], [ -86.8360366824827, 45.424819946226862 ], [ -86.815345764085706, 45.42258071872056 ], [ -86.810165405319296, 45.406024932484549 ] ] ], [ [ [ -86.621780396094394, 45.560268401808514 ], [ -86.655593871822504, 45.554290771173505 ], [ -86.653709412070612, 45.58401107785555 ], [ -86.621780396094394, 45.560268401808514 ] ] ], [ [ [ -86.677215576007896, 45.613243103474929 ], [ -86.701927185631703, 45.60269165087476 ], [ -86.693496704200996, 45.615962982534199 ], [ -86.677215576007896, 45.613243103474929 ] ] ], [ [ [ -86.703895568692303, 45.608631134300808 ], [ -86.710426330689401, 45.615024566076897 ], [ -86.702606201493694, 45.614578246704973 ], [ -86.703895568692303, 45.608631134300808 ] ] ], [ [ [ -86.654075622872597, 45.739933013587574 ], [ -86.654098511047707, 45.748165130733057 ], [ -86.647575378442397, 45.749542235855991 ], [ -86.654075622872597, 45.739933013587574 ] ] ], [ [ [ -86.691383361799595, 46.458633422740057 ], [ -86.712768554842, 46.545684813675265 ], [ -86.651397705484797, 46.560436248785379 ], [ -86.608322143731598, 46.472473144384516 ], [ -86.691383361799595, 46.458633422740057 ] ] ], [ [ [ -90.605644225687101, 46.870273589929774 ], [ -90.6631927489004, 46.784908295065684 ], [ -90.79304504338171, 46.74934005677958 ], [ -90.605644225687101, 46.870273589929774 ] ] ], [ [ [ -90.757965088630101, 46.854732513092024 ], [ -90.759468078796502, 46.829025267854107 ], [ -90.768768309983599, 46.829856872441624 ], [ -90.757965088630101, 46.854732513092024 ] ] ], [ [ [ -90.4961090085108, 46.867443085165846 ], [ -90.520088195632297, 46.873233795532691 ], [ -90.452735901379299, 46.896659851423422 ], [ -90.4961090085108, 46.867443085165846 ] ] ], [ [ [ -90.739776610713307, 46.910427093638184 ], [ -90.717369079182006, 46.955150604471413 ], [ -90.696014404604696, 46.913574219043113 ], [ -90.739776610713307, 46.910427093638184 ] ] ], [ [ [ -90.512062071962205, 46.955444336024144 ], [ -90.550460815700006, 46.905124664270772 ], [ -90.658805847769898, 46.912513733325312 ], [ -90.638046264847503, 46.940689086245094 ], [ -90.512062071962205, 46.955444336024144 ] ] ], [ [ [ -90.641349792355413, 46.977844238166611 ], [ -90.663497924568702, 46.952407836705795 ], [ -90.682769775209707, 46.952701569209665 ], [ -90.641349792355413, 46.977844238166611 ] ] ], [ [ [ -90.938064575765097, 46.959449767755594 ], [ -90.988380432045801, 46.980487823816532 ], [ -90.943626403218602, 47.000705718418907 ], [ -90.938064575765097, 46.959449767755594 ] ] ], [ [ [ -90.714523315176606, 46.980884552361616 ], [ -90.704345703044794, 47.005764008009962 ], [ -90.674911499055511, 46.995918274578997 ], [ -90.714523315176606, 46.980884552361616 ] ] ], [ [ [ -90.779396057124416, 47.000953674058884 ], [ -90.749092102480404, 47.015926361204585 ], [ -90.755325317302507, 46.993831634529677 ], [ -90.779396057124416, 47.000953674058884 ] ] ], [ [ [ -90.694351196314003, 47.04120635985371 ], [ -90.687248229938902, 47.016471862480252 ], [ -90.698593139002, 47.018672943116968 ], [ -90.694351196314003, 47.04120635985371 ] ] ], [ [ [ -90.457756042919797, 47.059127807626489 ], [ -90.411926269861695, 47.017658233963303 ], [ -90.473312378002404, 46.986019134301202 ], [ -90.457756042919797, 47.059127807626489 ] ] ], [ [ [ -87.960067748456296, 47.385017394670761 ], [ -87.941635132699801, 47.337409973000348 ], [ -88.2176055910722, 47.207889557105403 ], [ -88.432296752787806, 46.978157043000415 ], [ -88.390029907453993, 47.19598388630714 ], [ -88.476768494121899, 47.086360931838641 ], [ -88.622856140446117, 47.135635375687492 ], [ -88.624061584336005, 47.234397887936602 ], [ -88.218605041385999, 47.449638366993881 ], [ -87.7197113040517, 47.442974090061696 ], [ -87.960067748456296, 47.385017394670761 ] ] ], [ [ [ -88.573211669737404, 48.075462341262359 ], [ -89.000793456725503, 47.907634734295819 ], [ -88.915809631048802, 47.889331817857496 ], [ -89.231155395297606, 47.852634430154993 ], [ -89.161994933413197, 47.941040038848371 ], [ -88.424499511767294, 48.190071105249828 ], [ -88.642372131621798, 48.061050415468181 ], [ -88.573211669737404, 48.075462341262359 ] ] ], [ [ [ -87.305297398892293, 30.3297349354232 ], [ -86.653807713813805, 30.403223665746523 ], [ -86.518281132686994, 30.38947803680561 ], [ -87.230629432476306, 30.315934385045793 ], [ -87.305297398892293, 30.3297349354232 ] ] ], [ [ [ -86.132781981602193, 45.04495239196045 ], [ -86.119499206146898, 44.996982574431996 ], [ -86.156883239889311, 45.00255966207262 ], [ -86.132781981602193, 45.04495239196045 ] ] ], [ [ [ -86.0081024173938, 45.055511474278383 ], [ -86.060768128117203, 45.098613739478736 ], [ -86.051986693769706, 45.156120299757795 ], [ -85.977767944284594, 45.137130736871477 ], [ -86.0081024173938, 45.055511474278383 ] ] ], [ [ [ -85.5683517452415, 45.758338927823957 ], [ -85.491683960119701, 45.60641860932185 ], [ -85.619636536065698, 45.579879760568303 ], [ -85.5683517452415, 45.758338927823957 ] ] ], [ [ [ -85.6734924309973, 45.698188782142537 ], [ -85.701042175234804, 45.739059448154038 ], [ -85.6416473392282, 45.741439819129603 ], [ -85.6734924309973, 45.698188782142537 ] ] ], [ [ [ -85.457427978774305, 45.79961395203614 ], [ -85.536445617440407, 45.798820495484811 ], [ -85.526229858350106, 45.827571869097007 ], [ -85.457427978774305, 45.79961395203614 ] ] ], [ [ [ -85.376220702891302, 45.814060211417804 ], [ -85.3572616582086, 45.777309417614148 ], [ -85.393218993904995, 45.773487090305927 ], [ -85.376220702891302, 45.814060211417804 ] ] ], [ [ [ -84.480690003014701, 45.730495452368515 ], [ -84.586189270180896, 45.805229187504295 ], [ -84.577301025247806, 45.818828582552271 ], [ -84.355445862023402, 45.7706604000849 ], [ -84.480690003014701, 45.730495452368515 ] ] ], [ [ [ -84.625778198126895, 45.883567809909138 ], [ -84.650756835562106, 45.855079651408154 ], [ -84.645317077477699, 45.886127471612475 ], [ -84.625778198126895, 45.883567809909138 ] ] ], [ [ [ -84.568763733231606, 45.955543517514258 ], [ -84.588119506282993, 45.965431213754769 ], [ -84.578844223108106, 45.970480045838855 ], [ -84.568763733231606, 45.955543517514258 ] ] ], [ [ [ -84.604957580070902, 45.971618651765702 ], [ -84.621055602862995, 45.958110808926399 ], [ -84.627670288168801, 45.978797913071041 ], [ -84.604957580070902, 45.971618651765702 ] ] ], [ [ [ -84.343292236540904, 45.944374084510379 ], [ -84.433174133490894, 45.958583832139723 ], [ -84.428848266595807, 45.992393493909553 ], [ -84.343292236540904, 45.944374084510379 ] ] ], [ [ [ -84.328926085666495, 45.983512878468289 ], [ -84.342132568102997, 45.959915161481725 ], [ -84.345199585366217, 45.986518860341384 ], [ -84.328926085666495, 45.983512878468289 ] ] ], [ [ [ -84.147918700918211, 46.21268463129914 ], [ -84.190032958417902, 46.324283599671787 ], [ -84.1358337399611, 46.311901093157068 ], [ -84.147918700918211, 46.21268463129914 ] ] ], [ [ [ -84.147300719291593, 46.359756469942852 ], [ -84.285652160627194, 46.476665497002955 ], [ -84.212448119340905, 46.532768249028905 ], [ -84.119834900159503, 46.518810272562312 ], [ -84.147300719291593, 46.359756469942852 ] ] ], [ [ [ -85.221648360012395, 29.678614366228182 ], [ -85.112067370079103, 29.689866177646309 ], [ -85.071937380549301, 29.673316779507651 ], [ -85.119103424542004, 29.627482473216787 ], [ -85.221648360012395, 29.678614366228182 ] ] ], [ [ [ -84.775001509171801, 29.697369286528023 ], [ -84.699942775607198, 29.763836850124726 ], [ -84.754585048551903, 29.704382216258008 ], [ -85.038306702100002, 29.587501929903596 ], [ -85.098617344487593, 29.625860207587305 ], [ -84.984580710745107, 29.612287595099332 ], [ -84.775001509171801, 29.697369286528023 ] ] ], [ [ [ -85.571578095788297, 30.022662660880396 ], [ -85.589050328064502, 30.054000542644896 ], [ -85.550842733242604, 30.01380328102741 ], [ -85.571578095788297, 30.022662660880396 ] ] ], [ [ [ -85.599886256179104, 30.057942592916923 ], [ -85.600290498057007, 30.05822832714691 ], [ -85.600119818153004, 30.058208889470329 ], [ -85.599886256179104, 30.057942592916923 ] ] ], [ [ [ -85.600290498057007, 30.05822832714691 ], [ -85.612056182490804, 30.05959478624634 ], [ -85.620219622635219, 30.072292429385815 ], [ -85.600290498057007, 30.05822832714691 ] ] ], [ [ [ -85.731246900176004, 30.118223951438079 ], [ -85.705725762954103, 30.109468316919692 ], [ -85.636932778496202, 30.074354452161213 ], [ -85.731246900176004, 30.118223951438079 ] ] ], [ [ [ -83.407798210670904, 43.827465315964211 ], [ -83.4365005068926, 43.824035306301333 ], [ -83.447563259616601, 43.860286709502397 ], [ -83.433532697772705, 43.861786147783455 ], [ -83.407798210670904, 43.827465315964211 ] ] ], [ [ [ -83.550598144327793, 45.915287017748739 ], [ -83.791908263594195, 45.934501648503613 ], [ -83.869491576619197, 46.008365630692644 ], [ -83.670341492101102, 46.038253783836211 ], [ -83.722808837741795, 46.100242614820367 ], [ -83.582199096460599, 46.089977264348327 ], [ -83.474563598717907, 45.990077972912481 ], [ -83.550598144327793, 45.915287017748739 ] ] ], [ [ [ -82.200241258675604, 26.557197346142832 ], [ -82.226036382058993, 26.607533633396592 ], [ -82.214935450935499, 26.605495547200601 ], [ -82.200241258675604, 26.557197346142832 ] ] ], [ [ [ -82.259406549075919, 26.685692403528268 ], [ -82.251303745213093, 26.710494982332886 ], [ -82.220839628140396, 26.613912708851011 ], [ -82.259406549075919, 26.685692403528268 ] ] ], [ [ [ -82.241478421793104, 26.695088806207639 ], [ -82.222427400405095, 26.684606841365589 ], [ -82.227608433806296, 26.679152788526903 ], [ -82.241478421793104, 26.695088806207639 ] ] ], [ [ [ -82.184341078146602, 26.68810628751298 ], [ -82.185142824537706, 26.698282965228817 ], [ -82.178733344985517, 26.689394474006125 ], [ -82.184341078146602, 26.68810628751298 ] ] ], [ [ [ -82.177459983070307, 26.701842180153125 ], [ -82.174194607012495, 26.712406815856902 ], [ -82.1584628605994, 26.713054785727586 ], [ -82.177459983070307, 26.701842180153125 ] ] ], [ [ [ -82.285361123422305, 26.808484690135124 ], [ -82.2552720529807, 26.765048856920885 ], [ -82.263289516891504, 26.719468084282688 ], [ -82.285361123422305, 26.808484690135124 ] ] ], [ [ [ -82.591109467736999, 27.32600187554409 ], [ -82.574135800443599, 27.33361122503722 ], [ -82.5643913253991, 27.30535983380425 ], [ -82.591109467736999, 27.32600187554409 ] ] ], [ [ [ -82.655471512055996, 27.422703846530716 ], [ -82.589973098902604, 27.332898992926967 ], [ -82.6950445461096, 27.442556680233217 ], [ -82.655471512055996, 27.422703846530716 ] ] ], [ [ [ -82.686256776842697, 27.4484380940725 ], [ -82.740660996237196, 27.538939583869137 ], [ -82.708640547934806, 27.523812375517394 ], [ -82.686256776842697, 27.4484380940725 ] ] ], [ [ [ -82.624237089627101, 27.552692861703374 ], [ -82.615280886244506, 27.568236153806385 ], [ -82.602585445491599, 27.562080421210499 ], [ -82.624237089627101, 27.552692861703374 ] ] ], [ [ [ -82.736481584377898, 27.614430948739077 ], [ -82.729142348506599, 27.625397088118405 ], [ -82.693589275349396, 27.638319843441657 ], [ -82.736481584377898, 27.614430948739077 ] ] ], [ [ [ -82.680413235919502, 27.6621020798326 ], [ -82.668984419717304, 27.638473037085483 ], [ -82.675667885431196, 27.637175858151693 ], [ -82.680413235919502, 27.6621020798326 ] ] ], [ [ [ -82.723961315105399, 27.663556099802761 ], [ -82.719573044942507, 27.682846388635209 ], [ -82.7106774778415, 27.660632127534743 ], [ -82.723961315105399, 27.663556099802761 ] ] ], [ [ [ -82.680808494644594, 27.66947541234925 ], [ -82.676947984711006, 27.686927163814687 ], [ -82.673080737412903, 27.671683138361526 ], [ -82.680808494644594, 27.66947541234925 ] ] ], [ [ [ -82.6173178161512, 27.727144068948288 ], [ -82.628005522243996, 27.732350285548996 ], [ -82.620673023737396, 27.741923190862519 ], [ -82.6173178161512, 27.727144068948288 ] ] ], [ [ [ -82.496063219100705, 27.824933222321718 ], [ -82.5098501129238, 27.829270833837295 ], [ -82.504172760328103, 27.831032442498501 ], [ -82.496063219100705, 27.824933222321718 ] ] ], [ [ [ -82.456618194975107, 27.932525823356372 ], [ -82.439963429607516, 27.915256355515023 ], [ -82.460105904065699, 27.910029133784246 ], [ -82.456618194975107, 27.932525823356372 ] ] ], [ [ [ -82.827887410325204, 28.009507335269841 ], [ -82.818138443704299, 27.970293534633797 ], [ -82.83000294281932, 27.968123607930391 ], [ -82.827887410325204, 28.009507335269841 ] ] ], [ [ [ -82.815497396769004, 28.012130466121629 ], [ -82.828758776150806, 28.021018498733188 ], [ -82.822142684083303, 28.052226868528308 ], [ -82.815497396769004, 28.012130466121629 ] ] ], [ [ [ -82.824660212666998, 28.05685660734563 ], [ -82.836327082419501, 28.069405050731259 ], [ -82.825286787577696, 28.085841452820006 ], [ -82.824660212666998, 28.05685660734563 ] ] ], [ [ [ -82.658453918799296, 28.731429615296847 ], [ -82.670181424833402, 28.712288308150537 ], [ -82.690658521734903, 28.73044890297286 ], [ -82.658453918799296, 28.731429615296847 ] ] ], [ [ [ -82.666633079461107, 28.772398620841706 ], [ -82.692313667645905, 28.757560829499589 ], [ -82.6840356923028, 28.788682917188712 ], [ -82.666633079461107, 28.772398620841706 ] ] ], [ [ [ -82.720826194763902, 28.829068723462619 ], [ -82.670471131512599, 28.857840669710939 ], [ -82.671973563825205, 28.828936904225639 ], [ -82.720826194763902, 28.829068723462619 ] ] ], [ [ [ -82.658402265670404, 28.832440878229203 ], [ -82.664465893838198, 28.84307405800104 ], [ -82.645659663365194, 28.848808245068938 ], [ -82.658402265670404, 28.832440878229203 ] ] ], [ [ [ -82.722595875873594, 28.849290177780663 ], [ -82.720931746809796, 28.856156984540888 ], [ -82.700638804541498, 28.857289934571678 ], [ -82.722595875873594, 28.849290177780663 ] ] ], [ [ [ -82.692154216682994, 28.867745536465431 ], [ -82.675553350232505, 28.865707996027876 ], [ -82.691208739846402, 28.861766539967817 ], [ -82.692154216682994, 28.867745536465431 ] ] ], [ [ [ -82.653998274990002, 28.880131192003375 ], [ -82.6436227334584, 28.878622887695986 ], [ -82.64490507852652, 28.863489470284364 ], [ -82.653998274990002, 28.880131192003375 ] ] ], [ [ [ -82.800446124183594, 29.076899392327277 ], [ -82.808128965650994, 29.086618459768054 ], [ -82.797661346802798, 29.089254147333197 ], [ -82.800446124183594, 29.076899392327277 ] ] ], [ [ [ -82.809624660599098, 29.091222528224392 ], [ -82.817810558625595, 29.102323648877888 ], [ -82.805245373589003, 29.105855661783604 ], [ -82.809624660599098, 29.091222528224392 ] ] ], [ [ [ -84.786589776336896, 29.700490539639741 ], [ -84.794485967684295, 29.702724126862019 ], [ -84.787681229407099, 29.705064950994121 ], [ -84.786589776336896, 29.700490539639741 ] ] ], [ [ [ -84.724760981119204, 29.746459258587564 ], [ -84.730811134557698, 29.74806203030597 ], [ -84.723471898686498, 29.750399847243823 ], [ -84.724760981119204, 29.746459258587564 ] ] ], [ [ [ -84.576354804606197, 29.828224428978402 ], [ -84.623893649441797, 29.785368949804113 ], [ -84.673287515339098, 29.782328303932808 ], [ -84.576354804606197, 29.828224428978402 ] ] ], [ [ [ -84.566711390031202, 29.878646495210226 ], [ -84.573035529631397, 29.880445769013317 ], [ -84.565680573242702, 29.882774650967885 ], [ -84.566711390031202, 29.878646495210226 ] ] ], [ [ [ -84.355331066313198, 30.045731057522872 ], [ -84.337342302748695, 30.029765538324519 ], [ -84.356263068420503, 30.016889375210511 ], [ -84.355331066313198, 30.045731057522872 ] ] ], [ [ [ -84.211501806172905, 30.101030546908309 ], [ -84.206733997802402, 30.094173721108159 ], [ -84.2030172183144, 30.085485912005826 ], [ -84.211501806172905, 30.101030546908309 ] ] ], [ [ [ -81.555785382271793, 30.385247031171403 ], [ -81.552809712893094, 30.378317007609716 ], [ -81.580475577855793, 30.392195935070024 ], [ -81.555785382271793, 30.385247031171403 ] ] ], [ [ [ -81.508551964632801, 30.545219367814212 ], [ -81.5155341201786, 30.507409314011934 ], [ -81.542908032673907, 30.514428838622521 ], [ -81.508551964632801, 30.545219367814212 ] ] ], [ [ [ -81.498627826531504, 30.557343711928855 ], [ -81.516409977580594, 30.565978168328012 ], [ -81.502144730868807, 30.5638278447672 ], [ -81.498627826531504, 30.557343711928855 ] ] ], [ [ [ -81.468109810541705, 30.582718895346293 ], [ -81.496117035312395, 30.570094976769536 ], [ -81.483794395402498, 30.590852321696385 ], [ -81.468109810541705, 30.582718895346293 ] ] ], [ [ [ -81.480102319584702, 30.676286434970791 ], [ -81.489914168275504, 30.703032357258504 ], [ -81.469466266620699, 30.693421364272417 ], [ -81.480102319584702, 30.676286434970791 ] ] ], [ [ [ -81.488586907443207, 30.711688576495987 ], [ -81.506600374678001, 30.713926361815997 ], [ -81.4990006273744, 30.718784050123613 ], [ -81.488586907443207, 30.711688576495987 ] ] ], [ [ [ -81.509459263069701, 30.71272541704689 ], [ -81.579720993017219, 30.708282563731014 ], [ -81.5074941983857, 30.713864577241029 ], [ -81.509459263069701, 30.71272541704689 ] ] ], [ [ [ -82.53857416724, 36.511450494248606 ], [ -82.589249866165702, 36.549212038305846 ], [ -82.573180624496914, 36.544484430405646 ], [ -82.53857416724, 36.511450494248606 ] ] ], [ [ [ -82.605407839824906, 42.601131681502267 ], [ -82.631745882508298, 42.624903511449681 ], [ -82.597122004222996, 42.615439995624214 ], [ -82.605407839824906, 42.601131681502267 ] ] ], [ [ [ -82.645500212402197, 42.620064102204303 ], [ -82.635780441028103, 42.62659808333278 ], [ -82.631745882508298, 42.624903511449681 ], [ -82.645500212402197, 42.620064102204303 ] ] ], [ [ [ -80.644538849637399, 25.101928937009134 ], [ -80.668869719107704, 25.117119610300179 ], [ -80.652527118301407, 25.114726238588784 ], [ -80.644538849637399, 25.101928937009134 ] ] ], [ [ [ -80.594552095652503, 25.106769008336776 ], [ -80.581299699423596, 25.114683535694287 ], [ -80.588209989746602, 25.103307766757087 ], [ -80.594552095652503, 25.106769008336776 ] ] ], [ [ [ -80.685814191154407, 25.13020810460343 ], [ -80.678558049447005, 25.124401109747676 ], [ -80.685203336761205, 25.119974514067778 ], [ -80.685814191154407, 25.13020810460343 ] ] ], [ [ [ -80.636550580973307, 25.115592494084471 ], [ -80.640808595420097, 25.134770549756183 ], [ -80.630570046969297, 25.128862110064276 ], [ -80.636550580973307, 25.115592494084471 ] ] ], [ [ [ -80.702475693886697, 25.137712463883084 ], [ -80.712891659606001, 25.138979071289221 ], [ -80.713576625010219, 25.147357053547513 ], [ -80.702475693886697, 25.137712463883084 ] ] ], [ [ [ -80.497680021201305, 25.100236900500924 ], [ -80.480178593678403, 25.127030151068688 ], [ -80.474265433320696, 25.112894067657198 ], [ -80.497680021201305, 25.100236900500924 ] ] ], [ [ [ -80.567604882917195, 25.146726844355914 ], [ -80.567191657886497, 25.157389139018214 ], [ -80.560142128694295, 25.1464747597681 ], [ -80.567604882917195, 25.146726844355914 ] ] ], [ [ [ -80.602311293919101, 25.164137717189028 ], [ -80.607359825815905, 25.175446846402153 ], [ -80.588874743056905, 25.163688501146034 ], [ -80.602311293919101, 25.164137717189028 ] ] ], [ [ [ -80.949683076923506, 25.221532276569516 ], [ -80.957442275190104, 25.227797848474388 ], [ -80.940154197547201, 25.237490157862123 ], [ -80.949683076923506, 25.221532276569516 ] ] ], [ [ [ -80.464660197145307, 25.141351637604572 ], [ -80.437697263892403, 25.155268951395822 ], [ -80.432410678445393, 25.13790560711341 ], [ -80.464660197145307, 25.141351637604572 ] ] ], [ [ [ -81.015960778585793, 25.252261774078494 ], [ -80.965073463528697, 25.223383132470506 ], [ -81.035827021094093, 25.239848618033715 ], [ -80.996995097149906, 25.281870691365469 ], [ -81.015960778585793, 25.252261774078494 ] ] ], [ [ [ -81.064487770233995, 25.254026853966415 ], [ -81.045097634826305, 25.246149809086791 ], [ -81.064386709764506, 25.25335454232679 ], [ -81.064487770233995, 25.254026853966415 ] ] ], [ [ [ -80.971550316727203, 25.267198130342511 ], [ -80.962913015270416, 25.257197433624885 ], [ -80.980095540867396, 25.250744475470221 ], [ -80.971550316727203, 25.267198130342511 ] ] ], [ [ [ -80.947021817894296, 25.255328812451626 ], [ -80.926535737839998, 25.256106731063582 ], [ -80.920418210755102, 25.245715114587714 ], [ -80.947021817894296, 25.255328812451626 ] ] ], [ [ [ -81.0600051769662, 25.277669138563159 ], [ -81.067703738951096, 25.286242669871029 ], [ -81.050399940790797, 25.29641762128459 ], [ -81.0600051769662, 25.277669138563159 ] ] ], [ [ [ -80.940185638582193, 25.265335755943585 ], [ -80.951973780898001, 25.270792818008992 ], [ -80.934288198741896, 25.277224403095428 ], [ -80.940185638582193, 25.265335755943585 ] ] ], [ [ [ -80.974618063422511, 25.279817654985177 ], [ -80.965369907572494, 25.287432600509288 ], [ -80.965850506249495, 25.273524303269777 ], [ -80.974618063422511, 25.279817654985177 ] ] ], [ [ [ -81.075294503101901, 25.298062264855918 ], [ -81.054168373407705, 25.303020425617198 ], [ -81.066978349359204, 25.293183090505966 ], [ -81.075294503101901, 25.298062264855918 ] ] ], [ [ [ -81.086929931819498, 25.30859963669608 ], [ -81.102149638520714, 25.316456386952801 ], [ -81.089743904447005, 25.314247615632905 ], [ -81.086929931819498, 25.30859963669608 ] ] ], [ [ [ -81.059317965773914, 25.313374652627935 ], [ -81.064635992255901, 25.318632636946784 ], [ -81.051758642658001, 25.315477873745508 ], [ -81.059317965773914, 25.313374652627935 ] ] ], [ [ [ -81.096389191761304, 25.324641482368211 ], [ -81.095634606922602, 25.332507341107803 ], [ -81.090377216722302, 25.324935826931991 ], [ -81.096389191761304, 25.324641482368211 ] ] ], [ [ [ -81.0558616977182, 25.327195151377232 ], [ -81.045135813225798, 25.319460900924337 ], [ -81.049674551198905, 25.318200232178487 ], [ -81.0558616977182, 25.327195151377232 ] ] ], [ [ [ -81.140067526663401, 25.347677362578484 ], [ -81.101121067520396, 25.332663638153882 ], [ -81.149452675594205, 25.335414027169897 ], [ -81.140067526663401, 25.347677362578484 ] ] ], [ [ [ -81.061599686595514, 25.334782762597793 ], [ -81.069441979025896, 25.3391832779614 ], [ -81.052544668531596, 25.336842986899249 ], [ -81.061599686595514, 25.334782762597793 ] ] ], [ [ [ -81.088852326527515, 25.341129764840559 ], [ -81.117126800095207, 25.347033984454281 ], [ -81.099647830454401, 25.347003540609574 ], [ -81.088852326527515, 25.341129764840559 ] ] ], [ [ [ -80.997154548112803, 25.321312294038098 ], [ -80.998641259907998, 25.336203610697183 ], [ -80.984535464159094, 25.339962688354053 ], [ -80.997154548112803, 25.321312294038098 ] ] ], [ [ [ -81.119736405995496, 25.358705589759388 ], [ -81.099364861139904, 25.355346896870795 ], [ -81.113419003760001, 25.353424992565404 ], [ -81.119736405995496, 25.358705589759388 ] ] ], [ [ [ -81.070153893888602, 25.357309358972199 ], [ -81.073050960679893, 25.350886083764177 ], [ -81.080482273867702, 25.35248939768281 ], [ -81.070153893888602, 25.357309358972199 ] ] ], [ [ [ -81.092095244703202, 25.363951458113199 ], [ -81.122779449020499, 25.372705564622397 ], [ -81.109756123189001, 25.373730285275588 ], [ -81.092095244703202, 25.363951458113199 ] ] ], [ [ [ -80.257025848162101, 25.361386388840305 ], [ -80.233130661604505, 25.371181657042722 ], [ -80.242836958249399, 25.35437275700686 ], [ -80.257025848162101, 25.361386388840305 ] ] ], [ [ [ -80.248992663733901, 25.37408538446423 ], [ -80.255341507004403, 25.377565301273293 ], [ -80.2504434429177, 25.387129990467461 ], [ -80.248992663733901, 25.37408538446423 ] ] ], [ [ [ -81.208732501193296, 25.544803374604825 ], [ -81.208427073996702, 25.554531048061815 ], [ -81.2022781058769, 25.543235040083932 ], [ -81.208732501193296, 25.544803374604825 ] ] ], [ [ [ -80.179245219286599, 25.496297093184069 ], [ -80.207411895020201, 25.411525240637975 ], [ -80.226593172124296, 25.395533468370893 ], [ -80.179245219286599, 25.496297093184069 ] ] ], [ [ [ -80.177864059537299, 25.505059831210907 ], [ -80.188277779468393, 25.507301594867737 ], [ -80.176963498465, 25.525896890224093 ], [ -80.177864059537299, 25.505059831210907 ] ] ], [ [ [ -81.295424417687201, 25.687555223845621 ], [ -81.297737579543806, 25.693640754171035 ], [ -81.288893665571706, 25.687844632562321 ], [ -81.295424417687201, 25.687555223845621 ] ] ], [ [ [ -81.287146442344095, 25.695676615417785 ], [ -81.293937705892006, 25.70326930184466 ], [ -81.283600342759996, 25.69697380109907 ], [ -81.287146442344095, 25.695676615417785 ] ] ], [ [ [ -81.26751600759782, 25.746584080311024 ], [ -81.277961168563905, 25.700994784538683 ], [ -81.2857562994419, 25.724007090084896 ], [ -81.26751600759782, 25.746584080311024 ] ] ], [ [ [ -81.364035493300094, 25.756052596622411 ], [ -81.34696974869, 25.756540060154219 ], [ -81.364302742097095, 25.747257682673478 ], [ -81.364035493300094, 25.756052596622411 ] ] ], [ [ [ -81.373726069427505, 25.750740934848313 ], [ -81.382042223170203, 25.757901306640839 ], [ -81.374871421414795, 25.762816227208599 ], [ -81.373726069427505, 25.750740934848313 ] ] ], [ [ [ -81.414871155228397, 25.784210952367467 ], [ -81.431204772881898, 25.792030520920992 ], [ -81.418152251803605, 25.792165998945219 ], [ -81.414871155228397, 25.784210952367467 ] ] ], [ [ [ -81.434997909169098, 25.799534152626457 ], [ -81.453759223877896, 25.810189261718804 ], [ -81.431541641113398, 25.814732050068656 ], [ -81.434997909169098, 25.799534152626457 ] ] ], [ [ [ -81.342002065168799, 25.787911510676274 ], [ -81.442871642634401, 25.821963356815832 ], [ -81.414130045118995, 25.826339932649603 ], [ -81.342002065168799, 25.787911510676274 ] ] ], [ [ [ -81.488045672484503, 25.839745600436729 ], [ -81.477196269640601, 25.832998486400623 ], [ -81.492058896016303, 25.822244351994904 ], [ -81.488045672484503, 25.839745600436729 ] ] ], [ [ [ -81.7214122627813, 25.901199779121615 ], [ -81.673240105670402, 25.880212120139248 ], [ -81.677123073486001, 25.847426088779315 ], [ -81.7214122627813, 25.901199779121615 ] ] ], [ [ [ -81.682883520245497, 25.895248132461447 ], [ -81.695412772670693, 25.896456264245256 ], [ -81.687309968807895, 25.899052291537096 ], [ -81.682883520245497, 25.895248132461447 ] ] ], [ [ [ -81.681991942325993, 25.891059981221407 ], [ -81.662635493741405, 25.901274526339272 ], [ -81.664405174851098, 25.891126653389307 ], [ -81.681991942325993, 25.891059981221407 ] ] ], [ [ [ -80.158141547474401, 25.670325031229687 ], [ -80.178977970489598, 25.710039983104608 ], [ -80.155487025809904, 25.730946531866216 ], [ -80.158141547474401, 25.670325031229687 ] ] ], [ [ [ -80.198302978039194, 25.75015028603789 ], [ -80.184172478619999, 25.751946496592605 ], [ -80.192450453963204, 25.746228060702823 ], [ -80.198302978039194, 25.75015028603789 ] ] ], [ [ [ -80.177947153701112, 25.745226749835012 ], [ -80.142355902144203, 25.744360963130397 ], [ -80.166390327570895, 25.73413489759562 ], [ -80.177947153701112, 25.745226749835012 ] ] ], [ [ [ -81.744087986340702, 25.97669455071528 ], [ -81.755745872940395, 26.012124966493481 ], [ -81.731704710149103, 25.988918362950006 ], [ -81.744087986340702, 25.97669455071528 ] ] ], [ [ [ -80.136658337454705, 25.759905728855266 ], [ -80.147415662982098, 25.766333405541303 ], [ -80.135888032098606, 25.765900589908782 ], [ -80.136658337454705, 25.759905728855266 ] ] ], [ [ [ -80.157272427437107, 25.850570902723771 ], [ -80.147444858228795, 25.845570690174714 ], [ -80.158500873588096, 25.845520161483101 ], [ -80.157272427437107, 25.850570902723771 ] ] ], [ [ [ -80.144408552568407, 25.857502941432479 ], [ -80.135634258030805, 25.862733026973729 ], [ -80.128982233351906, 25.854144085965924 ], [ -80.144408552568407, 25.857502941432479 ] ] ], [ [ [ -80.135086285707516, 25.87522326467133 ], [ -80.143112732771101, 25.875524339687697 ], [ -80.139717100997103, 25.884196587229216 ], [ -80.135086285707516, 25.87522326467133 ] ] ], [ [ [ -80.134574245995594, 25.886782781944596 ], [ -80.138380857011995, 25.891559011381798 ], [ -80.134774121146293, 25.893740980825495 ], [ -80.134574245995594, 25.886782781944596 ] ] ], [ [ [ -80.128593711991499, 25.885633144568704 ], [ -80.133094271565, 25.886265547533302 ], [ -80.130713736062006, 25.894516782462649 ], [ -80.128593711991499, 25.885633144568704 ] ] ], [ [ [ -81.866555309024704, 26.377115238965732 ], [ -81.854239406479493, 26.364378718969011 ], [ -81.863898541571999, 26.361803075130613 ], [ -81.866555309024704, 26.377115238965732 ] ] ], [ [ [ -81.8788442621115, 26.390773747285003 ], [ -81.880988989852298, 26.406534651741911 ], [ -81.864340961849393, 26.384927483786612 ], [ -81.8788442621115, 26.390773747285003 ] ] ], [ [ [ -81.868783130929302, 26.430319784521714 ], [ -81.860136846319705, 26.432455500061899 ], [ -81.859840402275907, 26.424127594611893 ], [ -81.868783130929302, 26.430319784521714 ] ] ], [ [ [ -81.902512624059796, 26.436091354125715 ], [ -81.896689295230502, 26.40500391671522 ], [ -81.969405671691803, 26.471621362263523 ], [ -81.902512624059796, 26.436091354125715 ] ] ], [ [ [ -82.104590893010695, 26.464005983591356 ], [ -82.0148087719394, 26.454473987886896 ], [ -82.101379415870014, 26.426050245853261 ], [ -82.180725359128104, 26.474148318212023 ], [ -82.199363155485301, 26.550714662984515 ], [ -82.104590893010695, 26.464005983591356 ] ] ], [ [ [ -81.9528048052413, 26.46805900392739 ], [ -81.937798448419997, 26.461293838193821 ], [ -81.948928574790301, 26.461052576797996 ], [ -81.9528048052413, 26.46805900392739 ] ] ], [ [ [ -82.085914918253906, 26.577334114565396 ], [ -82.073760712459702, 26.577571114804993 ], [ -82.074409745252495, 26.571115695761129 ], [ -82.085914918253906, 26.577334114565396 ] ] ], [ [ [ -82.183510136508801, 26.679317336984287 ], [ -82.115256141221394, 26.624989407927565 ], [ -82.072624343625293, 26.492070622518302 ], [ -82.183510136508801, 26.679317336984287 ] ] ], [ [ [ -82.068289972379503, 26.61858484964678 ], [ -82.087783414044793, 26.584297298466492 ], [ -82.104011479652499, 26.629404128020191 ], [ -82.068289972379503, 26.61858484964678 ] ] ], [ [ [ -80.037994124011703, 26.554186067885318 ], [ -80.043089817460796, 26.764216705825319 ], [ -80.036736482613904, 26.769983487914821 ], [ -80.037994124011703, 26.554186067885318 ] ] ], [ [ [ -80.153937431944811, 27.171006139682301 ], [ -80.291298822039494, 27.462848324991832 ], [ -80.317298312150101, 27.465141910866613 ], [ -80.290818223362521, 27.473895358144919 ], [ -80.153937431944811, 27.171006139682301 ] ] ], [ [ [ -80.292212857841093, 27.477170997092394 ], [ -80.442611048496602, 27.860649797081095 ], [ -80.370925488823801, 27.70897105303882 ], [ -80.292212857841093, 27.477170997092394 ] ] ], [ [ [ -80.724616919851996, 28.587387125406529 ], [ -80.707259222774596, 28.58042178922722 ], [ -80.713599082892301, 28.564069579870605 ], [ -80.724616919851996, 28.587387125406529 ] ] ], [ [ [ -81.6392051853433, 29.343120550998297 ], [ -81.646492768085693, 29.381344426999835 ], [ -81.627967261139005, 29.370390953189098 ], [ -81.6392051853433, 29.343120550998297 ] ] ], [ [ [ -81.670477786171801, 29.3846124318672 ], [ -81.658965875805706, 29.384365867496047 ], [ -81.655105365872302, 29.372815809831518 ], [ -81.670477786171801, 29.3846124318672 ] ] ], [ [ [ -81.441245691970096, 30.439835009518411 ], [ -81.443397157075594, 30.387726763656314 ], [ -81.459265896569605, 30.388550098416218 ], [ -81.441245691970096, 30.439835009518411 ] ] ], [ [ [ -81.414062671472706, 30.410833681414498 ], [ -81.454612623397793, 30.470339449972293 ], [ -81.464141502774098, 30.522250716155593 ], [ -81.436455425717597, 30.474491280108339 ], [ -81.410613140781706, 30.486696054748116 ], [ -81.414062671472706, 30.410833681414498 ] ] ], [ [ [ -81.422661794529901, 30.491553539582501 ], [ -81.432067155554606, 30.495892171605608 ], [ -81.425132161561194, 30.497101613040698 ], [ -81.422661794529901, 30.491553539582501 ] ] ], [ [ [ -76.588131905245504, 43.432754300436535 ], [ -76.482240297082399, 43.479714187866435 ], [ -76.420519555718599, 43.41670319697775 ], [ -76.518141575210095, 43.361685885775124 ], [ -76.588131905245504, 43.432754300436535 ] ] ] ] } }
]
}
