{
"type": "FeatureCollection",
"name": "ioa_current_reservations_final_step_simplified",
"crs": { "type": "name", "properties": { "name": "urn:ogc:def:crs:OGC:1.3:CRS84" } },
"features": [
{ "type": "Feature", "properties": { "OBJECTID": 726, "CessionID": 10095, "Nation": "Mesa Grande Indian Reservation", "Nation_Correct": "Mesa Grande Indian Reservation", "Cession_Reservation": "Reservation Current", "Year": "2010", "year": 2010, "LinkRoyce": null, "LinkKappler": null, "LinkFedStatute": null, "LinkExecOrder": null, "step": 11, "scrolly_year": 2010, "event_title": "Present-day reservations", "scrolly_type": "current_reservation" }, "geometry": { "type": "MultiPolygon", "coordinates": [ [ [ [ -116.778503418068993, 33.146663665866079 ], [ -116.792854309261998, 33.127880096045807 ], [ -116.793312072763996, 33.146556854252644 ], [ -116.778503418068993, 33.146663665866079 ] ] ], [ [ [ -116.718879699412994, 33.127471923719369 ], [ -116.768875121242004, 33.124122619997785 ], [ -116.770065308145007, 33.168769836197576 ], [ -116.754158020146008, 33.168846130126816 ], [ -116.718879699412994, 33.127471923719369 ] ] ] ] } },
{ "type": "Feature", "properties": { "OBJECTID": 727, "CessionID": 10022, "Nation": "Capitan Grande Indian Reservation", "Nation_Correct": "Capitan Grande Indian Reservation", "Cession_Reservation": "Reservation Current", "Year": "2010", "year": 2010, "LinkRoyce": null, "LinkKappler": null, "LinkFedStatute": null, "LinkExecOrder": null, "step": 11, "scrolly_year": 2010, "event_title": "Present-day reservations", "scrolly_type": "current_reservation" }, "geometry": { "type": "Polygon", "coordinates": [ [ [ -116.685203551837006, 32.918998717554551 ], [ -116.682487487491002, 32.872470855743991 ], [ -116.788467407233014, 32.888710021504615 ], [ -116.769042968757987, 32.97659683270178 ], [ -116.685203551837006, 32.918998717554551 ] ], [ [ -116.719650267974998, 32.918933868782325 ], [ -116.735435486605994, 32.905197143729417 ], [ -116.719032287246989, 32.905254364042094 ], [ -116.719650267974998, 32.918933868782325 ] ] ] } },
{ "type": "Feature", "properties": { "OBJECTID": 728, "CessionID": 10099, "Nation": "Mission Indian Reservation", "Nation_Correct": "Mission Indian Reservation", "Cession_Reservation": "Reservation Current", "Year": "2010", "year": 2010, "LinkRoyce": null, "LinkKappler": null, "LinkFedStatute": null, "LinkExecOrder": null, "step": 11, "scrolly_year": 2010, "event_title": "Present-day reservations", "scrolly_type": "current_reservation" }, "geometry": { "type": "Polygon", "coordinates": [ [ [ -116.927574157449016, 33.383617400885136 ], [ -116.927268982678996, 33.342647552449499 ], [ -117.006927490248998, 33.343498229772685 ], [ -117.014976502094001, 33.384628295276727 ], [ -116.927574157449016, 33.383617400885136 ] ] ] } },
{ "type": "Feature", "properties": { "OBJECTID": 729, "CessionID": 10133, "Nation": "Ramona Indian Reservation", "Nation_Correct": "Ramona Indian Reservation", "Cession_Reservation": "Reservation Current", "Year": "2010", "year": 2010, "LinkRoyce": null, "LinkKappler": null, "LinkFedStatute": null, "LinkExecOrder": null, "step": 11, "scrolly_year": 2010, "event_title": "Present-day reservations", "scrolly_type": "current_reservation" }, "geometry": { "type": "Polygon", "coordinates": [ [ [ -116.669044494809995, 33.599601745673297 ], [ -116.692764281714986, 33.599273681652143 ], [ -116.712242125932008, 33.625225067557764 ], [ -116.669044494809995, 33.599601745673297 ] ] ] } },
{ "type": "Feature", "properties": { "OBJECTID": 730, "CessionID": 10084, "Nation": "Las Vegas Colony Indian Reservation", "Nation_Correct": "Las Vegas Colony Indian Reservation", "Cession_Reservation": "Reservation Current", "Year": "2010", "year": 2010, "LinkRoyce": null, "LinkKappler": null, "LinkFedStatute": null, "LinkExecOrder": null, "step": 11, "scrolly_year": 2010, "event_title": "Present-day reservations", "scrolly_type": "current_reservation" }, "geometry": { "type": "Polygon", "coordinates": [ [ [ -115.312942504725001, 36.364311218420532 ], [ -115.370368957671005, 36.334499359314613 ], [ -115.370117186846016, 36.363529204933904 ], [ -115.312942504725001, 36.364311218420532 ] ] ] } },
{ "type": "Feature", "properties": { "OBJECTID": 731, "CessionID": 10076, "Nation": "Kootenai Indian Reservation", "Nation_Correct": "Kootenai Indian Reservation", "Cession_Reservation": "Reservation Current", "Year": "2010", "year": 2010, "LinkRoyce": null, "LinkKappler": null, "LinkFedStatute": null, "LinkExecOrder": null, "step": 11, "scrolly_year": 2010, "event_title": "Present-day reservations", "scrolly_type": "current_reservation" }, "geometry": { "type": "MultiPolygon", "coordinates": [ [ [ [ -116.335266113008004, 48.687824249409992 ], [ -116.35598754897201, 48.672771453999964 ], [ -116.357093811668008, 48.687538147541908 ], [ -116.335266113008004, 48.687824249409992 ] ] ], [ [ [ -116.388969421004006, 48.703746796082477 ], [ -116.378288269018981, 48.688640594805591 ], [ -116.389221190930002, 48.688957214326599 ], [ -116.388969421004006, 48.703746796082477 ] ] ], [ [ [ -116.312370300406997, 48.819831848813116 ], [ -116.334510803228994, 48.804756163964491 ], [ -116.334930419773016, 48.819541931470035 ], [ -116.312370300406997, 48.819831848813116 ] ] ], [ [ [ -116.421768188533008, 48.933513641429613 ], [ -116.421592712522994, 48.927501678847818 ], [ -116.473838805805002, 48.933258056615585 ], [ -116.421768188533008, 48.933513641429613 ] ] ], [ [ [ -116.443260193059004, 48.964210509614453 ], [ -116.430465698673004, 48.94912338224556 ], [ -116.442810058947998, 48.949417114352677 ], [ -116.443260193059004, 48.964210509614453 ] ] ] ] } },
{ "type": "Feature", "properties": { "OBJECTID": 732, "CessionID": 10173, "Nation": "Stockbridge Indian Reservation", "Nation_Correct": "Stockbridge Indian Reservation", "Cession_Reservation": "Reservation Current", "Year": "2010", "year": 2010, "LinkRoyce": null, "LinkKappler": null, "LinkFedStatute": null, "LinkExecOrder": null, "step": 11, "scrolly_year": 2010, "event_title": "Present-day reservations", "scrolly_type": "current_reservation" }, "geometry": { "type": "Polygon", "coordinates": [ [ [ -88.798156738400195, 44.943195343132047 ], [ -88.839477539162218, 44.871292114520259 ], [ -88.952156067518899, 44.871337890755306 ], [ -88.951576232850698, 44.942993164643518 ], [ -88.798156738400195, 44.943195343132047 ] ] ] } },
{ "type": "Feature", "properties": { "OBJECTID": 733, "CessionID": 10116, "Nation": "Paiute Indian Reservation", "Nation_Correct": "Paiute Indian Reservation", "Cession_Reservation": "Reservation Current", "Year": "2010", "year": 2010, "LinkRoyce": null, "LinkKappler": null, "LinkFedStatute": null, "LinkExecOrder": null, "step": 11, "scrolly_year": 2010, "event_title": "Present-day reservations", "scrolly_type": "current_reservation" }, "geometry": { "type": "MultiPolygon", "coordinates": [ [ [ [ -113.720924378006004, 37.227787018021502 ], [ -113.720909119222995, 37.12712860158917 ], [ -113.846206665058006, 37.127548218140824 ], [ -113.847747802182994, 37.213222504261537 ], [ -113.720924378006004, 37.227787018021502 ] ] ], [ [ [ -113.151245117455005, 37.619876861671791 ], [ -113.131019591951997, 37.589241027591193 ], [ -113.165290832080998, 37.589370727669497 ], [ -113.151245117455005, 37.619876861671791 ] ] ], [ [ [ -112.563789367937005, 38.614814757868608 ], [ -112.583702087481001, 38.599765777176664 ], [ -112.582649231424995, 38.615634917998811 ], [ -112.563789367937005, 38.614814757868608 ] ] ], [ [ [ -112.600418091001998, 38.627784729653229 ], [ -112.619735717094002, 38.613639831282832 ], [ -112.619270324200002, 38.628147125785503 ], [ -112.600418091001998, 38.627784729653229 ] ] ], [ [ [ -111.816963195740001, 38.629108428765278 ], [ -111.835853576795998, 38.613723754697006 ], [ -111.835815429836998, 38.628681182638296 ], [ -111.816963195740001, 38.629108428765278 ] ] ], [ [ [ -112.228141784268018, 38.632209778000892 ], [ -112.238113403721997, 38.619045257333816 ], [ -112.238182068246999, 38.640342712029423 ], [ -112.228141784268018, 38.632209778000892 ] ] ] ] } },
{ "type": "Feature", "properties": { "OBJECTID": 734, "CessionID": 10123, "Nation": "Pojoaque Indian Reservation", "Nation_Correct": "Pojoaque Indian Reservation", "Cession_Reservation": "Reservation Current", "Year": "2010", "year": 2010, "LinkRoyce": null, "LinkKappler": null, "LinkFedStatute": null, "LinkExecOrder": null, "step": 11, "scrolly_year": 2010, "event_title": "Present-day reservations", "scrolly_type": "current_reservation" }, "geometry": { "type": "Polygon", "coordinates": [ [ [ -105.986373902034998, 35.932361603487365 ], [ -105.986389160818007, 35.856140136797251 ], [ -106.059036254713021, 35.856578827462215 ], [ -106.058525085469, 35.931434631155604 ], [ -105.986373902034998, 35.932361603487365 ] ] ] } },
{ "type": "Feature", "properties": { "OBJECTID": 735, "CessionID": 10105, "Nation": "Navajo Indian Reservation", "Nation_Correct": "Navajo Indian Reservation", "Cession_Reservation": "Reservation Current", "Year": "2010", "year": 2010, "LinkRoyce": null, "LinkKappler": null, "LinkFedStatute": null, "LinkExecOrder": null, "step": 11, "scrolly_year": 2010, "event_title": "Present-day reservations", "scrolly_type": "current_reservation" }, "geometry": { "type": "MultiPolygon", "coordinates": [ [ [ [ -110.236206503933005, 35.719730063157613 ], [ -110.146202049829, 35.809635305955929 ], [ -110.083419917515997, 35.792758660017832 ], [ -110.081573879607006, 35.702568074768621 ], [ -110.236206503933005, 35.719730063157613 ] ] ], [ [ [ -111.254570396833998, 35.54928243417686 ], [ -111.329352898449002, 35.658638335825515 ], [ -111.314300502970013, 35.75837681183026 ], [ -111.531952190265017, 35.75852989592299 ], [ -111.553062599442001, 35.640182879412386 ], [ -111.740837443281009, 35.672961961826658 ], [ -111.741722283836012, 35.746017033292915 ], [ -111.689018126117006, 35.746345121224593 ], [ -111.705680751743003, 35.979125841266075 ], [ -111.759589774836996, 36.008281837803146 ], [ -111.759529138554996, 36.206962761047414 ], [ -111.873298523501006, 36.368606927069493 ], [ -111.828345703788997, 36.395080295484021 ], [ -111.841010826401003, 36.504169133323288 ], [ -111.72529546597201, 36.685821564476129 ], [ -111.682258303604002, 36.673481363264194 ], [ -111.614891394658997, 36.842849589915943 ], [ -111.545898535050995, 36.841701128011437 ], [ -111.563552676171994, 36.87078478973789 ], [ -111.376945642202003, 36.96699543900791 ], [ -111.321060325482009, 36.905940838965194 ], [ -111.232795234346995, 36.869590933260731 ], [ -111.401512319434019, 36.992057406773021 ], [ -111.321816033215001, 37.012325017414589 ], [ -111.280060093021007, 36.979606841350879 ], [ -111.276656600988005, 37.033828726481985 ], [ -111.211021194753997, 36.970561615084719 ], [ -111.230888560156998, 37.055763658438821 ], [ -111.125023226817007, 36.985386144755374 ], [ -111.201652889235007, 37.039706984947379 ], [ -111.166458019296996, 37.0938761337055 ], [ -110.980774004282011, 37.085651602497975 ], [ -110.873062633033001, 37.189426381125401 ], [ -110.678207941861018, 37.165694873370114 ], [ -110.651260729124999, 37.218445178008572 ], [ -110.698966885182998, 37.266567292797298 ], [ -110.567230071661001, 37.186504743833787 ], [ -110.506637582853003, 37.253924950471664 ], [ -110.416633128748998, 37.241829356916021 ], [ -110.409217536078017, 37.293491105401117 ], [ -110.202018870008004, 37.32006862765865 ], [ -109.937423471752993, 37.155792090459158 ], [ -109.888694359165996, 37.183971254658147 ], [ -109.853957630023004, 37.146178904101397 ], [ -109.850249833687997, 37.194633342339202 ], [ -109.724906779199998, 37.19279515876341 ], [ -109.546318332035, 37.281367915080352 ], [ -109.312438579132007, 37.268695887910418 ], [ -109.239928815186005, 37.374630389242981 ], [ -109.13481918958, 37.373924540715706 ], [ -109.044609245854005, 37.359958796448517 ], [ -109.044883232016019, 36.998630332614688 ], [ -108.53621669396, 36.998279683295337 ], [ -108.533241024581002, 36.740668842677465 ], [ -108.246437026714005, 36.735031184481905 ], [ -108.262786364885002, 35.658050776017205 ], [ -109.045723156807, 35.663669823922788 ], [ -109.045761335206009, 35.165996689593854 ], [ -109.199326087238006, 35.167480085146302 ], [ -109.198677054445994, 35.231499143586213 ], [ -109.517684532353996, 35.258174595577493 ], [ -109.624168580345, 35.25764462014444 ], [ -109.625724911575006, 35.170947967437847 ], [ -111.236458114917994, 35.156540324943904 ], [ -111.254570396833998, 35.54928243417686 ] ], [ [ -110.88632962688601, 35.500007588312975 ], [ -110.250686223418995, 35.518642516695522 ], [ -110.277816467893999, 35.59085069717981 ], [ -110.125678914269002, 35.579280498825206 ], [ -110.146415399708999, 35.649028818089924 ], [ -110.000671605118995, 35.648974982555991 ], [ -110.000671605118995, 35.844268961023609 ], [ -110.054717621294003, 35.845169174378583 ], [ -110.019737224131006, 35.925056275144399 ], [ -110.119186340553, 35.911895747926678 ], [ -110.124160761439015, 35.993854182625498 ], [ -110.160628993291994, 35.965248156691104 ], [ -110.321472344914014, 36.000003655242381 ], [ -110.291724634280001, 36.043129146219677 ], [ -110.402847357819994, 36.043075577545075 ], [ -110.425017779032004, 36.099151998943995 ], [ -110.500694104354011, 36.070510677563611 ], [ -110.500686244094993, 36.015750804904414 ], [ -110.616737349862987, 36.041477579983081 ], [ -110.569252403944006, 36.142589523593244 ], [ -110.444336049217, 36.163868209505679 ], [ -110.324264982553004, 36.430141546667173 ], [ -110.577293448631011, 36.374996472679086 ], [ -110.721786339188, 36.374996472679086 ], [ -110.753426126388007, 36.410197820228802 ], [ -110.845031827487006, 36.374046256510077 ], [ -110.875701434180002, 36.277717738781192 ], [ -111.000702005966005, 36.281406466221924 ], [ -111.000694145707001, 35.548991907480385 ], [ -110.803482499807998, 35.578400109060368 ], [ -110.88632962688601, 35.500007588312975 ] ], [ [ -109.227379350666993, 36.023048327588903 ], [ -109.310882247902995, 36.102279389012693 ], [ -109.200515232095995, 36.127693094341453 ], [ -109.152069088822998, 36.072299590975824 ], [ -109.138259737118005, 36.173015661819008 ], [ -109.253677530610005, 36.135864443371155 ], [ -109.382233185131994, 36.122181261195045 ], [ -109.440628170175998, 36.13199200111189 ], [ -109.443573521413995, 36.140487544536185 ], [ -109.304313317386999, 36.149418299778368 ], [ -109.382102929416007, 36.162505654493053 ], [ -109.332030835479003, 36.229957658466802 ], [ -109.201065450206997, 36.270019278398912 ], [ -109.311515560177995, 36.255642381411441 ], [ -109.308533153434993, 36.295303482234587 ], [ -109.435112514332005, 36.170597234002202 ], [ -109.526038864496016, 36.17842875372353 ], [ -109.544174727187993, 36.141448767141689 ], [ -109.369308673982005, 36.094089119314361 ], [ -109.362884596806012, 36.039070534941423 ], [ -109.313735521824, 36.065639290063721 ], [ -109.249496995856006, 35.991024119452753 ], [ -109.227379350666993, 36.023048327588903 ] ], [ [ -111.138969571602999, 35.965591697679905 ], [ -111.082366725550997, 36.057006744673586 ], [ -111.082855184487002, 36.14447019395832 ], [ -111.157691585018014, 36.107940492155983 ], [ -111.205260747994998, 36.162803913736127 ], [ -111.295028271443002, 36.051494491602895 ], [ -111.246917873507996, 35.964878257711995 ], [ -111.138969571602999, 35.965591697679905 ] ], [ [ -110.822883864157006, 36.673633567833605 ], [ -110.822876003898003, 36.670101263498694 ], [ -110.818412499830004, 36.673626362890417 ], [ -110.822883864157006, 36.673633567833605 ] ], [ [ -110.532340628919997, 36.678142829328188 ], [ -110.545982669403003, 36.68534881355351 ], [ -110.545982669403003, 36.674510764631599 ], [ -110.532340628919997, 36.678142829328188 ] ], [ [ -110.502083124362002, 36.765072020907624 ], [ -110.502090984621006, 36.757846523735616 ], [ -110.493148255968009, 36.757846523735616 ], [ -110.502083124362002, 36.765072020907624 ] ], [ [ -110.970917239827003, 37.074432125187592 ], [ -110.961678067129, 37.074367620039006 ], [ -110.970871201167995, 37.081726228450492 ], [ -110.970917239827003, 37.074432125187592 ] ], [ [ -109.187042748622019, 37.302017264006238 ], [ -109.186996709964006, 37.298415761005998 ], [ -109.182456849096994, 37.301978856029919 ], [ -109.187042748622019, 37.302017264006238 ] ] ] ] } },
{ "type": "Feature", "properties": { "OBJECTID": 736, "CessionID": 10083, "Nation": "Lake Traverse Indian Reservation", "Nation_Correct": "Lake Traverse Indian Reservation", "Cession_Reservation": "Reservation Current", "Year": "2010", "year": 2010, "LinkRoyce": null, "LinkKappler": null, "LinkFedStatute": null, "LinkExecOrder": null, "step": 11, "scrolly_year": 2010, "event_title": "Present-day reservations", "scrolly_type": "current_reservation" }, "geometry": { "type": "Polygon", "coordinates": [ [ [ -96.572380065626319, 45.851776123505623 ], [ -96.853317260695505, 45.641750335914793 ], [ -97.176712035891299, 44.947013855585674 ], [ -97.509094238112397, 46.031723021874996 ], [ -96.563995361444199, 45.905113220351517 ], [ -96.572380065626319, 45.851776123505623 ] ] ] } },
{ "type": "Feature", "properties": { "OBJECTID": 737, "CessionID": 10054, "Nation": "Fort Yuma Indian Reservation", "Nation_Correct": "Fort Yuma Indian Reservation", "Cession_Reservation": "Reservation Current", "Year": "2010", "year": 2010, "LinkRoyce": null, "LinkKappler": null, "LinkFedStatute": null, "LinkExecOrder": null, "step": 11, "scrolly_year": 2010, "event_title": "Present-day reservations", "scrolly_type": "current_reservation" }, "geometry": { "type": "Polygon", "coordinates": [ [ [ -114.479499817025996, 32.835792542062393 ], [ -114.580856323595995, 32.735336303446005 ], [ -114.733436584060996, 32.717277526779903 ], [ -114.735130309918006, 32.834522247595501 ], [ -114.479499817025996, 32.835792542062393 ] ] ] } },
{ "type": "Feature", "properties": { "OBJECTID": 738, "CessionID": 10047, "Nation": "Fort Bidwell Indian Reservation", "Nation_Correct": "Fort Bidwell Indian Reservation", "Cession_Reservation": "Reservation Current", "Year": "2010", "year": 2010, "LinkRoyce": null, "LinkKappler": null, "LinkFedStatute": null, "LinkExecOrder": null, "step": 11, "scrolly_year": 2010, "event_title": "Present-day reservations", "scrolly_type": "current_reservation" }, "geometry": { "type": "Polygon", "coordinates": [ [ [ -120.211219787654997, 41.882484436168262 ], [ -120.154777527137, 41.845096587781399 ], [ -120.217010498655995, 41.845218657958817 ], [ -120.211219787654997, 41.882484436168262 ] ] ] } },
{ "type": "Feature", "properties": { "OBJECTID": 739, "CessionID": 10183, "Nation": "Tulalip Indian Reservation", "Nation_Correct": "Tulalip Indian Reservation", "Cession_Reservation": "Reservation Current", "Year": "2010", "year": 2010, "LinkRoyce": null, "LinkKappler": null, "LinkFedStatute": null, "LinkExecOrder": null, "step": 11, "scrolly_year": 2010, "event_title": "Present-day reservations", "scrolly_type": "current_reservation" }, "geometry": { "type": "Polygon", "coordinates": [ [ [ -122.18349456842698, 48.095615387198222 ], [ -122.18395996132098, 48.037826537619459 ], [ -122.235183716112999, 48.030918121238791 ], [ -122.361495971944009, 48.124237060029628 ], [ -122.18349456842698, 48.095615387198222 ] ] ] } },
{ "type": "Feature", "properties": { "OBJECTID": 740, "CessionID": 10023, "Nation": "Cattaraugus Indian Reservation", "Nation_Correct": "Cattaraugus Indian Reservation", "Cession_Reservation": "Reservation Current", "Year": "2010", "year": 2010, "LinkRoyce": null, "LinkKappler": null, "LinkFedStatute": null, "LinkExecOrder": null, "step": 11, "scrolly_year": 2010, "event_title": "Present-day reservations", "scrolly_type": "current_reservation" }, "geometry": { "type": "Polygon", "coordinates": [ [ [ -79.1382064822768, 42.568084716914697 ], [ -78.9583969120267, 42.572990417352216 ], [ -78.936889648716999, 42.465789795390108 ], [ -79.1382064822768, 42.568084716914697 ] ] ] } },
{ "type": "Feature", "properties": { "OBJECTID": 741, "CessionID": 10107, "Nation": "Nisqually Indian Reservation", "Nation_Correct": "Nisqually Indian Reservation", "Cession_Reservation": "Reservation Current", "Year": "2010", "year": 2010, "LinkRoyce": null, "LinkKappler": null, "LinkFedStatute": null, "LinkExecOrder": null, "step": 11, "scrolly_year": 2010, "event_title": "Present-day reservations", "scrolly_type": "current_reservation" }, "geometry": { "type": "Polygon", "coordinates": [ [ [ -122.623344420875014, 47.033763886055659 ], [ -122.626129150644999, 46.996524810503431 ], [ -122.698280334976999, 47.026161193550621 ], [ -122.697486877341007, 47.042243957770246 ], [ -122.623344420875014, 47.033763886055659 ] ] ] } },
{ "type": "Feature", "properties": { "OBJECTID": 742, "CessionID": 10163, "Nation": "Siletz Indian Reservation", "Nation_Correct": "Siletz Indian Reservation", "Cession_Reservation": "Reservation Current", "Year": "2010", "year": 2010, "LinkRoyce": null, "LinkKappler": null, "LinkFedStatute": null, "LinkExecOrder": null, "step": 11, "scrolly_year": 2010, "event_title": "Present-day reservations", "scrolly_type": "current_reservation" }, "geometry": { "type": "MultiPolygon", "coordinates": [ [ [ [ -123.78788757388601, 44.731491088596023 ], [ -123.807746887688992, 44.716850280506641 ], [ -123.807815551315997, 44.731456757342677 ], [ -123.78788757388601, 44.731491088596023 ] ] ], [ [ [ -123.74647521952501, 44.739349365888813 ], [ -123.776420593656994, 44.74683761547417 ], [ -123.746185302640001, 44.746662140149056 ], [ -123.74647521952501, 44.739349365888813 ] ] ], [ [ [ -123.766540526903995, 44.768535614073222 ], [ -123.787406922209016, 44.761177062742746 ], [ -123.787765502720006, 44.768474579221106 ], [ -123.766540526903995, 44.768535614073222 ] ] ], [ [ [ -123.728584289682004, 44.768543243026656 ], [ -123.756835937058014, 44.75416183484856 ], [ -123.756546020172976, 44.761474609944919 ], [ -123.728584289682004, 44.768543243026656 ] ] ], [ [ [ -123.777885436865006, 44.790172576868422 ], [ -123.808059692748998, 44.775733948282863 ], [ -123.808418274158996, 44.783031463331582 ], [ -123.777885436865006, 44.790172576868422 ] ] ], [ [ [ -123.756668090440002, 44.790691375994406 ], [ -123.746330261083017, 44.776332855014097 ], [ -123.756629944380009, 44.776538848767736 ], [ -123.756668090440002, 44.790691375994406 ] ] ] ] } },
{ "type": "Feature", "properties": { "OBJECTID": 743, "CessionID": 10018, "Nation": "Cahuilla Indian Reservation", "Nation_Correct": "Cahuilla Indian Reservation", "Cession_Reservation": "Reservation Current", "Year": "2010", "year": 2010, "LinkRoyce": null, "LinkKappler": null, "LinkFedStatute": null, "LinkExecOrder": null, "step": 11, "scrolly_year": 2010, "event_title": "Present-day reservations", "scrolly_type": "current_reservation" }, "geometry": { "type": "Polygon", "coordinates": [ [ [ -116.63030242934299, 33.498081206728195 ], [ -116.786178588822011, 33.497318268078736 ], [ -116.785766600772007, 33.540985107431617 ], [ -116.630973815814002, 33.539962768437249 ], [ -116.63030242934299, 33.498081206728195 ] ] ] } },
{ "type": "Feature", "properties": { "OBJECTID": 744, "CessionID": 10027, "Nation": "Chitamacha Indian Reservation", "Nation_Correct": "Chitamacha Indian Reservation", "Cession_Reservation": "Reservation Current", "Year": "2010", "year": 2010, "LinkRoyce": null, "LinkKappler": null, "LinkFedStatute": null, "LinkExecOrder": null, "step": 11, "scrolly_year": 2010, "event_title": "Present-day reservations", "scrolly_type": "current_reservation" }, "geometry": { "type": "Polygon", "coordinates": [ [ [ -91.523796081859402, 29.879461288300718 ], [ -91.541160583675094, 29.864345550979319 ], [ -91.540641785039, 29.879913329889394 ], [ -91.523796081859402, 29.879461288300718 ] ] ] } },
{ "type": "Feature", "properties": { "OBJECTID": 745, "CessionID": 10059, "Nation": "Grand Ronde Indian Reservation", "Nation_Correct": "Grand Ronde Indian Reservation", "Cession_Reservation": "Reservation Current", "Year": "2010", "year": 2010, "LinkRoyce": null, "LinkKappler": null, "LinkFedStatute": null, "LinkExecOrder": null, "step": 11, "scrolly_year": 2010, "event_title": "Present-day reservations", "scrolly_type": "current_reservation" }, "geometry": { "type": "Polygon", "coordinates": [ [ [ -123.729217529194017, 45.158123016252539 ], [ -123.567474365694991, 45.144092559831854 ], [ -123.729187011627019, 45.143959045088586 ], [ -123.729217529194017, 45.158123016252539 ] ] ] } },
{ "type": "Feature", "properties": { "OBJECTID": 746, "CessionID": 10063, "Nation": "Hoopa Valley Indian Reservation", "Nation_Correct": "Hoopa Valley Indian Reservation", "Cession_Reservation": "Reservation Current", "Year": "2010", "year": 2010, "LinkRoyce": null, "LinkKappler": null, "LinkFedStatute": null, "LinkExecOrder": null, "step": 11, "scrolly_year": 2010, "event_title": "Present-day reservations", "scrolly_type": "current_reservation" }, "geometry": { "type": "Polygon", "coordinates": [ [ [ -123.536521911856994, 41.049442291543876 ], [ -123.749519348613006, 40.991653442765745 ], [ -123.817466736317982, 41.156505584601774 ], [ -123.603599548007992, 41.207160949547159 ], [ -123.536521911856994, 41.049442291543876 ] ] ] } },
{ "type": "Feature", "properties": { "OBJECTID": 747, "CessionID": 10150, "Nation": "San Juan Indian Reservation", "Nation_Correct": "San Juan Indian Reservation", "Cession_Reservation": "Reservation Current", "Year": "2010", "year": 2010, "LinkRoyce": null, "LinkKappler": null, "LinkFedStatute": null, "LinkExecOrder": null, "step": 11, "scrolly_year": 2010, "event_title": "Present-day reservations", "scrolly_type": "current_reservation" }, "geometry": { "type": "Polygon", "coordinates": [ [ [ -106.021644591579005, 36.093402863159682 ], [ -106.021057128416999, 36.01401519742376 ], [ -106.118873596337011, 36.015773773679676 ], [ -106.120704651245006, 36.091529845650797 ], [ -106.021644591579005, 36.093402863159682 ] ] ] } },
{ "type": "Feature", "properties": { "OBJECTID": 748, "CessionID": 10109, "Nation": "Oil Springs Indian Reservation", "Nation_Correct": "Oil Springs Indian Reservation", "Cession_Reservation": "Reservation Current", "Year": "2010", "year": 2010, "LinkRoyce": null, "LinkKappler": null, "LinkFedStatute": null, "LinkExecOrder": null, "step": 11, "scrolly_year": 2010, "event_title": "Present-day reservations", "scrolly_type": "current_reservation" }, "geometry": { "type": "Polygon", "coordinates": [ [ [ -78.321861266785703, 42.239242553764868 ], [ -78.294540405197793, 42.22256469724956 ], [ -78.322425842670398, 42.222415924489667 ], [ -78.321861266785703, 42.239242553764868 ] ] ] } },
{ "type": "Feature", "properties": { "OBJECTID": 749, "CessionID": 10043, "Nation": "Fond du Lac Indian Reservation", "Nation_Correct": "Fond du Lac Indian Reservation", "Cession_Reservation": "Reservation Current", "Year": "2010", "year": 2010, "LinkRoyce": null, "LinkKappler": null, "LinkFedStatute": null, "LinkExecOrder": null, "step": 11, "scrolly_year": 2010, "event_title": "Present-day reservations", "scrolly_type": "current_reservation" }, "geometry": { "type": "Polygon", "coordinates": [ [ [ -92.482612609310294, 46.765792846359773 ], [ -92.485504150564196, 46.664443969752739 ], [ -92.742156982843696, 46.665191650748078 ], [ -92.740280151585196, 46.879276275486141 ], [ -92.584541320258793, 46.867912292637797 ], [ -92.482612609310294, 46.765792846359773 ] ] ] } },
{ "type": "Feature", "properties": { "OBJECTID": 750, "CessionID": 10194, "Nation": "Warm Springs Indian Reservation", "Nation_Correct": "Warm Springs Indian Reservation", "Cession_Reservation": "Reservation Current", "Year": "2010", "year": 2010, "LinkRoyce": null, "LinkKappler": null, "LinkFedStatute": null, "LinkExecOrder": null, "step": 11, "scrolly_year": 2010, "event_title": "Present-day reservations", "scrolly_type": "current_reservation" }, "geometry": { "type": "Polygon", "coordinates": [ [ [ -121.228942870940983, 44.761459350807783 ], [ -121.319931029688988, 44.585033416573815 ], [ -121.436004639152003, 44.586097716955216 ], [ -121.562431335857994, 44.674560547128479 ], [ -121.642822265929993, 44.568527221544151 ], [ -121.711433410712999, 44.640903472400154 ], [ -121.798141478915994, 44.644653319672422 ], [ -121.719406127743014, 45.15342330953608 ], [ -121.056755065702006, 45.015254974445234 ], [ -121.054061889530999, 44.874885559166593 ], [ -121.228942870940983, 44.761459350807783 ] ] ] } },
{ "type": "Feature", "properties": { "OBJECTID": 751, "CessionID": 10192, "Nation": "Viejas Indian Reservation", "Nation_Correct": "Viejas Indian Reservation", "Cession_Reservation": "Reservation Current", "Year": "2010", "year": 2010, "LinkRoyce": null, "LinkKappler": null, "LinkFedStatute": null, "LinkExecOrder": null, "step": 11, "scrolly_year": 2010, "event_title": "Present-day reservations", "scrolly_type": "current_reservation" }, "geometry": { "type": "Polygon", "coordinates": [ [ [ -116.701324462805019, 32.865192413061884 ], [ -116.670623778893003, 32.837562561332717 ], [ -116.710517883406013, 32.836727142641216 ], [ -116.701324462805019, 32.865192413061884 ] ] ] } },
{ "type": "Feature", "properties": { "OBJECTID": 752, "CessionID": 10077, "Nation": "L'Anse Indian Reservation", "Nation_Correct": "L'Anse Indian Reservation", "Cession_Reservation": "Reservation Current", "Year": "2010", "year": 2010, "LinkRoyce": null, "LinkKappler": null, "LinkFedStatute": null, "LinkExecOrder": null, "step": 11, "scrolly_year": 2010, "event_title": "Present-day reservations", "scrolly_type": "current_reservation" }, "geometry": { "type": "MultiPolygon", "coordinates": [ [ [ [ -88.494331360122004, 46.766147613690421 ], [ -88.552612304939203, 46.765285492097085 ], [ -88.552696228247996, 46.852935791098894 ], [ -88.477699279012, 46.852199554847573 ], [ -88.494331360122004, 46.766147613690421 ] ] ], [ [ [ -88.263404846563503, 46.852817535387992 ], [ -88.305076599344105, 46.678855895631173 ], [ -88.427520752680294, 46.679481506630971 ], [ -88.404083251471803, 46.853240966716633 ], [ -88.263404846563503, 46.852817535387992 ] ] ] ] } },
{ "type": "Feature", "properties": { "OBJECTID": 753, "CessionID": 10189, "Nation": "Upper Sioux Indian Reservation", "Nation_Correct": "Upper Sioux Indian Reservation", "Cession_Reservation": "Reservation Current", "Year": "2010", "year": 2010, "LinkRoyce": null, "LinkKappler": null, "LinkFedStatute": null, "LinkExecOrder": null, "step": 11, "scrolly_year": 2010, "event_title": "Present-day reservations", "scrolly_type": "current_reservation" }, "geometry": { "type": "Polygon", "coordinates": [ [ [ -95.533378600781404, 44.770668029952269 ], [ -95.494300842079795, 44.753913880104861 ], [ -95.533531188615498, 44.754234313864025 ], [ -95.533378600781404, 44.770668029952269 ] ] ] } },
{ "type": "Feature", "properties": { "OBJECTID": 754, "CessionID": 10013, "Nation": "Bishop Rancheria", "Nation_Correct": "Bishop Rancheria", "Cession_Reservation": "Reservation Current", "Year": "2010", "year": 2010, "LinkRoyce": null, "LinkKappler": null, "LinkFedStatute": null, "LinkExecOrder": null, "step": 11, "scrolly_year": 2010, "event_title": "Present-day reservations", "scrolly_type": "current_reservation" }, "geometry": { "type": "Polygon", "coordinates": [ [ [ -118.398948669970011, 37.369499207036341 ], [ -118.433334350975016, 37.354393005882798 ], [ -118.457939148215985, 37.375461577958212 ], [ -118.398948669970011, 37.369499207036341 ] ] ] } },
{ "type": "Feature", "properties": { "OBJECTID": 755, "CessionID": 10082, "Nation": "Laguna Indian Reservation", "Nation_Correct": "Laguna Indian Reservation", "Cession_Reservation": "Reservation Current", "Year": "2010", "year": 2010, "LinkRoyce": null, "LinkKappler": null, "LinkFedStatute": null, "LinkExecOrder": null, "step": 11, "scrolly_year": 2010, "event_title": "Present-day reservations", "scrolly_type": "current_reservation" }, "geometry": { "type": "MultiPolygon", "coordinates": [ [ [ [ -116.475189209034994, 32.906784057169787 ], [ -116.482849121005017, 32.90653228779469 ], [ -116.482872010079021, 32.920200348100259 ], [ -116.475189209034994, 32.906784057169787 ] ] ], [ [ [ -107.551928151862001, 34.701874131093078 ], [ -107.522972106725007, 34.703720092567877 ], [ -107.554756164259004, 34.699668884193215 ], [ -107.551928151862001, 34.701874131093078 ] ] ], [ [ [ -107.507949829062014, 34.736160277958874 ], [ -107.622360229337005, 34.697383880434579 ], [ -107.621406555372999, 34.785064697246725 ], [ -107.547523498225004, 34.785156249612264 ], [ -107.507949829062014, 34.736160277958874 ] ] ], [ [ [ -107.582862854091005, 35.170223236690475 ], [ -107.529747009256994, 35.158664703729883 ], [ -107.568649292846999, 35.107757568332573 ], [ -107.582862854091005, 35.170223236690475 ] ] ], [ [ [ -107.502998352047001, 35.171268462791275 ], [ -107.45953369131702, 35.193153380971019 ], [ -107.458221435943003, 35.153671264860215 ], [ -107.257217407442994, 35.139644623138544 ], [ -107.179512024150995, 35.169506073355777 ], [ -107.197631835745, 35.032661437750427 ], [ -106.937065124621, 35.030487061171904 ], [ -106.935661315649, 34.96102905327367 ], [ -107.029212951806997, 34.909843444860115 ], [ -106.983512878408021, 34.798973084008111 ], [ -107.127349853280009, 34.796314239818571 ], [ -107.131980896741993, 34.959751129151016 ], [ -107.198196410731995, 34.960910796979519 ], [ -107.197929382919995, 34.8719100954862 ], [ -107.538047790129994, 34.871116638184297 ], [ -107.538619994507997, 35.068195342852881 ], [ -107.485786438065006, 35.067058563220314 ], [ -107.470069884859001, 35.155792236523688 ], [ -107.502998352047001, 35.171268462791275 ] ] ], [ [ [ -106.933547973247002, 35.156730652076497 ], [ -107.033088684590993, 35.156352996851822 ], [ -107.034492492666004, 35.218540192109309 ], [ -107.080085754581006, 35.218585967511309 ], [ -107.036804199250994, 35.347888945957521 ], [ -106.943229675816994, 35.349128722759708 ], [ -106.933547973247002, 35.156730652076497 ] ] ] ] } },
{ "type": "Feature", "properties": { "OBJECTID": 756, "CessionID": 10033, "Nation": "Coos Lower Umpqua And Siuslaw Indian Reservation", "Nation_Correct": "Coos Lower Umpqua And Siuslaw Indian Reservation", "Cession_Reservation": "Reservation Current", "Year": "2010", "year": 2010, "LinkRoyce": null, "LinkKappler": null, "LinkFedStatute": null, "LinkExecOrder": null, "step": 11, "scrolly_year": 2010, "event_title": "Present-day reservations", "scrolly_type": "current_reservation" }, "geometry": { "type": "Polygon", "coordinates": [ [ [ -124.285270690763994, 43.398311615445053 ], [ -124.332138061993007, 43.356872558402699 ], [ -124.280448913407994, 43.436702728013564 ], [ -124.285270690763994, 43.398311615445053 ] ] ] } },
{ "type": "Feature", "properties": { "OBJECTID": 757, "CessionID": 10182, "Nation": "Torres-Martinez Indian Reservation", "Nation_Correct": "Torres-Martinez Indian Reservation", "Cession_Reservation": "Reservation Current", "Year": "2010", "year": 2010, "LinkRoyce": null, "LinkKappler": null, "LinkFedStatute": null, "LinkExecOrder": null, "step": 11, "scrolly_year": 2010, "event_title": "Present-day reservations", "scrolly_type": "current_reservation" }, "geometry": { "type": "MultiPolygon", "coordinates": [ [ [ [ -116.065414428582002, 33.354671478157201 ], [ -116.047851562581997, 33.34140396185802 ], [ -116.065994262352021, 33.341491699068477 ], [ -116.065414428582002, 33.354671478157201 ] ] ], [ [ [ -116.030204773272999, 33.354980469241397 ], [ -116.012687683623, 33.340793609781429 ], [ -116.029708861914003, 33.341308593854102 ], [ -116.030204773272999, 33.354980469241397 ] ] ], [ [ [ -116.013084411991997, 33.369029999121317 ], [ -115.995025634632015, 33.35482025094538 ], [ -116.012611388808011, 33.354900360130287 ], [ -116.013084411991997, 33.369029999121317 ] ] ], [ [ [ -116.030136107849003, 33.36909103430569 ], [ -116.047821045014999, 33.354598999052932 ], [ -116.047737121706007, 33.369167328226077 ], [ -116.030136107849003, 33.36909103430569 ] ] ], [ [ [ -116.082374572636994, 33.369293212485687 ], [ -116.065414428582002, 33.354671478157201 ], [ -116.082458495946014, 33.354728698894434 ], [ -116.082374572636994, 33.369293212485687 ] ] ], [ [ [ -116.04763793961402, 33.383731842505298 ], [ -116.06533050527301, 33.369239807200813 ], [ -116.065238952572997, 33.38380432134511 ], [ -116.04763793961402, 33.383731842505298 ] ] ], [ [ [ -115.97787475578501, 33.369319915865965 ], [ -115.995368957259018, 33.383968353009408 ], [ -115.978347778968995, 33.383445740047705 ], [ -115.97787475578501, 33.369319915865965 ] ] ], [ [ [ -116.012878417517001, 33.398612976459468 ], [ -115.995368957259018, 33.383968353009408 ], [ -116.012992859291003, 33.383594513143109 ], [ -116.012878417517001, 33.398612976459468 ] ] ], [ [ [ -116.082183837843985, 33.398876190278706 ], [ -116.065238952572997, 33.38380432134511 ], [ -116.081741333125009, 33.383842468236523 ], [ -116.082183837843985, 33.398876190278706 ] ] ], [ [ [ -116.065071105954999, 33.412929535243421 ], [ -116.04809570311599, 33.398311615318022 ], [ -116.065704345467012, 33.398384094751336 ], [ -116.065071105954999, 33.412929535243421 ] ] ], [ [ [ -116.012878417517001, 33.398612976459468 ], [ -116.030494689259996, 33.398239135074306 ], [ -116.030380249282018, 33.41325378410621 ], [ -116.012878417517001, 33.398612976459468 ] ] ], [ [ [ -115.978202819627995, 33.398921966709395 ], [ -115.995193481249999, 33.412639617693863 ], [ -115.978645324347013, 33.413497924130304 ], [ -115.978202819627995, 33.398921966709395 ] ] ], [ [ [ -115.995071410982987, 33.427658081241702 ], [ -116.012794495107016, 33.412719726863529 ], [ -116.012702942405994, 33.427284241153799 ], [ -115.995071410982987, 33.427658081241702 ] ] ], [ [ [ -116.059356689769004, 33.44280242980939 ], [ -116.082145690886009, 33.412532806352701 ], [ -116.076438903192994, 33.442405701003715 ], [ -116.059356689769004, 33.44280242980939 ] ] ], [ [ [ -116.024108886602988, 33.44310760486762 ], [ -116.04800415041602, 33.412876129017519 ], [ -116.041191100926014, 33.442710876707842 ], [ -116.024108886602988, 33.44310760486762 ] ] ], [ [ [ -116.09339904814702, 33.457473754180526 ], [ -116.076438903192994, 33.442405701003715 ], [ -116.092948914036, 33.442440033736297 ], [ -116.09339904814702, 33.457473754180526 ] ] ], [ [ [ -116.024017333903018, 33.457672118824888 ], [ -116.007049560455997, 33.443046569192312 ], [ -116.024108886602988, 33.44310760486762 ], [ -116.024017333903018, 33.457672118824888 ] ] ], [ [ [ -116.041191100926014, 33.442710876707842 ], [ -116.059356689769004, 33.44280242980939 ], [ -116.05982971205502, 33.456928252628522 ], [ -116.041625976253016, 33.45774841291334 ], [ -116.041191100926014, 33.442710876707842 ] ] ], [ [ [ -116.060844422049996, 33.47152709930797 ], [ -116.076904296986001, 33.456985474254104 ], [ -116.077392578054997, 33.471107482869201 ], [ -116.060844422049996, 33.47152709930797 ] ] ], [ [ [ -115.990966796447012, 33.458030700981311 ], [ -116.007949828676999, 33.472206115886451 ], [ -115.990882874036998, 33.472141266352992 ], [ -115.990966796447012, 33.458030700981311 ] ] ], [ [ [ -116.024475097405016, 33.472251891866186 ], [ -116.041625976253016, 33.45774841291334 ], [ -116.041519164768999, 33.472766875779939 ], [ -116.024475097405016, 33.472251891866186 ] ] ], [ [ [ -116.093238830022997, 33.486602783099563 ], [ -116.077392578054997, 33.471107482869201 ], [ -116.093910217391013, 33.471145629629596 ], [ -116.093238830022997, 33.486602783099563 ] ] ], [ [ [ -116.077751160363988, 33.500701904610949 ], [ -116.060165405289993, 33.486976623744845 ], [ -116.077819823991021, 33.486595153911097 ], [ -116.077751160363988, 33.500701904610949 ] ] ], [ [ [ -116.110252379819997, 33.500755309953526 ], [ -116.093238830022997, 33.486602783099563 ], [ -116.110328673737001, 33.486194610463109 ], [ -116.110252379819997, 33.500755309953526 ] ] ], [ [ [ -116.041999817345001, 33.486888885045317 ], [ -116.024833679714007, 33.501392363919003 ], [ -116.024909973630997, 33.487281799151397 ], [ -116.041999817345001, 33.486888885045317 ] ] ], [ [ [ -116.006713867220995, 33.487640380921562 ], [ -115.990112304575987, 33.501701355258213 ], [ -115.990196227884979, 33.487594604831052 ], [ -116.006713867220995, 33.487640380921562 ] ] ], [ [ [ -116.060150146506999, 33.512466430550617 ], [ -116.041931151921005, 33.500995635834549 ], [ -116.060119628940001, 33.500633239587543 ], [ -116.060150146506999, 33.512466430550617 ] ] ], [ [ [ -116.007820129916993, 33.512252807179777 ], [ -116.024833679714007, 33.501392363919003 ], [ -116.024330138962995, 33.512756347727148 ], [ -116.007820129916993, 33.512252807179777 ] ] ], [ [ [ -116.094291686977016, 33.51302719116832 ], [ -116.077751160363988, 33.500701904610949 ], [ -116.093177794889002, 33.500705718958287 ], [ -116.094291686977016, 33.51302719116832 ] ] ], [ [ [ -116.109718323297997, 33.51302719116832 ], [ -116.130622863765012, 33.500900268429938 ], [ -116.130096435737016, 33.513172149312979 ], [ -116.109718323297997, 33.51302719116832 ] ] ], [ [ [ -116.077789306423995, 33.512538909748507 ], [ -116.067771911517994, 33.527259826856209 ], [ -116.06730651862398, 33.512680054142919 ], [ -116.077789306423995, 33.512538909748507 ] ] ], [ [ [ -116.024803162146981, 33.526878357067183 ], [ -116.041976928272021, 33.512378692965953 ], [ -116.041862488294015, 33.527393341109395 ], [ -116.024803162146981, 33.526878357067183 ] ] ], [ [ [ -116.049041747688008, 33.527153015155356 ], [ -116.059516906097002, 33.527011871160518 ], [ -116.059722900571003, 33.53475570651085 ], [ -116.049041747688008, 33.527153015155356 ] ] ], [ [ [ -115.999740600505007, 33.557525634630075 ], [ -115.999519348145014, 33.550235748047804 ], [ -116.008026122595012, 33.557319640724302 ], [ -115.999740600505007, 33.557525634630075 ] ] ], [ [ [ -116.016586303683994, 33.563041687441292 ], [ -116.015747070596007, 33.557102203261024 ], [ -116.025657654018005, 33.557399750189163 ], [ -116.016586303683994, 33.563041687441292 ] ] ], [ [ [ -116.024459838621993, 33.571929931655383 ], [ -116.033843994015996, 33.571754455834672 ], [ -116.034072875767009, 33.579040527863185 ], [ -116.024459838621993, 33.571929931655383 ] ] ], [ [ [ -116.215286254990019, 33.570709228664235 ], [ -116.197563171764003, 33.585674285822229 ], [ -116.197639465680993, 33.570655822359946 ], [ -116.215286254990019, 33.570709228664235 ] ] ], [ [ [ -116.163909911464998, 33.586067199440329 ], [ -116.17998504608201, 33.571060180455611 ], [ -116.18045043897601, 33.586090088370831 ], [ -116.163909911464998, 33.586067199440329 ] ] ], [ [ [ -116.16344451946901, 33.571037292778122 ], [ -116.128051757861002, 33.586387634186416 ], [ -116.093704223814996, 33.526664734089138 ], [ -116.130630493157014, 33.526390075198897 ], [ -116.16344451946901, 33.571037292778122 ] ] ], [ [ [ -116.007392883083, 33.571407317346114 ], [ -115.989631652898012, 33.586341857973913 ], [ -115.989738464382, 33.571781159025413 ], [ -116.007392883083, 33.571407317346114 ] ] ], [ [ [ -116.007705688143005, 33.59855651832536 ], [ -116.023796081542997, 33.586921691946593 ], [ -116.023925781201996, 33.598468780593457 ], [ -116.007705688143005, 33.59855651832536 ] ] ], [ [ [ -116.214591980344011, 33.600269317792772 ], [ -116.23176574646898, 33.585285187017988 ], [ -116.231155396030999, 33.599830627227114 ], [ -116.214591980344011, 33.600269317792772 ] ] ], [ [ [ -116.094314575152012, 33.601318359728715 ], [ -116.077857970948997, 33.58672332791469 ], [ -116.093849182257017, 33.586746215922801 ], [ -116.094314575152012, 33.601318359728715 ] ] ], [ [ [ -116.030036926655015, 33.383655548608694 ], [ -116.013084411991997, 33.369029999121317 ], [ -116.030136107849003, 33.36909103430569 ], [ -116.030036926655015, 33.383655548608694 ] ] ] ] } },
{ "type": "Feature", "properties": { "OBJECTID": 758, "CessionID": 10149, "Nation": "San Ildefonso Indian Reservation", "Nation_Correct": "San Ildefonso Indian Reservation", "Cession_Reservation": "Reservation Current", "Year": "2010", "year": 2010, "LinkRoyce": null, "LinkKappler": null, "LinkFedStatute": null, "LinkExecOrder": null, "step": 11, "scrolly_year": 2010, "event_title": "Present-day reservations", "scrolly_type": "current_reservation" }, "geometry": { "type": "Polygon", "coordinates": [ [ [ -106.069252013802995, 35.855667114005271 ], [ -106.218994141451006, 35.827358245908052 ], [ -106.273559569810999, 35.856281279989496 ], [ -106.195968628293002, 35.855636596520341 ], [ -106.163055420785994, 35.930885314908629 ], [ -106.058525085469, 35.931434631155604 ], [ -106.069252013802995, 35.855667114005271 ] ] ] } },
{ "type": "Feature", "properties": { "OBJECTID": 759, "CessionID": 10147, "Nation": "San Carlos Indian Reservation", "Nation_Correct": "San Carlos Indian Reservation", "Cession_Reservation": "Reservation Current", "Year": "2010", "year": 2010, "LinkRoyce": null, "LinkKappler": null, "LinkFedStatute": null, "LinkExecOrder": null, "step": 11, "scrolly_year": 2010, "event_title": "Present-day reservations", "scrolly_type": "current_reservation" }, "geometry": { "type": "Polygon", "coordinates": [ [ [ -110.522666931238007, 33.816673278923318 ], [ -110.375076293849006, 33.8165092465374 ], [ -110.23506164601902, 33.749877929545413 ], [ -110.074424743419996, 33.588565826439705 ], [ -109.878471374925994, 33.578296661305721 ], [ -109.763809203826, 33.481945037439907 ], [ -109.675033569572989, 33.579822539999 ], [ -109.492187499625999, 33.661060332809669 ], [ -109.508125305191996, 33.038349151435298 ], [ -109.683151245044996, 33.024730682382916 ], [ -109.768173217680001, 33.07650756844032 ], [ -109.764862060780999, 33.135623931599412 ], [ -109.925483703698006, 33.175975799579312 ], [ -110.052223205464998, 33.306091308599363 ], [ -110.051902771013005, 32.8749885558843 ], [ -110.132347106826998, 32.961479186868111 ], [ -110.369644165156004, 33.016109466510649 ], [ -110.701095580691003, 32.891521453736637 ], [ -110.701103210981003, 33.090923309627591 ], [ -110.555137634923994, 33.166088104734605 ], [ -110.746940613430993, 33.170627593521409 ], [ -110.690406799314999, 33.504878998205001 ], [ -110.526046752663007, 33.637535095695917 ], [ -110.522666931238007, 33.816673278923318 ] ] ] } },
{ "type": "Feature", "properties": { "OBJECTID": 760, "CessionID": 10053, "Nation": "Fort Peck Indian Reservation", "Nation_Correct": "Fort Peck Indian Reservation", "Cession_Reservation": "Reservation Current", "Year": "2010", "year": 2010, "LinkRoyce": null, "LinkKappler": null, "LinkFedStatute": null, "LinkExecOrder": null, "step": 11, "scrolly_year": 2010, "event_title": "Present-day reservations", "scrolly_type": "current_reservation" }, "geometry": { "type": "Polygon", "coordinates": [ [ [ -104.580871582674007, 48.346302032501995 ], [ -104.718032837107003, 48.26517486619116 ], [ -104.602828980095012, 48.150878906469217 ], [ -104.629463195529993, 48.111366271917241 ], [ -104.898437499910003, 48.150611877195203 ], [ -105.046310424791997, 48.053073882764082 ], [ -105.178199767758002, 48.103408814149695 ], [ -105.212677002361005, 48.062725067441214 ], [ -105.511924743818, 48.096374511814524 ], [ -105.843078613076003, 48.010494232783337 ], [ -106.017074585047993, 48.036045074443223 ], [ -106.024826049718001, 48.002162933533072 ], [ -106.074371338334004, 48.038803100775709 ], [ -106.110061645320997, 48.001186370899077 ], [ -106.324279784750999, 48.053901671854796 ], [ -106.263229369845007, 48.08757400572275 ], [ -106.380737304950003, 48.165832519943095 ], [ -106.403381347624006, 48.353893279798442 ], [ -106.581954955518995, 48.635719299379915 ], [ -104.445137023591997, 48.633232116881224 ], [ -104.552635193182994, 48.505065918524281 ], [ -104.580871582674007, 48.346302032501995 ] ] ] } },
{ "type": "Feature", "properties": { "OBJECTID": 761, "CessionID": 10196, "Nation": "Wind River Indian Reservation", "Nation_Correct": "Wind River Indian Reservation", "Cession_Reservation": "Reservation Current", "Year": "2010", "year": 2010, "LinkRoyce": null, "LinkKappler": null, "LinkFedStatute": null, "LinkExecOrder": null, "step": 11, "scrolly_year": 2010, "event_title": "Present-day reservations", "scrolly_type": "current_reservation" }, "geometry": { "type": "Polygon", "coordinates": [ [ [ -108.697067344393005, 42.853946523078676 ], [ -108.838592425830001, 42.893161578672292 ], [ -109.326889103371002, 42.868164124390972 ], [ -109.456649623268007, 42.971832427647115 ], [ -109.456382935918, 43.581062451556818 ], [ -109.250602485103002, 43.767150987350583 ], [ -109.013382122237005, 43.629154017111503 ], [ -108.62172676440801, 43.717460766066303 ], [ -108.572700646330006, 43.765441979045548 ], [ -108.350562997085007, 43.686992837645811 ], [ -108.351936296575005, 43.584110274947278 ], [ -108.152282917445007, 43.581306478327214 ], [ -108.157562204079994, 43.406986044821927 ], [ -108.192970423898004, 43.446533190090989 ], [ -108.263176009139997, 43.339473896296667 ], [ -108.460708802753004, 43.316638878703699 ], [ -108.620323146777011, 43.359207009577979 ], [ -108.580039882201021, 43.286590393399479 ], [ -108.696021929981001, 43.309230796405096 ], [ -108.738731207271002, 43.301719662598202 ], [ -108.716094785004998, 43.243152582893536 ], [ -108.932998624825998, 43.242702285764857 ], [ -108.755218661416009, 43.1988066866477 ], [ -108.696060108381005, 43.126808222473514 ], [ -108.617729261394004, 43.140392159453313 ], [ -108.482742230884, 43.048625828212387 ], [ -108.440742622669021, 43.049228543123 ], [ -108.461876051174997, 43.115104541049078 ], [ -108.362091189414997, 43.114963553755409 ], [ -108.342269862671003, 43.166869987568788 ], [ -108.224182388444021, 43.157115750924689 ], [ -108.198310908262002, 43.116676281470255 ], [ -108.157806433548004, 43.239551748720601 ], [ -108.155174369765007, 42.906181255910617 ], [ -108.578102328423, 42.906814566595898 ], [ -108.697067344393005, 42.853946523078676 ] ], [ [ -109.201446672756006, 43.170009539190282 ], [ -109.126747265304999, 43.172035195271022 ], [ -109.046913424557999, 43.209091159141956 ], [ -109.118537786502003, 43.208042328749933 ], [ -109.201446672756006, 43.170009539190282 ] ] ] } },
{ "type": "Feature", "properties": { "OBJECTID": 762, "CessionID": 10156, "Nation": "Santa Rosa Indian Reservation", "Nation_Correct": "Santa Rosa Indian Reservation", "Cession_Reservation": "Reservation Current", "Year": "2010", "year": 2010, "LinkRoyce": null, "LinkKappler": null, "LinkFedStatute": null, "LinkExecOrder": null, "step": 11, "scrolly_year": 2010, "event_title": "Present-day reservations", "scrolly_type": "current_reservation" }, "geometry": { "type": "MultiPolygon", "coordinates": [ [ [ [ -116.433029174287, 33.528938293555619 ], [ -116.413734435471, 33.515224456785255 ], [ -116.432991028226994, 33.515739441314714 ], [ -116.433029174287, 33.528938293555619 ] ] ], [ [ [ -116.465515136755997, 33.529346466073484 ], [ -116.450065613158003, 33.515739441314714 ], [ -116.465476989798006, 33.516147613963113 ], [ -116.465515136755997, 33.529346466073484 ] ] ], [ [ [ -116.483695983484992, 33.529369354313957 ], [ -116.500183105253981, 33.516147613963113 ], [ -116.500778198705007, 33.529361725150828 ], [ -116.483695983484992, 33.529369354313957 ] ] ], [ [ [ -116.516296385931014, 33.599384307709371 ], [ -116.569061278747, 33.530212402655621 ], [ -116.570335388060016, 33.599407196099406 ], [ -116.516296385931014, 33.599384307709371 ] ] ] ] } },
{ "type": "Feature", "properties": { "OBJECTID": 763, "CessionID": 10120, "Nation": "Penobscot Indian Reservation", "Nation_Correct": "Penobscot Indian Reservation", "Cession_Reservation": "Reservation Current", "Year": "2010", "year": 2010, "LinkRoyce": null, "LinkKappler": null, "LinkFedStatute": null, "LinkExecOrder": null, "step": 11, "scrolly_year": 2010, "event_title": "Present-day reservations", "scrolly_type": "current_reservation" }, "geometry": { "type": "Polygon", "coordinates": [ [ [ -68.673744201693097, 44.988777160457666 ], [ -68.644233703786696, 44.958576202070105 ], [ -68.646896362391118, 44.942604064440616 ], [ -68.684204102216398, 44.959587097100183 ], [ -68.673744201693097, 44.988777160457666 ] ] ] } },
{ "type": "Feature", "properties": { "OBJECTID": 764, "CessionID": 10003, "Nation": "Alabama-Coushatta Indian Reservation", "Nation_Correct": "Alabama-Coushatta Indian Reservation", "Cession_Reservation": "Reservation Current", "Year": "2010", "year": 2010, "LinkRoyce": null, "LinkKappler": null, "LinkFedStatute": null, "LinkExecOrder": null, "step": 11, "scrolly_year": 2010, "event_title": "Present-day reservations", "scrolly_type": "current_reservation" }, "geometry": { "type": "Polygon", "coordinates": [ [ [ -94.709449768135798, 30.732954025268867 ], [ -94.684455871917194, 30.700494766530305 ], [ -94.730545043394997, 30.719772338862626 ], [ -94.709449768135798, 30.732954025268867 ] ] ] } },
{ "type": "Feature", "properties": { "OBJECTID": 765, "CessionID": 10115, "Nation": "Ozette Indian Reservation", "Nation_Correct": "Ozette Indian Reservation", "Cession_Reservation": "Reservation Current", "Year": "2010", "year": 2010, "LinkRoyce": null, "LinkKappler": null, "LinkFedStatute": null, "LinkExecOrder": null, "step": 11, "scrolly_year": 2010, "event_title": "Present-day reservations", "scrolly_type": "current_reservation" }, "geometry": { "type": "Polygon", "coordinates": [ [ [ -124.72255706759799, 48.17714309684181 ], [ -124.699073791836014, 48.165004729544513 ], [ -124.734138488702001, 48.165058136108286 ], [ -124.72255706759799, 48.17714309684181 ] ] ] } },
{ "type": "Feature", "properties": { "OBJECTID": 766, "CessionID": 10159, "Nation": "Santa Ysabel Indian Reservation", "Nation_Correct": "Santa Ysabel Indian Reservation", "Cession_Reservation": "Reservation Current", "Year": "2010", "year": 2010, "LinkRoyce": null, "LinkKappler": null, "LinkFedStatute": null, "LinkExecOrder": null, "step": 11, "scrolly_year": 2010, "event_title": "Present-day reservations", "scrolly_type": "current_reservation" }, "geometry": { "type": "MultiPolygon", "coordinates": [ [ [ [ -116.639968871332016, 33.187446594184159 ], [ -116.614875793919992, 33.123527527310202 ], [ -116.712020874471008, 33.197418212734398 ], [ -116.639968871332016, 33.187446594184159 ] ] ], [ [ [ -116.71861267070301, 33.197124480825323 ], [ -116.777282714497005, 33.182144165023523 ], [ -116.785881042545981, 33.20328903232042 ], [ -116.768867492748996, 33.20333862241079 ], [ -116.71861267070301, 33.197124480825323 ] ] ] ] } },
{ "type": "Feature", "properties": { "OBJECTID": 767, "CessionID": 10203, "Nation": "Yomba Indian Reservation", "Nation_Correct": "Yomba Indian Reservation", "Cession_Reservation": "Reservation Current", "Year": "2010", "year": 2010, "LinkRoyce": null, "LinkKappler": null, "LinkFedStatute": null, "LinkExecOrder": null, "step": 11, "scrolly_year": 2010, "event_title": "Present-day reservations", "scrolly_type": "current_reservation" }, "geometry": { "type": "MultiPolygon", "coordinates": [ [ [ [ -117.48083496165502, 38.887027740874082 ], [ -117.49384307810999, 38.858474731595543 ], [ -117.492652893004006, 38.88748168934913 ], [ -117.48083496165502, 38.887027740874082 ] ] ], [ [ [ -117.471351624167994, 38.944133758784481 ], [ -117.492057799552001, 38.904705047587321 ], [ -117.490875244736017, 38.944591521559154 ], [ -117.471351624167994, 38.944133758784481 ] ] ], [ [ [ -117.396568298798016, 39.11497116099784 ], [ -117.38003540067902, 39.070083618272335 ], [ -117.399589538813018, 39.070552826043013 ], [ -117.396568298798016, 39.11497116099784 ] ] ], [ [ [ -117.368103027556003, 39.114490509250018 ], [ -117.380531311140018, 39.129459381170314 ], [ -117.368667602542018, 39.129901886208977 ], [ -117.368103027556003, 39.114490509250018 ] ] ] ] } },
{ "type": "Feature", "properties": { "OBJECTID": 768, "CessionID": 10007, "Nation": "Annette Islands Indian Reservation", "Nation_Correct": "Annette Islands Indian Reservation", "Cession_Reservation": "Reservation Current", "Year": "2010", "year": 2010, "LinkRoyce": null, "LinkKappler": null, "LinkFedStatute": null, "LinkExecOrder": null, "step": 11, "scrolly_year": 2010, "event_title": "Present-day reservations", "scrolly_type": "current_reservation" }, "geometry": { "type": "MultiPolygon", "coordinates": [ [ [ [ -131.569900512740986, 55.161552428885614 ], [ -131.560287475595999, 55.153045654184609 ], [ -131.56904602086999, 55.153305053751403 ], [ -131.569900512740986, 55.161552428885614 ] ] ], [ [ [ -131.47843933080901, 55.252452850121017 ], [ -131.362762450612991, 55.157066344993588 ], [ -131.351669311476002, 55.056648254131375 ], [ -131.384963989466996, 55.007884979489056 ], [ -131.47651672320103, 55.006603240655004 ], [ -131.548339843689007, 55.091468811168077 ], [ -131.540832519553987, 55.024997711009988 ], [ -131.609359741027987, 54.996875763194396 ], [ -131.612426757392996, 55.09656143197072 ], [ -131.530883789172975, 55.134349822798292 ], [ -131.560638428512959, 55.166759491047699 ], [ -131.606262207095995, 55.174499511706927 ], [ -131.592178344612989, 55.269092559701555 ], [ -131.47843933080901, 55.252452850121017 ] ] ] ] } },
{ "type": "Feature", "properties": { "OBJECTID": 769, "CessionID": 10132, "Nation": "Ramah Navajo Indian Reservation", "Nation_Correct": "Ramah Navajo Indian Reservation", "Cession_Reservation": "Reservation Current", "Year": "2010", "year": 2010, "LinkRoyce": null, "LinkKappler": null, "LinkFedStatute": null, "LinkExecOrder": null, "step": 11, "scrolly_year": 2010, "event_title": "Present-day reservations", "scrolly_type": "current_reservation" }, "geometry": { "type": "Polygon", "coordinates": [ [ [ -108.248069714742996, 34.698387139274182 ], [ -108.565200836602003, 34.784542095531343 ], [ -108.517349265758, 34.947750121795679 ], [ -108.603347795142014, 34.902721417368213 ], [ -108.781051682476004, 34.916812942658083 ], [ -109.045776494277021, 34.845726025030402 ], [ -109.045852570351997, 34.9611168070874 ], [ -108.467796229621001, 34.959705349410889 ], [ -108.466140802987013, 35.135501915579262 ], [ -108.254127447716996, 35.135669733862365 ], [ -108.248069714742996, 34.698387139274182 ] ], [ [ -108.329338052709019, 35.031787869864822 ], [ -108.329482906048995, 35.046188388057374 ], [ -108.364624157793003, 35.042644518833406 ], [ -108.329338052709019, 35.031787869864822 ] ] ] } },
{ "type": "Feature", "properties": { "OBJECTID": 770, "CessionID": 10085, "Nation": "Leech Lake Indian Reservation", "Nation_Correct": "Leech Lake Indian Reservation", "Cession_Reservation": "Reservation Current", "Year": "2010", "year": 2010, "LinkRoyce": null, "LinkKappler": null, "LinkFedStatute": null, "LinkExecOrder": null, "step": 11, "scrolly_year": 2010, "event_title": "Present-day reservations", "scrolly_type": "current_reservation" }, "geometry": { "type": "Polygon", "coordinates": [ [ [ -93.797851562135605, 47.542266846396792 ], [ -93.798210144444198, 47.323894500867361 ], [ -93.720657348986094, 47.31163024924988 ], [ -93.722465514820897, 47.252807617020515 ], [ -93.795219421098096, 47.253597259254803 ], [ -93.797721863374903, 47.216835021941165 ], [ -93.807868957939903, 47.246677398802277 ], [ -93.769393921183195, 47.303733825840425 ], [ -93.881729126014704, 47.32460784899731 ], [ -93.975288390666293, 47.234260559669494 ], [ -94.255744934057901, 47.251388550005196 ], [ -94.2834396358395, 47.221984863077985 ], [ -94.306053161845199, 47.162899017592245 ], [ -94.189491272210901, 47.171340942189147 ], [ -94.101715088270694, 47.122604369952811 ], [ -94.126251220986802, 46.977695464815049 ], [ -94.56998443561082, 47.038490295071746 ], [ -94.590560913132194, 47.156352996445449 ], [ -94.683769225765104, 47.150531768706479 ], [ -94.6915283198271, 47.541610717729824 ], [ -94.265037536751507, 47.534503936947722 ], [ -94.286796569089404, 47.671009063247197 ], [ -93.902572631347596, 47.673110961780083 ], [ -93.906471252307, 47.543373107723625 ], [ -93.797851562135605, 47.542266846396792 ] ] ] } },
{ "type": "Feature", "properties": { "OBJECTID": 771, "CessionID": 10157, "Nation": "Santa Rosa Rancheria", "Nation_Correct": "Santa Rosa Rancheria", "Cession_Reservation": "Reservation Current", "Year": "2010", "year": 2010, "LinkRoyce": null, "LinkKappler": null, "LinkFedStatute": null, "LinkExecOrder": null, "step": 11, "scrolly_year": 2010, "event_title": "Present-day reservations", "scrolly_type": "current_reservation" }, "geometry": { "type": "Polygon", "coordinates": [ [ [ -119.755935669493013, 36.238853455141495 ], [ -119.773559569729002, 36.222938537713638 ], [ -119.773612976369009, 36.239269256552092 ], [ -119.755935669493013, 36.238853455141495 ] ] ] } },
{ "type": "Feature", "properties": { "OBJECTID": 772, "CessionID": 10122, "Nation": "Pine Ridge Indian Reservation", "Nation_Correct": "Pine Ridge Indian Reservation", "Cession_Reservation": "Reservation Current", "Year": "2010", "year": 2010, "LinkRoyce": null, "LinkKappler": null, "LinkFedStatute": null, "LinkExecOrder": null, "step": 11, "scrolly_year": 2010, "event_title": "Present-day reservations", "scrolly_type": "current_reservation" }, "geometry": { "type": "Polygon", "coordinates": [ [ [ -102.082862861844006, 42.997871306817991 ], [ -102.999008020011999, 42.999679492085463 ], [ -103.001594606582998, 43.606544484311726 ], [ -102.907813859602996, 43.672496832666567 ], [ -102.794555391475001, 43.685421004228921 ], [ -102.794662627861996, 43.64985648240576 ], [ -102.888771259921, 43.6496620928583 ], [ -102.861885244914006, 43.481819095850526 ], [ -102.704155117198994, 43.562427476796316 ], [ -102.615508803515013, 43.499019570204361 ], [ -102.476615785861, 43.509891572991584 ], [ -102.595718356359001, 43.549671145916179 ], [ -102.615546981915003, 43.66545860926761 ], [ -102.555877512061002, 43.629421216030472 ], [ -102.536597981723006, 43.686943103137132 ], [ -101.727943546111007, 43.684642887801459 ], [ -101.616355944412007, 43.748924320657757 ], [ -101.243812805700003, 43.794799724362669 ], [ -101.228080497839017, 43.388389496165416 ], [ -102.115822049618004, 43.388667963286288 ], [ -102.082862861844006, 42.997871306817991 ] ], [ [ -102.373405535632997, 43.475830081164339 ], [ -102.288078496924001, 43.484035416515667 ], [ -102.278053298353001, 43.578113513199042 ], [ -102.446784981064013, 43.527908376121481 ], [ -102.373405535632997, 43.475830081164339 ] ] ] } },
{ "type": "Feature", "properties": { "OBJECTID": 773, "CessionID": 10185, "Nation": "Turtle Mountain Indian Reservation", "Nation_Correct": "Turtle Mountain Indian Reservation", "Cession_Reservation": "Reservation Current", "Year": "2010", "year": 2010, "LinkRoyce": null, "LinkKappler": null, "LinkFedStatute": null, "LinkExecOrder": null, "step": 11, "scrolly_year": 2010, "event_title": "Present-day reservations", "scrolly_type": "current_reservation" }, "geometry": { "type": "Polygon", "coordinates": [ [ [ -99.658462524788604, 48.892246246101379 ], [ -99.660293579696798, 48.805351257380799 ], [ -99.922096252277498, 48.806209563973823 ], [ -99.922691344830696, 48.891262054311589 ], [ -99.658462524788604, 48.892246246101379 ] ] ] } },
{ "type": "Feature", "properties": { "OBJECTID": 774, "CessionID": 10100, "Nation": "Mississippi Choctaw Indian Reservation", "Nation_Correct": "Mississippi Choctaw Indian Reservation", "Cession_Reservation": "Reservation Current", "Year": "2010", "year": 2010, "LinkRoyce": null, "LinkKappler": null, "LinkFedStatute": null, "LinkExecOrder": null, "step": 11, "scrolly_year": 2010, "event_title": "Present-day reservations", "scrolly_type": "current_reservation" }, "geometry": { "type": "MultiPolygon", "coordinates": [ [ [ [ -89.026878357755095, 31.803285598576174 ], [ -89.010902405230297, 31.787635803819995 ], [ -89.028129577995202, 31.788698196025102 ], [ -89.026878357755095, 31.803285598576174 ] ] ], [ [ [ -89.263236999108003, 32.472904205828087 ], [ -89.280220031338303, 32.457977295255091 ], [ -89.280632019388804, 32.47256088264939 ], [ -89.263236999108003, 32.472904205828087 ] ] ], [ [ [ -89.443237304150799, 32.687107086637432 ], [ -89.460227966671098, 32.672161102383754 ], [ -89.460678100781905, 32.686279296724578 ], [ -89.443237304150799, 32.687107086637432 ] ] ], [ [ [ -89.060470581123596, 32.710086822652023 ], [ -89.077537536662703, 32.695201873854018 ], [ -89.077911376856306, 32.709774017673929 ], [ -89.060470581123596, 32.710086822652023 ] ] ], [ [ [ -89.575607299692393, 32.795600891238195 ], [ -89.558776855296301, 32.781421661727634 ], [ -89.575141906798294, 32.78148269660754 ], [ -89.575607299692393, 32.795600891238195 ] ] ], [ [ [ -89.5585403441534, 32.824222565238848 ], [ -89.592453002871906, 32.809780121355537 ], [ -89.592376709853198, 32.823894500107706 ], [ -89.5585403441534, 32.824222565238848 ] ] ], [ [ [ -89.524948119886503, 32.781742096268722 ], [ -89.542160033868001, 32.824157715048969 ], [ -89.525238036771398, 32.824546813968411 ], [ -89.524948119886503, 32.781742096268722 ] ] ], [ [ [ -89.212997435846006, 32.827823639548292 ], [ -89.213584899905896, 32.768630981484122 ], [ -89.299377441103715, 32.813362121420212 ], [ -89.299789428255906, 32.827934264590091 ], [ -89.212997435846006, 32.827823639548292 ] ] ], [ [ [ -88.933822632057996, 32.846500397167219 ], [ -88.923263549442495, 32.819534302245529 ], [ -88.948265075951099, 32.827507018565569 ], [ -88.933822632057996, 32.846500397167219 ] ] ] ] } },
{ "type": "Feature", "properties": { "OBJECTID": 775, "CessionID": 10131, "Nation": "Quinault Indian Reservation", "Nation_Correct": "Quinault Indian Reservation", "Cession_Reservation": "Reservation Current", "Year": "2010", "year": 2010, "LinkRoyce": null, "LinkKappler": null, "LinkFedStatute": null, "LinkExecOrder": null, "step": 11, "scrolly_year": 2010, "event_title": "Present-day reservations", "scrolly_type": "current_reservation" }, "geometry": { "type": "Polygon", "coordinates": [ [ [ -124.35997772221701, 47.562210083127042 ], [ -123.831687926953009, 47.475975036704618 ], [ -124.130874633276008, 47.240772247285278 ], [ -124.216201782477995, 47.238040924228997 ], [ -124.31920623765798, 47.355258942294192 ], [ -124.35997772221701, 47.562210083127042 ] ] ] } },
{ "type": "Feature", "properties": { "OBJECTID": 776, "CessionID": 10019, "Nation": "Camp Verde Indian Reservation", "Nation_Correct": "Camp Verde Indian Reservation", "Cession_Reservation": "Reservation Current", "Year": "2010", "year": 2010, "LinkRoyce": null, "LinkKappler": null, "LinkFedStatute": null, "LinkExecOrder": null, "step": 11, "scrolly_year": 2010, "event_title": "Present-day reservations", "scrolly_type": "current_reservation" }, "geometry": { "type": "Polygon", "coordinates": [ [ [ -111.897941589872005, 34.629055023411091 ], [ -111.876747131621997, 34.611774443991521 ], [ -111.897964477149003, 34.614063262608695 ], [ -111.897941589872005, 34.629055023411091 ] ] ] } },
{ "type": "Feature", "properties": { "OBJECTID": 777, "CessionID": 10058, "Nation": "Grand Portage Indian Reservation", "Nation_Correct": "Grand Portage Indian Reservation", "Cession_Reservation": "Reservation Current", "Year": "2010", "year": 2010, "LinkRoyce": null, "LinkKappler": null, "LinkFedStatute": null, "LinkExecOrder": null, "step": 11, "scrolly_year": 2010, "event_title": "Present-day reservations", "scrolly_type": "current_reservation" }, "geometry": { "type": "Polygon", "coordinates": [ [ [ -89.730102538373799, 48.02091217036967 ], [ -89.644134521166805, 47.95494079554198 ], [ -89.860549926306703, 47.876430511535411 ], [ -89.887321471691607, 47.989120483477691 ], [ -89.730102538373799, 48.02091217036967 ] ] ] } },
{ "type": "Feature", "properties": { "OBJECTID": 778, "CessionID": 10032, "Nation": "Colville Indian Reservation", "Nation_Correct": "Colville Indian Reservation", "Cession_Reservation": "Reservation Current", "Year": "2010", "year": 2010, "LinkRoyce": null, "LinkKappler": null, "LinkFedStatute": null, "LinkExecOrder": null, "step": 11, "scrolly_year": 2010, "event_title": "Present-day reservations", "scrolly_type": "current_reservation" }, "geometry": { "type": "Polygon", "coordinates": [ [ [ -118.373908792584984, 47.848167437977999 ], [ -118.527160818609005, 47.882206013242879 ], [ -118.533027378860993, 47.933418327379634 ], [ -118.678199620351009, 47.952442243996074 ], [ -118.673418898699012, 48.019142915487443 ], [ -118.721923993912, 47.908325166209814 ], [ -118.822929441564, 47.965774462428321 ], [ -118.949226394594007, 47.952190492904585 ], [ -119.034904337710998, 48.118915578313114 ], [ -119.126548778656002, 48.150890429190611 ], [ -119.307235914903004, 48.112392452512019 ], [ -119.338187929464979, 48.052742028960161 ], [ -119.498207076813003, 48.083160445517485 ], [ -119.645256235799991, 47.99501038725289 ], [ -119.674186479525005, 48.080638939178577 ], [ -119.736984332356002, 48.095718312867717 ], [ -119.666114555250005, 48.15170663534888 ], [ -119.728325134464001, 48.270095898711034 ], [ -119.477943329791998, 48.411029787108632 ], [ -119.484153495640015, 48.479843175525865 ], [ -118.208992142596998, 48.480712938667068 ], [ -118.144676136936994, 48.261604307049723 ], [ -118.251189941622016, 48.065086324798266 ], [ -118.406638909961984, 48.024185258872457 ], [ -118.350272994566012, 47.890640351612362 ], [ -118.373908792584984, 47.848167437977999 ] ], [ [ -118.670753709539994, 48.025138845640541 ], [ -118.670410103944008, 48.061081019757509 ], [ -118.673418898699012, 48.019142915487443 ], [ -118.670753709539994, 48.025138845640541 ] ], [ [ -118.586013944447984, 48.1954803024841 ], [ -118.61114487596798, 48.216114102785824 ], [ -118.611740009844013, 48.195831353133741 ], [ -118.586013944447984, 48.1954803024841 ] ], [ [ -118.699989380462, 48.213130902908325 ], [ -118.672561569050004, 48.248752581734074 ], [ -118.698990004708008, 48.249092051315024 ], [ -118.699989380462, 48.213130902908325 ] ], [ [ -118.637726025225021, 48.234455053426458 ], [ -118.610092162744991, 48.252071473161102 ], [ -118.637191527631003, 48.252895414631581 ], [ -118.637726025225021, 48.234455053426458 ] ] ] } },
{ "type": "Feature", "properties": { "OBJECTID": 779, "CessionID": 10014, "Nation": "Blackfeet Indian Reservation", "Nation_Correct": "Blackfeet Indian Reservation", "Cession_Reservation": "Reservation Current", "Year": "2010", "year": 2010, "LinkRoyce": null, "LinkKappler": null, "LinkFedStatute": null, "LinkExecOrder": null, "step": 11, "scrolly_year": 2010, "event_title": "Present-day reservations", "scrolly_type": "current_reservation" }, "geometry": { "type": "Polygon", "coordinates": [ [ [ -112.366851807014001, 48.652595520020199 ], [ -112.224205017247996, 48.471099853719473 ], [ -112.327995300672001, 48.389476776102157 ], [ -112.319297790530996, 48.321769714334486 ], [ -112.522941589460004, 48.345268249228781 ], [ -112.627655029281001, 48.247295379820699 ], [ -112.898765563338003, 48.15434646596843 ], [ -112.916595458947, 48.23290634097814 ], [ -113.304985046357999, 48.4827003482648 ], [ -113.615798950135002, 49.000808715378582 ], [ -112.368087768470005, 49.000858306991795 ], [ -112.366851807014001, 48.652595520020199 ] ] ] } },
{ "type": "Feature", "properties": { "OBJECTID": 780, "CessionID": 10162, "Nation": "Shakopee Indian Reservation", "Nation_Correct": "Shakopee Indian Reservation", "Cession_Reservation": "Reservation Current", "Year": "2010", "year": 2010, "LinkRoyce": null, "LinkKappler": null, "LinkFedStatute": null, "LinkExecOrder": null, "step": 11, "scrolly_year": 2010, "event_title": "Present-day reservations", "scrolly_type": "current_reservation" }, "geometry": { "type": "Polygon", "coordinates": [ [ [ -93.440460204912497, 44.748676300228823 ], [ -93.420547485368004, 44.73361206078674 ], [ -93.441108703207703, 44.733623504113567 ], [ -93.440460204912497, 44.748676300228823 ] ] ] } },
{ "type": "Feature", "properties": { "OBJECTID": 781, "CessionID": 10025, "Nation": "Chemehuevi Indian Reservation", "Nation_Correct": "Chemehuevi Indian Reservation", "Cession_Reservation": "Reservation Current", "Year": "2010", "year": 2010, "LinkRoyce": null, "LinkKappler": null, "LinkFedStatute": null, "LinkExecOrder": null, "step": 11, "scrolly_year": 2010, "event_title": "Present-day reservations", "scrolly_type": "current_reservation" }, "geometry": { "type": "MultiPolygon", "coordinates": [ [ [ [ -114.446907043072997, 34.599712371825873 ], [ -114.378265380722993, 34.453575133844716 ], [ -114.242393493489004, 34.388435363736924 ], [ -114.402915954315006, 34.38449859619481 ], [ -114.423706054804001, 34.484737396572889 ], [ -114.462821960464012, 34.48415756202585 ], [ -114.446907043072997, 34.599712371825873 ] ] ], [ [ [ -114.475502014873001, 34.718109131294391 ], [ -114.503166198189007, 34.715148926417172 ], [ -114.502990723078, 34.726509093985101 ], [ -114.475502014873001, 34.718109131294391 ] ] ] ] } },
{ "type": "Feature", "properties": { "OBJECTID": 782, "CessionID": 10024, "Nation": "Chehalis Indian Reservation", "Nation_Correct": "Chehalis Indian Reservation", "Cession_Reservation": "Reservation Current", "Year": "2010", "year": 2010, "LinkRoyce": null, "LinkKappler": null, "LinkFedStatute": null, "LinkExecOrder": null, "step": 11, "scrolly_year": 2010, "event_title": "Present-day reservations", "scrolly_type": "current_reservation" }, "geometry": { "type": "Polygon", "coordinates": [ [ [ -123.139808654498992, 46.821437835944216 ], [ -123.168128967298998, 46.800235748222931 ], [ -123.259475707457014, 46.827804565811959 ], [ -123.227264403988016, 46.834877013949786 ], [ -123.139808654498992, 46.821437835944216 ] ] ] } },
{ "type": "Feature", "properties": { "OBJECTID": 783, "CessionID": 10113, "Nation": "Ontonagon Indian Reservation", "Nation_Correct": "Ontonagon Indian Reservation", "Cession_Reservation": "Reservation Current", "Year": "2010", "year": 2010, "LinkRoyce": null, "LinkKappler": null, "LinkFedStatute": null, "LinkExecOrder": null, "step": 11, "scrolly_year": 2010, "event_title": "Present-day reservations", "scrolly_type": "current_reservation" }, "geometry": { "type": "Polygon", "coordinates": [ [ [ -89.082756043285897, 46.984943389721593 ], [ -89.126358032168596, 46.961158752621849 ], [ -89.124374390324505, 46.994716644658638 ], [ -89.082756043285897, 46.984943389721593 ] ] ] } },
{ "type": "Feature", "properties": { "OBJECTID": 784, "CessionID": 10048, "Nation": "Fort Hall Indian Reservation", "Nation_Correct": "Fort Hall Indian Reservation", "Cession_Reservation": "Reservation Current", "Year": "2010", "year": 2010, "LinkRoyce": null, "LinkKappler": null, "LinkFedStatute": null, "LinkExecOrder": null, "step": 11, "scrolly_year": 2010, "event_title": "Present-day reservations", "scrolly_type": "current_reservation" }, "geometry": { "type": "Polygon", "coordinates": [ [ [ -112.045524597869004, 43.262779236175483 ], [ -111.944938659860995, 43.159381866537203 ], [ -111.945564269981006, 42.905536651466896 ], [ -112.301620483655995, 42.906555176485611 ], [ -112.301033020494003, 42.964305878174621 ], [ -112.538970946828996, 42.966274262097265 ], [ -112.541366577622, 42.572998046821397 ], [ -112.750228882276005, 42.588245392096134 ], [ -112.747383118269994, 42.873268127875257 ], [ -112.578140259129, 42.976402282584388 ], [ -112.660079956616002, 43.028068542188457 ], [ -112.585807800490997, 43.038829803586893 ], [ -112.503334045583998, 43.137226104797108 ], [ -112.249771118743013, 43.172702788969012 ], [ -112.144599914522018, 43.253673553087296 ], [ -112.045524597869004, 43.262779236175483 ] ] ] } },
{ "type": "Feature", "properties": { "OBJECTID": 785, "CessionID": 10056, "Nation": "Gila River Indian Reservation", "Nation_Correct": "Gila River Indian Reservation", "Cession_Reservation": "Reservation Current", "Year": "2010", "year": 2010, "LinkRoyce": null, "LinkKappler": null, "LinkFedStatute": null, "LinkExecOrder": null, "step": 11, "scrolly_year": 2010, "event_title": "Present-day reservations", "scrolly_type": "current_reservation" }, "geometry": { "type": "Polygon", "coordinates": [ [ [ -111.606994641865001, 32.969718903907882 ], [ -111.893478334188003, 33.001293155191917 ], [ -111.974952723222017, 33.106479699791279 ], [ -112.199531544251982, 33.106765759316772 ], [ -112.200439404136006, 33.248290964563246 ], [ -112.303611756687999, 33.250339541737723 ], [ -112.302482686665002, 33.385925299782635 ], [ -112.231041075736997, 33.391555742392178 ], [ -112.122581576290997, 33.291625994180599 ], [ -111.892532295904005, 33.293464718166774 ], [ -111.890464767132997, 33.203823065755685 ], [ -111.683151285140994, 33.204803487668116 ], [ -111.684043985954006, 33.119251297133822 ], [ -111.519691590253998, 33.11958692433852 ], [ -111.520271284336005, 33.023555771458575 ], [ -111.606811610126002, 33.007499724877839 ], [ -111.606994641865001, 32.969718903907882 ] ], [ [ -111.907669189165006, 33.030895178691978 ], [ -111.891235353213006, 33.045444502120311 ], [ -111.907653749370994, 33.045459797478088 ], [ -111.907669189165006, 33.030895178691978 ] ], [ [ -111.957969792053007, 33.106475819815977 ], [ -111.941002019953004, 33.091453505236252 ], [ -111.940445064477004, 33.106018099102911 ], [ -111.957969792053007, 33.106475819815977 ] ], [ [ -111.936080936536996, 33.17557520163497 ], [ -111.89273076743801, 33.185844447232988 ], [ -111.935966401339002, 33.197410591432288 ], [ -111.936080936536996, 33.17557520163497 ] ] ] } },
{ "type": "Feature", "properties": { "OBJECTID": 786, "CessionID": 10198, "Nation": "X. L. Rancheria", "Nation_Correct": "X. L. Rancheria", "Cession_Reservation": "Reservation Current", "Year": "2010", "year": 2010, "LinkRoyce": null, "LinkKappler": null, "LinkFedStatute": null, "LinkExecOrder": null, "step": 11, "scrolly_year": 2010, "event_title": "Present-day reservations", "scrolly_type": "current_reservation" }, "geometry": { "type": "MultiPolygon", "coordinates": [ [ [ [ -120.565406799461996, 41.538181304366319 ], [ -120.585289001440003, 41.514862060025735 ], [ -120.584426880177006, 41.538475036941044 ], [ -120.565406799461996, 41.538181304366319 ] ] ], [ [ [ -120.468818664506003, 41.562999725244005 ], [ -120.477348328029009, 41.558849335268889 ], [ -120.478027343891014, 41.563385010172304 ], [ -120.468818664506003, 41.562999725244005 ] ] ], [ [ [ -120.406959533180995, 41.57298660263767 ], [ -120.406913756831003, 41.569355011070975 ], [ -120.424751281831007, 41.572856902902082 ], [ -120.406959533180995, 41.57298660263767 ] ] ], [ [ [ -120.570930481754004, 41.57898712183389 ], [ -120.58064270009298, 41.571643829421504 ], [ -120.585662841632981, 41.578865051023222 ], [ -120.570930481754004, 41.57898712183389 ] ] ], [ [ [ -120.425003051757017, 41.591922760198685 ], [ -120.443923950379002, 41.537769317912087 ], [ -120.394775391030009, 41.532215118803904 ], [ -120.473533630378014, 41.50440979028604 ], [ -120.425003051757017, 41.591922760198685 ] ] ], [ [ [ -120.891387939344995, 41.703941344956171 ], [ -120.872650146124002, 41.689163208385132 ], [ -120.891098022460014, 41.689418793248009 ], [ -120.891387939344995, 41.703941344956171 ] ] ], [ [ [ -120.512641906645982, 41.793746948630471 ], [ -120.512435913069993, 41.779670715576366 ], [ -120.517562866993018, 41.793708801022298 ], [ -120.512641906645982, 41.793746948630471 ] ] ], [ [ [ -120.470352172239004, 41.807693482029954 ], [ -120.467056274122996, 41.792278289844809 ], [ -120.497268676066994, 41.795227050797934 ], [ -120.470352172239004, 41.807693482029954 ] ] ] ] } },
{ "type": "Feature", "properties": { "OBJECTID": 787, "CessionID": 10072, "Nation": "Jicarilla Apache Indian Reservation", "Nation_Correct": "Jicarilla Apache Indian Reservation", "Cession_Reservation": "Reservation Current", "Year": "2010", "year": 2010, "LinkRoyce": null, "LinkKappler": null, "LinkFedStatute": null, "LinkExecOrder": null, "step": 11, "scrolly_year": 2010, "event_title": "Present-day reservations", "scrolly_type": "current_reservation" }, "geometry": { "type": "MultiPolygon", "coordinates": [ [ [ [ -106.414398192844004, 36.850097656596361 ], [ -106.568481445271004, 36.815799712929383 ], [ -106.57292175304201, 36.908077240064713 ], [ -106.483062744267016, 36.920238494401971 ], [ -106.414398192844004, 36.850097656596361 ] ] ], [ [ [ -106.980735778927993, 36.999126434607767 ], [ -106.981269836346996, 36.905307769833016 ], [ -106.789627075067003, 36.875583648696086 ], [ -106.748138427686996, 36.813934326567619 ], [ -106.717529296476002, 36.853454590059606 ], [ -106.574714660092994, 36.833923339721906 ], [ -106.562187195315005, 36.775085449496729 ], [ -106.584045409745002, 36.73626709033821 ], [ -106.746177673120016, 36.707435607850407 ], [ -106.765533447069998, 36.634757995517269 ], [ -106.712722777904006, 36.568870544826694 ], [ -106.771812439140007, 36.520435333523309 ], [ -107.081573486861998, 36.5203094482479 ], [ -107.082061767032997, 36.435043334374342 ], [ -107.189033508595998, 36.436748505011387 ], [ -107.194282531887012, 36.262069702056415 ], [ -106.987106322800997, 36.259880065717354 ], [ -106.987716675035998, 36.087951660364631 ], [ -107.407875061197004, 36.087814331092204 ], [ -107.406898498160004, 36.525554656711684 ], [ -107.188110351301006, 36.523384094228042 ], [ -107.190483093020006, 36.999050140408308 ], [ -106.980735778927993, 36.999126434607767 ] ] ] ] } },
{ "type": "Feature", "properties": { "OBJECTID": 788, "CessionID": 10134, "Nation": "Red Cliff Indian Reservation", "Nation_Correct": "Red Cliff Indian Reservation", "Cession_Reservation": "Reservation Current", "Year": "2010", "year": 2010, "LinkRoyce": null, "LinkKappler": null, "LinkFedStatute": null, "LinkExecOrder": null, "step": 11, "scrolly_year": 2010, "event_title": "Present-day reservations", "scrolly_type": "current_reservation" }, "geometry": { "type": "MultiPolygon", "coordinates": [ [ [ [ -90.973388671949706, 46.934463501091692 ], [ -90.909881591117497, 46.914878845074981 ], [ -90.983489990164401, 46.91530609138271 ], [ -90.973388671949706, 46.934463501091692 ] ] ], [ [ [ -90.919647216995401, 46.92930603054338 ], [ -90.924125671724596, 46.929298401557965 ], [ -90.915031433215404, 46.936447143711803 ], [ -90.919647216995401, 46.92930603054338 ] ] ], [ [ [ -90.83689880398741, 46.951290130487507 ], [ -90.756027221339593, 46.891921997140841 ], [ -90.791000366403907, 46.847541809084184 ], [ -90.810958862298605, 46.913600922188607 ], [ -90.904571533590399, 46.932983398286986 ], [ -90.83689880398741, 46.951290130487507 ] ] ] ] } },
{ "type": "Feature", "properties": { "OBJECTID": 789, "CessionID": 10004, "Nation": "Alamo Navajo Indian Reservation", "Nation_Correct": "Alamo Navajo Indian Reservation", "Cession_Reservation": "Reservation Current", "Year": "2010", "year": 2010, "LinkRoyce": null, "LinkKappler": null, "LinkFedStatute": null, "LinkExecOrder": null, "step": 11, "scrolly_year": 2010, "event_title": "Present-day reservations", "scrolly_type": "current_reservation" }, "geometry": { "type": "MultiPolygon", "coordinates": [ [ [ [ -107.527725220454002, 34.322467804298746 ], [ -107.511299133819008, 34.307685851989582 ], [ -107.527984618874001, 34.307468414263667 ], [ -107.527725220454002, 34.322467804298746 ] ] ], [ [ [ -107.511024474818996, 34.322235106877017 ], [ -107.545036315630014, 34.409484863322376 ], [ -107.510475158616003, 34.436748504406403 ], [ -107.562896728805001, 34.466503143424497 ], [ -107.529464721764015, 34.523738861596208 ], [ -107.405143737168999, 34.497131347284601 ], [ -107.42244720474902, 34.437400818255504 ], [ -107.352592468219001, 34.425514220837343 ], [ -107.422843933118003, 34.306983947679193 ], [ -107.511024474818996, 34.322235106877017 ] ] ] ] } },
{ "type": "Feature", "properties": { "OBJECTID": 790, "CessionID": 10195, "Nation": "White Earth Indian Reservation", "Nation_Correct": "White Earth Indian Reservation", "Cession_Reservation": "Reservation Current", "Year": "2010", "year": 2010, "LinkRoyce": null, "LinkKappler": null, "LinkFedStatute": null, "LinkExecOrder": null, "step": 11, "scrolly_year": 2010, "event_title": "Present-day reservations", "scrolly_type": "current_reservation" }, "geometry": { "type": "Polygon", "coordinates": [ [ [ -96.068008441664503, 46.976905911670904 ], [ -96.067886326930605, 47.501319820196706 ], [ -95.296516467186407, 47.50059137219047 ], [ -95.298187333614905, 46.977649639707849 ], [ -96.068008441664503, 46.976905911670904 ] ], [ [ -95.615326035008707, 47.164653700710844 ], [ -95.572204655582695, 47.192878724702311 ], [ -95.614898773801698, 47.192687963601536 ], [ -95.615326035008707, 47.164653700710844 ] ] ] } },
{ "type": "Feature", "properties": { "OBJECTID": 791, "CessionID": 10140, "Nation": "Rosebud Indian Reservation", "Nation_Correct": "Rosebud Indian Reservation", "Cession_Reservation": "Reservation Current", "Year": "2010", "year": 2010, "LinkRoyce": null, "LinkKappler": null, "LinkFedStatute": null, "LinkExecOrder": null, "step": 11, "scrolly_year": 2010, "event_title": "Present-day reservations", "scrolly_type": "current_reservation" }, "geometry": { "type": "Polygon", "coordinates": [ [ [ -100.215644836332004, 43.388275146137943 ], [ -100.197845459188997, 42.997924804735533 ], [ -101.227699279782001, 42.9958190915644 ], [ -101.228080750266017, 43.388389587233519 ], [ -100.215644836332004, 43.388275146137943 ] ] ] } },
{ "type": "Feature", "properties": { "OBJECTID": 792, "CessionID": 10204, "Nation": "Yurok Indian Reservation", "Nation_Correct": "Yurok Indian Reservation", "Cession_Reservation": "Reservation Current", "Year": "2010", "year": 2010, "LinkRoyce": null, "LinkKappler": null, "LinkFedStatute": null, "LinkExecOrder": null, "step": 11, "scrolly_year": 2010, "event_title": "Present-day reservations", "scrolly_type": "current_reservation" }, "geometry": { "type": "Polygon", "coordinates": [ [ [ -123.993850707895021, 41.538417816475395 ], [ -123.830192565280015, 41.344135284917172 ], [ -123.840476989793999, 41.292453765305972 ], [ -123.672813415635005, 41.189018249778002 ], [ -123.786842346323994, 41.195236206346763 ], [ -123.794914245445995, 41.257652283223401 ], [ -123.89472961489102, 41.29877853383028 ], [ -123.970031737999008, 41.472908020445885 ], [ -124.090545654335017, 41.558414458629187 ], [ -123.993850707895021, 41.538417816475395 ] ] ] } },
{ "type": "Feature", "properties": { "OBJECTID": 793, "CessionID": 10044, "Nation": "Fort Apache Indian Reservation", "Nation_Correct": "Fort Apache Indian Reservation", "Cession_Reservation": "Reservation Current", "Year": "2010", "year": 2010, "LinkRoyce": null, "LinkKappler": null, "LinkFedStatute": null, "LinkExecOrder": null, "step": 11, "scrolly_year": 2010, "event_title": "Present-day reservations", "scrolly_type": "current_reservation" }, "geometry": { "type": "Polygon", "coordinates": [ [ [ -110.507850647151002, 34.303794861055032 ], [ -110.283317565640999, 34.219341277769672 ], [ -110.194770813138007, 34.251632690416926 ], [ -110.038063049963, 34.205001831450396 ], [ -109.967285156138004, 34.106964110744585 ], [ -109.664146423114005, 34.148986816454268 ], [ -109.516616821756998, 34.02179717992589 ], [ -109.568641661780006, 33.917861938838961 ], [ -109.491233825663002, 33.914844512364496 ], [ -109.526840210239001, 33.629512786505117 ], [ -109.675033569572989, 33.579822539999 ], [ -109.763809203826, 33.481945037439907 ], [ -109.878471374925994, 33.578296661305721 ], [ -110.074424743419996, 33.588565826439705 ], [ -110.23506164601902, 33.749877929545413 ], [ -110.375076293849006, 33.8165092465374 ], [ -110.620903015701998, 33.825618744254349 ], [ -110.739585876231004, 33.699192047723486 ], [ -110.781997680006995, 33.846981048623888 ], [ -110.778823852157998, 34.298320770402206 ], [ -110.76279449479, 34.25679779027169 ], [ -110.507850647151002, 34.303794861055032 ] ] ] } },
{ "type": "Feature", "properties": { "OBJECTID": 794, "CessionID": 10190, "Nation": "Ute Mountain Indian Reservation", "Nation_Correct": "Ute Mountain Indian Reservation", "Cession_Reservation": "Reservation Current", "Year": "2010", "year": 2010, "LinkRoyce": null, "LinkKappler": null, "LinkFedStatute": null, "LinkExecOrder": null, "step": 11, "scrolly_year": 2010, "event_title": "Present-day reservations", "scrolly_type": "current_reservation" }, "geometry": { "type": "Polygon", "coordinates": [ [ [ -108.681610106961017, 37.33980560309999 ], [ -108.681236267665994, 37.216915130245084 ], [ -108.552680969775011, 37.266906738227092 ], [ -108.545234679874014, 37.156520843477772 ], [ -108.440872192073002, 37.156486510950195 ], [ -108.44127654983302, 37.215641022254459 ], [ -108.307723999475002, 37.21508407662342 ], [ -108.246452331312014, 36.850681305180593 ], [ -108.535202026185019, 36.849945068607305 ], [ -108.536216735281997, 36.998279571374198 ], [ -109.044883727886003, 36.998630524171027 ], [ -109.044708251876997, 37.237339019968886 ], [ -108.926048278623995, 37.238006591898262 ], [ -108.879669189363, 37.324836731199625 ], [ -108.681610106961017, 37.33980560309999 ] ] ] } },
{ "type": "Feature", "properties": { "OBJECTID": 795, "CessionID": 10188, "Nation": "Umatilla Indian Reservation", "Nation_Correct": "Umatilla Indian Reservation", "Cession_Reservation": "Reservation Current", "Year": "2010", "year": 2010, "LinkRoyce": null, "LinkKappler": null, "LinkFedStatute": null, "LinkExecOrder": null, "step": 11, "scrolly_year": 2010, "event_title": "Present-day reservations", "scrolly_type": "current_reservation" }, "geometry": { "type": "Polygon", "coordinates": [ [ [ -118.519104003996986, 45.789840698146037 ], [ -118.307136536019996, 45.742656707768077 ], [ -118.394699096991999, 45.573440551837386 ], [ -118.623146056449016, 45.573604583838048 ], [ -118.613510131127995, 45.499858855846611 ], [ -118.750694274633986, 45.499420165699085 ], [ -118.747398376518021, 45.674507141743604 ], [ -118.644668579439994, 45.689147949096139 ], [ -118.519104003996986, 45.789840698146037 ] ] ] } },
{ "type": "Feature", "properties": { "OBJECTID": 796, "CessionID": 10121, "Nation": "Picuris Indian Reservation", "Nation_Correct": "Picuris Indian Reservation", "Cession_Reservation": "Reservation Current", "Year": "2010", "year": 2010, "LinkRoyce": null, "LinkKappler": null, "LinkFedStatute": null, "LinkExecOrder": null, "step": 11, "scrolly_year": 2010, "event_title": "Present-day reservations", "scrolly_type": "current_reservation" }, "geometry": { "type": "Polygon", "coordinates": [ [ [ -105.660377501572, 36.164592742613316 ], [ -105.752120971894996, 36.163452148093398 ], [ -105.751876831359994, 36.239204406484397 ], [ -105.660606384220998, 36.239891052253896 ], [ -105.660377501572, 36.164592742613316 ] ] ] } },
{ "type": "Feature", "properties": { "OBJECTID": 797, "CessionID": 10191, "Nation": "Vermillion Lake Indian Reservation", "Nation_Correct": "Vermillion Lake Indian Reservation", "Cession_Reservation": "Reservation Current", "Year": "2010", "year": 2010, "LinkRoyce": null, "LinkKappler": null, "LinkFedStatute": null, "LinkExecOrder": null, "step": 11, "scrolly_year": 2010, "event_title": "Present-day reservations", "scrolly_type": "current_reservation" }, "geometry": { "type": "Polygon", "coordinates": [ [ [ -92.3015823363869, 47.829582215003192 ], [ -92.353912353875216, 47.802864074529012 ], [ -92.352127075317199, 47.827247619695903 ], [ -92.3015823363869, 47.829582215003192 ] ] ] } },
{ "type": "Feature", "properties": { "OBJECTID": 798, "CessionID": 10199, "Nation": "Yakama Indian Reservation", "Nation_Correct": "Yakama Indian Reservation", "Cession_Reservation": "Reservation Current", "Year": "2010", "year": 2010, "LinkRoyce": null, "LinkKappler": null, "LinkFedStatute": null, "LinkExecOrder": null, "step": 11, "scrolly_year": 2010, "event_title": "Present-day reservations", "scrolly_type": "current_reservation" }, "geometry": { "type": "Polygon", "coordinates": [ [ [ -121.405288877917002, 45.884826654137669 ], [ -121.455368270666, 45.912853259102583 ], [ -121.402442902807991, 46.012985149197995 ], [ -121.500488401598986, 46.34705735117182 ], [ -121.499801751852999, 46.388759595021462 ], [ -121.385482710242997, 46.411544779233473 ], [ -121.429397414354995, 46.489162449583304 ], [ -121.31748192757702, 46.455043788455001 ], [ -121.212623830249996, 46.514297573749708 ], [ -121.107688814675996, 46.442390477867498 ], [ -120.920959385248992, 46.521923075930324 ], [ -120.507118447137003, 46.552368244315396 ], [ -120.147163512790002, 46.317737524790715 ], [ -120.146858085594019, 46.250862140922827 ], [ -120.004966940678997, 46.238056235473117 ], [ -120.124717982522995, 46.098316115025433 ], [ -120.452033753915003, 46.025127362822261 ], [ -120.496581770301006, 45.979362458100013 ], [ -120.869926655404996, 46.012271976614578 ], [ -121.197815102790997, 45.987182649767725 ], [ -121.405288877917002, 45.884826654137669 ] ], [ [ -121.383560315535007, 45.92295065315237 ], [ -121.259704534289995, 45.959850273894467 ], [ -121.259460304822014, 45.996009809581956 ], [ -121.353019841662999, 45.989501965893538 ], [ -121.383560315535007, 45.92295065315237 ] ], [ [ -120.374862856538016, 46.302566511352936 ], [ -120.255767584852009, 46.3097343730795 ], [ -120.374816817880003, 46.32455445309219 ], [ -120.374862856538016, 46.302566511352936 ] ], [ [ -120.609131130801998, 46.345180557774214 ], [ -120.545257545418011, 46.31636054253547 ], [ -120.545280564748012, 46.3461380502008 ], [ -120.609131130801998, 46.345180557774214 ] ] ] } },
{ "type": "Feature", "properties": { "OBJECTID": 799, "CessionID": 10143, "Nation": "Sac And Fox Indian Reservation", "Nation_Correct": "Sac And Fox Indian Reservation", "Cession_Reservation": "Reservation Current", "Year": "2010", "year": 2010, "LinkRoyce": null, "LinkKappler": null, "LinkFedStatute": null, "LinkExecOrder": null, "step": 11, "scrolly_year": 2010, "event_title": "Present-day reservations", "scrolly_type": "current_reservation" }, "geometry": { "type": "Polygon", "coordinates": [ [ [ -95.422813414826095, 40.005634307519273 ], [ -95.539375305358803, 39.979179382978913 ], [ -95.559280395511607, 40.022048950468104 ], [ -95.4898223873506, 40.046356201074119 ], [ -95.422813414826095, 40.005634307519273 ] ] ] } },
{ "type": "Feature", "properties": { "OBJECTID": 800, "CessionID": 10186, "Nation": "Tuscarora Indian Reservation", "Nation_Correct": "Tuscarora Indian Reservation", "Cession_Reservation": "Reservation Current", "Year": "2010", "year": 2010, "LinkRoyce": null, "LinkKappler": null, "LinkFedStatute": null, "LinkExecOrder": null, "step": 11, "scrolly_year": 2010, "event_title": "Present-day reservations", "scrolly_type": "current_reservation" }, "geometry": { "type": "Polygon", "coordinates": [ [ [ -78.913581848065803, 43.14331436156899 ], [ -78.970741271403597, 43.143180846561314 ], [ -78.997474670728295, 43.174785614043209 ], [ -78.927093506170607, 43.187568663999194 ], [ -78.913581848065803, 43.14331436156899 ] ] ] } },
{ "type": "Feature", "properties": { "OBJECTID": 801, "CessionID": 10101, "Nation": "Moapa River Indian Reservation", "Nation_Correct": "Moapa River Indian Reservation", "Cession_Reservation": "Reservation Current", "Year": "2010", "year": 2010, "LinkRoyce": null, "LinkKappler": null, "LinkFedStatute": null, "LinkExecOrder": null, "step": 11, "scrolly_year": 2010, "event_title": "Present-day reservations", "scrolly_type": "current_reservation" }, "geometry": { "type": "Polygon", "coordinates": [ [ [ -114.636169433243012, 36.696205139572712 ], [ -114.65431213391102, 36.490215301146961 ], [ -114.867324829450993, 36.490089416553751 ], [ -114.867652893294007, 36.578559875212143 ], [ -114.76335144062601, 36.578041076040655 ], [ -114.762977600431981, 36.666950225458336 ], [ -114.636169433243012, 36.696205139572712 ] ] ] } },
{ "type": "Feature", "properties": { "OBJECTID": 802, "CessionID": 10178, "Nation": "Te-Moak Indian Reservation", "Nation_Correct": "Te-Moak Indian Reservation", "Cession_Reservation": "Reservation Current", "Year": "2010", "year": 2010, "LinkRoyce": null, "LinkKappler": null, "LinkFedStatute": null, "LinkExecOrder": null, "step": 11, "scrolly_year": 2010, "event_title": "Present-day reservations", "scrolly_type": "current_reservation" }, "geometry": { "type": "MultiPolygon", "coordinates": [ [ [ [ -115.679412841673994, 40.593997955416818 ], [ -115.538017273047018, 40.605953216547071 ], [ -115.58804321334101, 40.592197417992487 ], [ -115.567985534455985, 40.550613403192123 ], [ -115.679412841673994, 40.593997955416818 ] ] ], [ [ [ -116.957504271900007, 40.655338287477093 ], [ -116.938713073835004, 40.655708313049885 ], [ -116.93817138702299, 40.647994995430636 ], [ -116.957504271900007, 40.655338287477093 ] ] ], [ [ [ -116.958000182361005, 40.669853210413613 ], [ -116.975685119527014, 40.654960632460501 ], [ -116.976181029987984, 40.669929504054991 ], [ -116.958000182361005, 40.669853210413613 ] ] ], [ [ [ -115.679450988632013, 40.711036681909313 ], [ -115.660469055774996, 40.694435119940067 ], [ -115.679267884130013, 40.694702148282531 ], [ -115.679450988632013, 40.711036681909313 ] ] ], [ [ [ -115.640624999856982, 40.711383819531584 ], [ -115.621681213957984, 40.693866729568263 ], [ -115.641075133968002, 40.694152831768797 ], [ -115.640624999856982, 40.711383819531584 ] ] ], [ [ [ -115.717643737896012, 40.71157836901773 ], [ -115.698661804140002, 40.694980621356819 ], [ -115.717445373711001, 40.695243835439349 ], [ -115.717643737896012, 40.71157836901773 ] ] ], [ [ [ -115.698722839273003, 40.740345001397415 ], [ -115.717292785877007, 40.725639343183943 ], [ -115.717536926411995, 40.74015808080258 ], [ -115.698722839273003, 40.740345001397415 ] ] ] ] } },
{ "type": "Feature", "properties": { "OBJECTID": 803, "CessionID": 10078, "Nation": "La Jolla Indian Reservation", "Nation_Correct": "La Jolla Indian Reservation", "Cession_Reservation": "Reservation Current", "Year": "2010", "year": 2010, "LinkRoyce": null, "LinkKappler": null, "LinkFedStatute": null, "LinkExecOrder": null, "step": 11, "scrolly_year": 2010, "event_title": "Present-day reservations", "scrolly_type": "current_reservation" }, "geometry": { "type": "Polygon", "coordinates": [ [ [ -116.841285705790995, 33.301086426100404 ], [ -116.839523315408002, 33.255531311260327 ], [ -116.927383422657002, 33.255264282154627 ], [ -116.909500121307005, 33.2980995179107 ], [ -116.876319885989005, 33.271858215123636 ], [ -116.894088745565, 33.299114227064678 ], [ -116.841285705790995, 33.301086426100404 ] ] ] } },
{ "type": "Feature", "properties": { "OBJECTID": 804, "CessionID": 10028, "Nation": "Cochiti Indian Reservation", "Nation_Correct": "Cochiti Indian Reservation", "Cession_Reservation": "Reservation Current", "Year": "2010", "year": 2010, "LinkRoyce": null, "LinkKappler": null, "LinkFedStatute": null, "LinkExecOrder": null, "step": 11, "scrolly_year": 2010, "event_title": "Present-day reservations", "scrolly_type": "current_reservation" }, "geometry": { "type": "Polygon", "coordinates": [ [ [ -106.223846407515012, 35.54647447926979 ], [ -106.367523164600001, 35.569259671454041 ], [ -106.438049336109003, 35.641170499376024 ], [ -106.388236981614995, 35.640892055204766 ], [ -106.388999917979007, 35.677642799542511 ], [ -106.223655726060002, 35.675804133323808 ], [ -106.223846407515012, 35.54647447926979 ] ], [ [ -106.303817732609005, 35.617088337305745 ], [ -106.298347483795013, 35.663387295793321 ], [ -106.319740300839001, 35.635650656021909 ], [ -106.303817732609005, 35.617088337305745 ] ] ] } },
{ "type": "Feature", "properties": { "OBJECTID": 805, "CessionID": 10197, "Nation": "Winnebago Indian Reservation", "Nation_Correct": "Winnebago Indian Reservation", "Cession_Reservation": "Reservation Current", "Year": "2010", "year": 2010, "LinkRoyce": null, "LinkKappler": null, "LinkFedStatute": null, "LinkExecOrder": null, "step": 11, "scrolly_year": 2010, "event_title": "Present-day reservations", "scrolly_type": "current_reservation" }, "geometry": { "type": "MultiPolygon", "coordinates": [ [ [ [ -96.3127670284658, 42.214824676398734 ], [ -96.824005126973518, 42.162395477416894 ], [ -96.824851989453094, 42.279678344245006 ], [ -96.334793090411694, 42.279956817601999 ], [ -96.3127670284658, 42.214824676398734 ] ] ], [ [ [ -90.701026916753506, 44.294631958108639 ], [ -90.68097686726, 44.279766082526244 ], [ -90.701408386338898, 44.280040740930481 ], [ -90.701026916753506, 44.294631958108639 ] ] ] ] } },
{ "type": "Feature", "properties": { "OBJECTID": 806, "CessionID": 10067, "Nation": "Inaja Indian Reservation", "Nation_Correct": "Inaja Indian Reservation", "Cession_Reservation": "Reservation Current", "Year": "2010", "year": 2010, "LinkRoyce": null, "LinkKappler": null, "LinkFedStatute": null, "LinkExecOrder": null, "step": 11, "scrolly_year": 2010, "event_title": "Present-day reservations", "scrolly_type": "current_reservation" }, "geometry": { "type": "Polygon", "coordinates": [ [ [ -116.633262634223996, 33.009696960816186 ], [ -116.646781921721001, 32.999107360278622 ], [ -116.650901795039999, 33.021526337121927 ], [ -116.633262634223996, 33.009696960816186 ] ] ] } },
{ "type": "Feature", "properties": { "OBJECTID": 807, "CessionID": 10129, "Nation": "Pyramid Lake Indian Reservation", "Nation_Correct": "Pyramid Lake Indian Reservation", "Cession_Reservation": "Reservation Current", "Year": "2010", "year": 2010, "LinkRoyce": null, "LinkKappler": null, "LinkFedStatute": null, "LinkExecOrder": null, "step": 11, "scrolly_year": 2010, "event_title": "Present-day reservations", "scrolly_type": "current_reservation" }, "geometry": { "type": "Polygon", "coordinates": [ [ [ -119.287948664668008, 39.604480797722601 ], [ -119.395606979169997, 39.792877196229085 ], [ -119.579834039084005, 39.869319955527985 ], [ -119.684783933003999, 39.970027970323621 ], [ -119.828391983006, 40.381557563507762 ], [ -119.502983026166007, 40.359458894155011 ], [ -119.338516235628987, 40.159225407545776 ], [ -119.391128596754996, 39.963901554096907 ], [ -119.244712890404998, 39.66856772077471 ], [ -119.287948664668008, 39.604480797722601 ] ], [ [ -119.506423994789003, 39.944881532166853 ], [ -119.52008821243102, 39.961440936148627 ], [ -119.521476811354006, 39.946910813207012 ], [ -119.506423994789003, 39.944881532166853 ] ] ] } },
{ "type": "Feature", "properties": { "OBJECTID": 808, "CessionID": 10041, "Nation": "Flandreau Indian Reservation", "Nation_Correct": "Flandreau Indian Reservation", "Cession_Reservation": "Reservation Current", "Year": "2010", "year": 2010, "LinkRoyce": null, "LinkKappler": null, "LinkFedStatute": null, "LinkExecOrder": null, "step": 11, "scrolly_year": 2010, "event_title": "Present-day reservations", "scrolly_type": "current_reservation" }, "geometry": { "type": "Polygon", "coordinates": [ [ [ -96.565505981900699, 44.103446960224218 ], [ -96.549949645919796, 44.053279876335218 ], [ -96.605796813883799, 44.0676994323237 ], [ -96.565505981900699, 44.103446960224218 ] ] ] } },
{ "type": "Feature", "properties": { "OBJECTID": 809, "CessionID": 10153, "Nation": "Sandia Indian Reservation", "Nation_Correct": "Sandia Indian Reservation", "Cession_Reservation": "Reservation Current", "Year": "2010", "year": 2010, "LinkRoyce": null, "LinkKappler": null, "LinkFedStatute": null, "LinkExecOrder": null, "step": 11, "scrolly_year": 2010, "event_title": "Present-day reservations", "scrolly_type": "current_reservation" }, "geometry": { "type": "Polygon", "coordinates": [ [ [ -106.501945495930997, 35.203395843902307 ], [ -106.463577270658007, 35.186759948445591 ], [ -106.604370117339997, 35.204730987841778 ], [ -106.550514220612001, 35.307128906683502 ], [ -106.479293822966994, 35.270675659512541 ], [ -106.501945495930997, 35.203395843902307 ] ] ] } },
{ "type": "Feature", "properties": { "OBJECTID": 810, "CessionID": 10184, "Nation": "Tule River Indian Reservation", "Nation_Correct": "Tule River Indian Reservation", "Cession_Reservation": "Reservation Current", "Year": "2010", "year": 2010, "LinkRoyce": null, "LinkKappler": null, "LinkFedStatute": null, "LinkExecOrder": null, "step": 11, "scrolly_year": 2010, "event_title": "Present-day reservations", "scrolly_type": "current_reservation" }, "geometry": { "type": "Polygon", "coordinates": [ [ [ -118.627662659034996, 35.988250732756683 ], [ -118.823303222469008, 35.981357574860816 ], [ -118.822685241740999, 36.050762176072986 ], [ -118.627593993611001, 36.101177215511598 ], [ -118.627662659034996, 35.988250732756683 ] ] ] } },
{ "type": "Feature", "properties": { "OBJECTID": 811, "CessionID": 10152, "Nation": "San Xavier Indian Reservation", "Nation_Correct": "San Xavier Indian Reservation", "Cession_Reservation": "Reservation Current", "Year": "2010", "year": 2010, "LinkRoyce": null, "LinkKappler": null, "LinkFedStatute": null, "LinkExecOrder": null, "step": 11, "scrolly_year": 2010, "event_title": "Present-day reservations", "scrolly_type": "current_reservation" }, "geometry": { "type": "Polygon", "coordinates": [ [ [ -111.00860595696102, 32.152946471986709 ], [ -110.958129882555994, 32.122406005727115 ], [ -110.958602904841001, 32.002502441799798 ], [ -111.211982727180001, 32.001827240161013 ], [ -111.210952758401021, 32.106227875256323 ], [ -111.025939941209003, 32.107513428148593 ], [ -111.00860595696102, 32.152946471986709 ] ] ] } },
{ "type": "Feature", "properties": { "OBJECTID": 812, "CessionID": 10166, "Nation": "Soboba Indian Reservation", "Nation_Correct": "Soboba Indian Reservation", "Cession_Reservation": "Reservation Current", "Year": "2010", "year": 2010, "LinkRoyce": null, "LinkKappler": null, "LinkFedStatute": null, "LinkExecOrder": null, "step": 11, "scrolly_year": 2010, "event_title": "Present-day reservations", "scrolly_type": "current_reservation" }, "geometry": { "type": "Polygon", "coordinates": [ [ [ -116.893707275978997, 33.774585724085298 ], [ -116.858016968094006, 33.751483917553905 ], [ -116.927780151924011, 33.780353546225335 ], [ -116.884910582847994, 33.806228637633886 ], [ -116.893707275978997, 33.774585724085298 ] ] ] } },
{ "type": "Feature", "properties": { "OBJECTID": 813, "CessionID": 10171, "Nation": "Squaxin Island Indian Reservation", "Nation_Correct": "Squaxin Island Indian Reservation", "Cession_Reservation": "Reservation Current", "Year": "2010", "year": 2010, "LinkRoyce": null, "LinkKappler": null, "LinkFedStatute": null, "LinkExecOrder": null, "step": 11, "scrolly_year": 2010, "event_title": "Present-day reservations", "scrolly_type": "current_reservation" }, "geometry": { "type": "Polygon", "coordinates": [ [ [ -122.908432006829997, 47.205017089597227 ], [ -122.891738891485019, 47.168090819981074 ], [ -122.927230834287002, 47.226287841999508 ], [ -122.908432006829997, 47.205017089597227 ] ] ] } },
{ "type": "Feature", "properties": { "OBJECTID": 814, "CessionID": 10086, "Nation": "Los Coyotes Indian Reservation", "Nation_Correct": "Los Coyotes Indian Reservation", "Cession_Reservation": "Reservation Current", "Year": "2010", "year": 2010, "LinkRoyce": null, "LinkKappler": null, "LinkFedStatute": null, "LinkExecOrder": null, "step": 11, "scrolly_year": 2010, "event_title": "Present-day reservations", "scrolly_type": "current_reservation" }, "geometry": { "type": "Polygon", "coordinates": [ [ [ -116.566757197846997, 33.238399494966615 ], [ -116.614830013919999, 33.274673461731119 ], [ -116.616210928036011, 33.34207535196883 ], [ -116.501861568286003, 33.342330946403415 ], [ -116.500274673281993, 33.254432678591797 ], [ -116.566757197846997, 33.238399494966615 ] ], [ [ -116.600280745180996, 33.282047272219593 ], [ -116.583862313932002, 33.295288092917808 ], [ -116.597015369122985, 33.296073910339089 ], [ -116.600280745180996, 33.282047272219593 ] ] ] } },
{ "type": "Feature", "properties": { "OBJECTID": 815, "CessionID": 10175, "Nation": "Susanville Rancheria", "Nation_Correct": "Susanville Rancheria", "Cession_Reservation": "Reservation Current", "Year": "2010", "year": 2010, "LinkRoyce": null, "LinkKappler": null, "LinkFedStatute": null, "LinkExecOrder": null, "step": 11, "scrolly_year": 2010, "event_title": "Present-day reservations", "scrolly_type": "current_reservation" }, "geometry": { "type": "Polygon", "coordinates": [ [ [ -120.663787841469997, 40.439769745130334 ], [ -120.644218444551996, 40.424983978216083 ], [ -120.663551330326982, 40.425258636137478 ], [ -120.663787841469997, 40.439769745130334 ] ] ] } },
{ "type": "Feature", "properties": { "OBJECTID": 816, "CessionID": 10118, "Nation": "Passamaquoddy Indian Reservation", "Nation_Correct": "Passamaquoddy Indian Reservation", "Cession_Reservation": "Reservation Current", "Year": "2010", "year": 2010, "LinkRoyce": null, "LinkKappler": null, "LinkFedStatute": null, "LinkExecOrder": null, "step": 11, "scrolly_year": 2010, "event_title": "Present-day reservations", "scrolly_type": "current_reservation" }, "geometry": { "type": "MultiPolygon", "coordinates": [ [ [ [ -67.055038452898103, 44.973278045485749 ], [ -67.046478271808496, 44.957172393630742 ], [ -67.066421508919817, 44.958831786700884 ], [ -67.055038452898103, 44.973278045485749 ] ] ], [ [ [ -67.551200866204297, 45.324832916415005 ], [ -67.54064941387881, 45.243850708200192 ], [ -67.663375854708221, 45.19396209691525 ], [ -67.692306518844802, 45.303428649822578 ], [ -67.551200866204297, 45.324832916415005 ] ] ] ] } },
{ "type": "Feature", "properties": { "OBJECTID": 817, "CessionID": 10155, "Nation": "Santa Clara Indian Reservation", "Nation_Correct": "Santa Clara Indian Reservation", "Cession_Reservation": "Reservation Current", "Year": "2010", "year": 2010, "LinkRoyce": null, "LinkKappler": null, "LinkFedStatute": null, "LinkExecOrder": null, "step": 11, "scrolly_year": 2010, "event_title": "Present-day reservations", "scrolly_type": "current_reservation" }, "geometry": { "type": "Polygon", "coordinates": [ [ [ -106.238906860995002, 36.02466583284891 ], [ -106.166587830045003, 35.98759078927808 ], [ -106.037544250186997, 36.006752013742378 ], [ -106.037506104127004, 35.931900024414205 ], [ -106.394996642544001, 35.960739135373892 ], [ -106.39464569052501, 36.002475738562708 ], [ -106.238906860995002, 36.02466583284891 ] ] ] } },
{ "type": "Feature", "properties": { "OBJECTID": 818, "CessionID": 10126, "Nation": "Potawatomi Indian Reservation", "Nation_Correct": "Potawatomi Indian Reservation", "Cession_Reservation": "Reservation Current", "Year": "2010", "year": 2010, "LinkRoyce": null, "LinkKappler": null, "LinkFedStatute": null, "LinkExecOrder": null, "step": 11, "scrolly_year": 2010, "event_title": "Present-day reservations", "scrolly_type": "current_reservation" }, "geometry": { "type": "MultiPolygon", "coordinates": [ [ [ [ -95.738731384351397, 39.260803223057692 ], [ -95.942642211990403, 39.260169983155969 ], [ -95.937561035316193, 39.420585632044585 ], [ -95.736785888567596, 39.420837402073893 ], [ -95.738731384351397, 39.260803223057692 ] ] ], [ [ [ -88.678108214958598, 45.378662109658293 ], [ -88.658813476142498, 45.365291595708769 ], [ -88.678268433082806, 45.365413666046926 ], [ -88.678108214958598, 45.378662109658293 ] ] ], [ [ [ -88.637687683316415, 45.393489837751687 ], [ -88.616729736209606, 45.407978057982966 ], [ -88.616928100394006, 45.393356323586168 ], [ -88.637687683316415, 45.393489837751687 ] ] ], [ [ [ -88.449058532658597, 45.421398163233611 ], [ -88.426338196067206, 45.421222686603919 ], [ -88.427223205505399, 45.406604767249902 ], [ -88.449287414409795, 45.406776427658151 ], [ -88.449058532658597, 45.421398163233611 ] ] ], [ [ [ -88.532150268293407, 45.422023772771766 ], [ -88.511589049555397, 45.407249450188431 ], [ -88.532356261869495, 45.407402038375444 ], [ -88.532150268293407, 45.422023772771766 ] ] ], [ [ [ -88.676918029852104, 45.422523498050658 ], [ -88.658271789331195, 45.408241272026984 ], [ -88.677925109557606, 45.3932838444439 ], [ -88.676918029852104, 45.422523498050658 ] ] ], [ [ [ -88.4488296509073, 45.436023711964978 ], [ -88.449058532658597, 45.421398163233611 ], [ -88.469825744972695, 45.421562194858218 ], [ -88.469604492613101, 45.436183929704058 ], [ -88.4488296509073, 45.436023711964978 ] ] ], [ [ [ -88.511161804518096, 45.436492919232805 ], [ -88.490600585780101, 45.4217185968077 ], [ -88.511375427485902, 45.421871184995986 ], [ -88.511161804518096, 45.436492919232805 ] ] ], [ [ [ -88.531936645325601, 45.436645507197738 ], [ -88.552925109999194, 45.422168732258569 ], [ -88.552711487031402, 45.436794281169199 ], [ -88.531936645325601, 45.436645507197738 ] ] ], [ [ [ -88.637123107431705, 45.437358855975617 ], [ -88.616539002315207, 45.422603607224588 ], [ -88.637313843122698, 45.422733306470271 ], [ -88.637123107431705, 45.437358855975617 ] ] ], [ [ [ -88.426109314315994, 45.435844421136871 ], [ -88.448608398547805, 45.450649261001402 ], [ -88.425872802274696, 45.450469970643525 ], [ -88.426109314315994, 45.435844421136871 ] ] ], [ [ [ -88.490158081061097, 45.450965881004578 ], [ -88.469604492613101, 45.436183929704058 ], [ -88.490379333420606, 45.436340332746269 ], [ -88.490158081061097, 45.450965881004578 ] ] ], [ [ [ -88.616149902439801, 45.451847076523357 ], [ -88.59556579552671, 45.437088012483912 ], [ -88.6163482666242, 45.437225341483327 ], [ -88.616149902439801, 45.451847076523357 ] ] ], [ [ [ -88.448410034363405, 45.462985992844757 ], [ -88.469383239355295, 45.450809478802398 ], [ -88.469192504562599, 45.463146209620184 ], [ -88.448410034363405, 45.462985992844757 ] ] ], [ [ [ -88.595199585623007, 45.464050292532356 ], [ -88.574584961143103, 45.451568603686376 ], [ -88.595367432240593, 45.451709747193277 ], [ -88.595199585623007, 45.464050292532356 ] ] ], [ [ [ -88.489761352692298, 45.477928162235237 ], [ -88.469192504562599, 45.463146209620184 ], [ -88.489982605051793, 45.463302612891276 ], [ -88.489761352692298, 45.477928162235237 ] ] ], [ [ [ -88.595008849932, 45.478675842514768 ], [ -88.615989685213904, 45.464187622052464 ], [ -88.615798949522897, 45.478355407344431 ], [ -88.595008849932, 45.478675842514768 ] ] ], [ [ [ -88.468742370451807, 45.492397308371466 ], [ -88.448181151713797, 45.477611541192999 ], [ -88.468971253101401, 45.477771759231416 ], [ -88.468742370451807, 45.492397308371466 ] ] ], [ [ [ -88.657196045100406, 45.493701934111897 ], [ -88.615798949522897, 45.478355407344431 ], [ -88.657569885294095, 45.463996887217576 ], [ -88.657196045100406, 45.493701934111897 ] ] ], [ [ [ -88.425849914099601, 45.492515563839071 ], [ -88.447723389109697, 45.506858825437817 ], [ -88.426261902150102, 45.507144928616178 ], [ -88.425849914099601, 45.492515563839071 ] ] ], [ [ [ -88.530479430610995, 45.492851257762432 ], [ -88.574218750341103, 45.478534697851352 ], [ -88.615425109329294, 45.507606506394609 ], [ -88.530479430610995, 45.492851257762432 ] ] ] ] } },
{ "type": "Feature", "properties": { "OBJECTID": 819, "CessionID": 10151, "Nation": "San Pasqual Indian Reservation", "Nation_Correct": "San Pasqual Indian Reservation", "Cession_Reservation": "Reservation Current", "Year": "2010", "year": 2010, "LinkRoyce": null, "LinkKappler": null, "LinkFedStatute": null, "LinkExecOrder": null, "step": 11, "scrolly_year": 2010, "event_title": "Present-day reservations", "scrolly_type": "current_reservation" }, "geometry": { "type": "MultiPolygon", "coordinates": [ [ [ [ -116.979743957712017, 33.197250366157213 ], [ -116.974189758752004, 33.182106017840383 ], [ -116.984619140809997, 33.181880950700794 ], [ -116.979743957712017, 33.197250366157213 ] ] ], [ [ [ -116.979743957712017, 33.197250366157213 ], [ -116.987976074059986, 33.196975708179586 ], [ -116.988265990944996, 33.205177307672592 ], [ -116.979743957712017, 33.197250366157213 ] ] ], [ [ [ -116.971687316474998, 33.208908080904507 ], [ -116.986503601460001, 33.208778381415023 ], [ -116.972434997760999, 33.219848633391294 ], [ -116.971687316474998, 33.208908080904507 ] ] ], [ [ [ -116.953208923470001, 33.220333099772297 ], [ -116.960510253131019, 33.19818878186841 ], [ -116.965850830022006, 33.219703674194392 ], [ -116.953208923470001, 33.220333099772297 ] ] ] ] } },
{ "type": "Feature", "properties": { "OBJECTID": 820, "CessionID": 10104, "Nation": "Nambe Indian Reservation", "Nation_Correct": "Nambe Indian Reservation", "Cession_Reservation": "Reservation Current", "Year": "2010", "year": 2010, "LinkRoyce": null, "LinkKappler": null, "LinkFedStatute": null, "LinkExecOrder": null, "step": 11, "scrolly_year": 2010, "event_title": "Present-day reservations", "scrolly_type": "current_reservation" }, "geometry": { "type": "Polygon", "coordinates": [ [ [ -105.871131897165995, 35.883747100852901 ], [ -105.869514465224995, 35.829753875977708 ], [ -105.924560547059997, 35.830257415268605 ], [ -105.986389160818007, 35.856140136797251 ], [ -105.986381530528007, 35.92510223421209 ], [ -105.871131897165995, 35.883747100852901 ] ] ] } },
{ "type": "Feature", "properties": { "OBJECTID": 821, "CessionID": 10055, "Nation": "Gila Bend Indian Reservation", "Nation_Correct": "Gila Bend Indian Reservation", "Cession_Reservation": "Reservation Current", "Year": "2010", "year": 2010, "LinkRoyce": null, "LinkKappler": null, "LinkFedStatute": null, "LinkExecOrder": null, "step": 11, "scrolly_year": 2010, "event_title": "Present-day reservations", "scrolly_type": "current_reservation" }, "geometry": { "type": "Polygon", "coordinates": [ [ [ -112.714836120668011, 33.030513762893996 ], [ -112.715003967285014, 32.989089966190178 ], [ -112.819625854405004, 33.003864288546012 ], [ -112.819908141897997, 33.031173706331892 ], [ -112.714836120668011, 33.030513762893996 ] ] ] } },
{ "type": "Feature", "properties": { "OBJECTID": 822, "CessionID": 10168, "Nation": "Southern Ute Indian Reservation", "Nation_Correct": "Southern Ute Indian Reservation", "Cession_Reservation": "Reservation Current", "Year": "2010", "year": 2010, "LinkRoyce": null, "LinkKappler": null, "LinkFedStatute": null, "LinkExecOrder": null, "step": 11, "scrolly_year": 2010, "event_title": "Present-day reservations", "scrolly_type": "current_reservation" }, "geometry": { "type": "Polygon", "coordinates": [ [ [ -107.546432495209999, 37.212688446212503 ], [ -107.543731689647998, 37.137908935778007 ], [ -107.225639342587002, 37.139736175703376 ], [ -107.225692749226994, 37.213184356463529 ], [ -107.117599487982005, 37.211959838603818 ], [ -107.117103576622995, 37.140335082739128 ], [ -107.003257751334999, 37.132266998352812 ], [ -106.965744018831998, 36.999046325803903 ], [ -108.250877380299002, 36.99799728440351 ], [ -108.252555847373003, 37.053756713412689 ], [ -108.307365417167006, 37.054084778396422 ], [ -108.307723999475002, 37.21508407662342 ], [ -107.546432495209999, 37.212688446212503 ] ] ] } },
{ "type": "Feature", "properties": { "OBJECTID": 823, "CessionID": 10050, "Nation": "Fort McDermitt Indian Reservation", "Nation_Correct": "Fort McDermitt Indian Reservation", "Cession_Reservation": "Reservation Current", "Year": "2010", "year": 2010, "LinkRoyce": null, "LinkKappler": null, "LinkFedStatute": null, "LinkExecOrder": null, "step": 11, "scrolly_year": 2010, "event_title": "Present-day reservations", "scrolly_type": "current_reservation" }, "geometry": { "type": "MultiPolygon", "coordinates": [ [ [ [ -118.324958750582994, 41.495040912495 ], [ -118.163444469734017, 41.532287577050809 ], [ -118.097496056767994, 41.495391844814201 ], [ -118.157150367550983, 41.515071919552312 ], [ -118.284103371461015, 41.460800208776021 ], [ -118.324958750582994, 41.495040912495 ] ] ], [ [ [ -117.605201595487998, 41.916210098584294 ], [ -117.587936537174002, 41.91985705225111 ], [ -117.576202293774998, 41.904422656719994 ], [ -117.605201595487998, 41.916210098584294 ] ] ], [ [ [ -117.635498120614997, 41.951148906813089 ], [ -117.616371865321995, 41.955004299361981 ], [ -117.625595036779018, 41.94116601640571 ], [ -117.635498120614997, 41.951148906813089 ] ] ], [ [ [ -117.615600156349018, 41.956161894585051 ], [ -117.615135278189001, 41.95525356510521 ], [ -117.616371865321995, 41.955004299361981 ], [ -117.615600156349018, 41.956161894585051 ] ] ], [ [ [ -117.734886039308989, 41.964176177303699 ], [ -117.748420843405995, 41.950981048826527 ], [ -117.754127391248005, 41.993202185237251 ], [ -117.734886039308989, 41.964176177303699 ] ] ], [ [ [ -117.639869828090013, 41.979751587726113 ], [ -117.646019076933996, 41.967937482530367 ], [ -117.666389498894986, 41.967914522961301 ], [ -117.639869828090013, 41.979751587726113 ] ] ], [ [ [ -117.628143444949998, 41.977947275060309 ], [ -117.611244169391, 42.060733716611445 ], [ -117.533019997344013, 42.097133660794668 ], [ -117.503837663893009, 41.998767845044505 ], [ -117.734130893024002, 41.923305580667837 ], [ -117.734832701839011, 41.948280436998907 ], [ -117.660804785062993, 41.956112000472388 ], [ -117.628143444949998, 41.977947275060309 ] ], [ [ -117.572876000712, 42.017166086540108 ], [ -117.553077693296999, 42.00308617961484 ], [ -117.553100712627, 42.017166086540094 ], [ -117.572876000712, 42.017166086540108 ] ] ] ] } },
{ "type": "Feature", "properties": { "OBJECTID": 824, "CessionID": 10091, "Nation": "Makah Indian Reservation", "Nation_Correct": "Makah Indian Reservation", "Cession_Reservation": "Reservation Current", "Year": "2010", "year": 2010, "LinkRoyce": null, "LinkKappler": null, "LinkFedStatute": null, "LinkExecOrder": null, "step": 11, "scrolly_year": 2010, "event_title": "Present-day reservations", "scrolly_type": "current_reservation" }, "geometry": { "type": "Polygon", "coordinates": [ [ [ -124.731742858808005, 48.384864807250075 ], [ -124.547027587892998, 48.355167388854262 ], [ -124.559097290066006, 48.275711059526365 ], [ -124.681091308392993, 48.274662017349122 ], [ -124.662208557628006, 48.329238891257177 ], [ -124.731742858808005, 48.384864807250075 ] ] ] } },
{ "type": "Feature", "properties": { "OBJECTID": 825, "CessionID": 10174, "Nation": "Summit Lake Indian Reservation", "Nation_Correct": "Summit Lake Indian Reservation", "Cession_Reservation": "Reservation Current", "Year": "2010", "year": 2010, "LinkRoyce": null, "LinkKappler": null, "LinkFedStatute": null, "LinkExecOrder": null, "step": 11, "scrolly_year": 2010, "event_title": "Present-day reservations", "scrolly_type": "current_reservation" }, "geometry": { "type": "Polygon", "coordinates": [ [ [ -119.007484435964997, 41.557388305643407 ], [ -119.027160645264004, 41.474536896058332 ], [ -119.084350586168995, 41.482467650722732 ], [ -119.085601806409016, 41.56507492075346 ], [ -119.007484435964997, 41.557388305643407 ] ] ] } },
{ "type": "Feature", "properties": { "OBJECTID": 826, "CessionID": 10170, "Nation": "Spokane Indian Reservation", "Nation_Correct": "Spokane Indian Reservation", "Cession_Reservation": "Reservation Current", "Year": "2010", "year": 2010, "LinkRoyce": null, "LinkKappler": null, "LinkFedStatute": null, "LinkExecOrder": null, "step": 11, "scrolly_year": 2010, "event_title": "Present-day reservations", "scrolly_type": "current_reservation" }, "geometry": { "type": "Polygon", "coordinates": [ [ [ -117.719886780077005, 48.000190734689966 ], [ -117.872741698642997, 47.845130920117832 ], [ -118.060440063512004, 47.798812866016661 ], [ -118.191963196574008, 47.943843841783654 ], [ -118.331138611316007, 47.898174285718724 ], [ -118.373794555627001, 48.000701904028894 ], [ -117.719886780077005, 48.000190734689966 ] ] ] } },
{ "type": "Feature", "properties": { "OBJECTID": 827, "CessionID": 10135, "Nation": "Red Lake Indian Reservation", "Nation_Correct": "Red Lake Indian Reservation", "Cession_Reservation": "Reservation Current", "Year": "2010", "year": 2010, "LinkRoyce": null, "LinkKappler": null, "LinkFedStatute": null, "LinkExecOrder": null, "step": 11, "scrolly_year": 2010, "event_title": "Present-day reservations", "scrolly_type": "current_reservation" }, "geometry": { "type": "MultiPolygon", "coordinates": [ [ [ [ -95.592117217472904, 48.194137455413959 ], [ -94.728851388504395, 48.20717632933502 ], [ -94.719505540867303, 47.962535718988043 ], [ -94.803993216232797, 47.801509812454348 ], [ -95.389068768015093, 47.804458465896587 ], [ -95.582184096218697, 47.927432991708613 ], [ -95.592117217472904, 48.194137455413959 ] ] ], [ [ [ -95.143676543299321, 48.324668803507357 ], [ -95.122406121712515, 48.36967099943142 ], [ -95.122634630662901, 48.324455269110601 ], [ -95.143676543299321, 48.324668803507357 ] ] ], [ [ [ -95.035484573374006, 48.369731795396923 ], [ -95.014083896071, 48.354740222399045 ], [ -95.035804598194005, 48.354503682186909 ], [ -95.035484573374006, 48.369731795396923 ] ] ], [ [ [ -95.0156935647707, 48.394863029649727 ], [ -94.972541867204001, 48.40916822350362 ], [ -94.972900631870601, 48.394859301679048 ], [ -95.0156935647707, 48.394863029649727 ] ] ], [ [ [ -95.081001085926204, 48.509525224567035 ], [ -94.9732054976201, 48.467773440281498 ], [ -94.973526083887094, 48.452079776581144 ], [ -95.081276194981996, 48.465209975773433 ], [ -95.081001085926204, 48.509525224567035 ] ] ], [ [ [ -95.448783715079898, 48.495659033950631 ], [ -95.427924834182704, 48.480712752583294 ], [ -95.449004925218603, 48.480422833192215 ], [ -95.448783715079898, 48.495659033950631 ] ] ], [ [ [ -94.983726453938303, 48.51151663872399 ], [ -95.083793723565705, 48.540428328908973 ], [ -94.984359766213601, 48.539207555255402 ], [ -94.983726453938303, 48.51151663872399 ] ] ], [ [ [ -95.213493607180993, 48.526897433994606 ], [ -95.278572057939101, 48.541786237730079 ], [ -95.2132033390548, 48.541675465257079 ], [ -95.213493607180993, 48.526897433994606 ] ] ], [ [ [ -95.041740216433794, 48.604156464106879 ], [ -95.084999150387603, 48.589359173116719 ], [ -95.084678564120594, 48.604137529789995 ], [ -95.041740216433794, 48.604156464106879 ] ] ], [ [ [ -95.2146911737442, 48.597992040823947 ], [ -95.258025903050097, 48.612239655164515 ], [ -95.214393606806297, 48.612316122640891 ], [ -95.2146911737442, 48.597992040823947 ] ] ], [ [ [ -95.106041063023994, 48.64084636658103 ], [ -95.106666515040601, 48.611282317104163 ], [ -95.128547791020594, 48.641052266313203 ], [ -95.106041063023994, 48.64084636658103 ] ] ], [ [ [ -95.299026696958521, 48.640354058769105 ], [ -95.278167816061199, 48.625843104047298 ], [ -95.298614594821899, 48.625575910186328 ], [ -95.299026696958521, 48.640354058769105 ] ] ], [ [ [ -95.148284900706798, 48.639434725062607 ], [ -95.213745135460599, 48.63911454962409 ], [ -95.213142141326102, 48.667759051575459 ], [ -95.167808660513003, 48.682163423691421 ], [ -95.148284900706798, 48.639434725062607 ] ] ], [ [ [ -95.288909982518106, 48.669124664725636 ], [ -95.309631308887518, 48.65361389871039 ], [ -95.309364060090502, 48.668399778291771 ], [ -95.288909982518106, 48.669124664725636 ] ] ], [ [ [ -95.428558146458002, 48.684368223379479 ], [ -95.386245812234804, 48.684482389934828 ], [ -95.365219058668799, 48.641796095279794 ], [ -95.398635825791004, 48.641811305633006 ], [ -95.428558146458002, 48.684368223379479 ] ] ], [ [ [ -95.080490169108401, 48.655921940093187 ], [ -95.059722804080707, 48.67139825621453 ], [ -95.060020371018595, 48.655685317860915 ], [ -95.080490169108401, 48.655921940093187 ] ] ], [ [ [ -95.1152650766508, 48.655525096533808 ], [ -95.093864399347794, 48.700115203294494 ], [ -95.094116489074395, 48.655304049607778 ], [ -95.1152650766508, 48.655525096533808 ] ] ], [ [ [ -95.236587608794594, 48.677173725756589 ], [ -95.191879018551006, 48.715602766043226 ], [ -95.212036090632495, 48.677475123468746 ], [ -95.236587608794594, 48.677173725756589 ] ] ], [ [ [ -95.149558824069103, 49.355045421759741 ], [ -94.938140883398603, 49.30685788095176 ], [ -95.007766493835405, 49.191291949822244 ], [ -95.096466144989407, 49.190319220326252 ], [ -95.108657967736093, 49.237407670607141 ], [ -95.150710913420994, 49.213306258810398 ], [ -95.149558824069103, 49.355045421759741 ] ], [ [ -95.074546690609793, 49.249828157325133 ], [ -95.097907941020409, 49.220397833793484 ], [ -95.073143072978397, 49.220672498625888 ], [ -95.074546690609793, 49.249828157325133 ] ], [ [ -95.119026210455999, 49.266460395595324 ], [ -95.141357205525097, 49.250923221228597 ], [ -95.119331637652621, 49.251174994534978 ], [ -95.119026210455999, 49.266460395595324 ] ], [ [ -95.139656020955798, 49.31902300741848 ], [ -95.117866260845304, 49.27481067723285 ], [ -95.117606872307107, 49.319278824945592 ], [ -95.139656020955798, 49.31902300741848 ] ], [ [ -95.030586509287303, 49.311447058925957 ], [ -95.073631531914103, 49.296615704471222 ], [ -95.030929553436494, 49.297084732534643 ], [ -95.030586509287303, 49.311447058925957 ] ] ], [ [ [ -94.685188212672799, 48.264732499894663 ], [ -94.750404217958703, 48.271083979352511 ], [ -94.6861494100268, 48.279949317090555 ], [ -94.685188212672799, 48.264732499894663 ] ] ], [ [ [ -94.818549853964896, 48.287986765402309 ], [ -94.793342565645503, 48.316356727959707 ], [ -94.793441941773807, 48.287296385806954 ], [ -94.818549853964896, 48.287986765402309 ] ] ], [ [ [ -94.749656931931696, 48.302456064495601 ], [ -94.728858687316105, 48.315093968450164 ], [ -94.729293808781904, 48.302173717633742 ], [ -94.749656931931696, 48.302456064495601 ] ] ], [ [ [ -94.253341667585019, 48.323993852571128 ], [ -94.232475487876101, 48.338401816252492 ], [ -94.232986404693904, 48.323638827780506 ], [ -94.253341667585019, 48.323993852571128 ] ] ], [ [ [ -94.560035488736304, 48.405510117722152 ], [ -94.517013485438596, 48.391525268130437 ], [ -94.560478470460794, 48.391200912381343 ], [ -94.560035488736304, 48.405510117722152 ] ] ], [ [ [ -94.798103075204295, 48.384594044219412 ], [ -94.842841983588698, 48.413238605105512 ], [ -94.798004260523001, 48.413661947825076 ], [ -94.798103075204295, 48.384594044219412 ] ] ], [ [ [ -94.473190297196993, 48.413520709756668 ], [ -94.431259185522507, 48.427650398280555 ], [ -94.431731923940703, 48.412880102616597 ], [ -94.473190297196993, 48.413520709756668 ] ] ], [ [ [ -94.169189176109896, 48.454525121617003 ], [ -94.189277751651005, 48.42489228577049 ], [ -94.1882323372391, 48.454433521048102 ], [ -94.169189176109896, 48.454525121617003 ] ] ], [ [ [ -94.211136008301807, 48.497242115729094 ], [ -94.169639456645996, 48.497905842006482 ], [ -94.212333574864999, 48.482463770931638 ], [ -94.171020616395396, 48.368229032126521 ], [ -94.275596867301999, 48.368614331578073 ], [ -94.211136008301807, 48.497242115729094 ] ] ], [ [ [ -94.431457376332006, 48.441032364905823 ], [ -94.407173106966994, 48.454574645433055 ], [ -94.406982214969105, 48.440731044968409 ], [ -94.431457376332006, 48.441032364905823 ] ] ], [ [ [ -94.493309190878904, 48.440605153043741 ], [ -94.472442449722905, 48.454597359347368 ], [ -94.472229099843005, 48.440292284187258 ], [ -94.493309190878904, 48.440605153043741 ] ] ], [ [ [ -94.797630336786, 48.496742083018489 ], [ -94.796081304367902, 48.453369303952087 ], [ -94.926612691068115, 48.452560513830576 ], [ -94.928947187912698, 48.465923261792405 ], [ -94.797630336786, 48.496742083018489 ] ] ], [ [ [ -94.972854593212205, 48.482547877836609 ], [ -94.885002165660595, 48.509754349044385 ], [ -94.864021450753, 48.482723162133013 ], [ -94.972854593212205, 48.482547877836609 ] ] ], [ [ [ -93.993545518735402, 48.513866510907391 ], [ -93.973015084363894, 48.498241422276529 ], [ -93.994789123956807, 48.498630573555118 ], [ -93.993545518735402, 48.513866510907391 ] ] ], [ [ [ -94.431190688982099, 48.517185082700351 ], [ -94.394645538882898, 48.532196086572235 ], [ -94.395110978489498, 48.516960082740873 ], [ -94.431190688982099, 48.517185082700351 ] ] ], [ [ [ -94.798500018270403, 48.540126855570747 ], [ -94.798599394398707, 48.511039807421099 ], [ -94.864616584628706, 48.510879498853562 ], [ -94.863853578084203, 48.539508662332686 ], [ -94.798500018270403, 48.540126855570747 ] ] ], [ [ [ -94.2325670037457, 48.527133916450815 ], [ -94.209563956554604, 48.540176295834243 ], [ -94.210098454148707, 48.526786628941963 ], [ -94.2325670037457, 48.527133916450815 ] ] ], [ [ [ -94.908722180737797, 48.567691786119127 ], [ -94.885330050739299, 48.524986198776809 ], [ -94.929580500187996, 48.525001444323721 ], [ -94.908722180737797, 48.567691786119127 ] ] ], [ [ [ -94.919609200534296, 48.598056648088743 ], [ -94.940383864373601, 48.582607219015266 ], [ -94.940048119036206, 48.597846859829808 ], [ -94.919609200534296, 48.598056648088743 ] ] ] ] } },
{ "type": "Feature", "properties": { "OBJECTID": 828, "CessionID": 10035, "Nation": "Crow Indian Reservation", "Nation_Correct": "Crow Indian Reservation", "Cession_Reservation": "Reservation Current", "Year": "2010", "year": 2010, "LinkRoyce": null, "LinkKappler": null, "LinkFedStatute": null, "LinkExecOrder": null, "step": 11, "scrolly_year": 2010, "event_title": "Present-day reservations", "scrolly_type": "current_reservation" }, "geometry": { "type": "Polygon", "coordinates": [ [ [ -106.990524324421997, 44.997390725960855 ], [ -108.22332000577201, 45.018680598962135 ], [ -108.126808380328001, 45.199661305992812 ], [ -108.011123899486009, 45.268360043507315 ], [ -107.919853382279001, 45.262206997545348 ], [ -107.752487138800007, 45.445964885363452 ], [ -107.919517636940995, 45.319114694622215 ], [ -108.235122745710996, 45.271724751640427 ], [ -108.234787000373004, 45.220104313600153 ], [ -108.697471586271021, 45.2165718212825 ], [ -108.677307215377994, 45.434730500225285 ], [ -108.423133958760005, 45.651447228215254 ], [ -108.358245838551994, 45.784931247039779 ], [ -108.241363791147009, 45.785320227894076 ], [ -108.242446822511994, 45.676456485053336 ], [ -107.643798849679996, 45.680267239828588 ], [ -107.582267621401002, 45.775047247195658 ], [ -107.017310963300019, 45.776363387668951 ], [ -106.990524324421997, 44.997390725960855 ] ], [ [ -107.379593095679994, 45.517459808759128 ], [ -107.374442941867002, 45.524799413197528 ], [ -107.384834203916, 45.528514875305532 ], [ -107.379593095679994, 45.517459808759128 ] ], [ [ -107.444702426025998, 45.565460252737203 ], [ -107.414619531501998, 45.563018868823185 ], [ -107.426284716913003, 45.574832907709101 ], [ -107.444702426025998, 45.565460252737203 ] ] ] } },
{ "type": "Feature", "properties": { "OBJECTID": 829, "CessionID": 10080, "Nation": "Lac Courte Oreilles Indian Reservation", "Nation_Correct": "Lac Courte Oreilles Indian Reservation", "Cession_Reservation": "Reservation Current", "Year": "2010", "year": 2010, "LinkRoyce": null, "LinkKappler": null, "LinkFedStatute": null, "LinkExecOrder": null, "step": 11, "scrolly_year": 2010, "event_title": "Present-day reservations", "scrolly_type": "current_reservation" }, "geometry": { "type": "MultiPolygon", "coordinates": [ [ [ [ -91.441009588368303, 45.767749759674103 ], [ -91.419807382598293, 45.982681249065884 ], [ -91.299972544782094, 45.98248676595091 ], [ -91.299041805930713, 45.900119776070099 ], [ -91.175437974050496, 45.899868055849595 ], [ -91.237899800820003, 45.81305693944411 ], [ -91.361343339566702, 45.812793769695894 ], [ -91.380958615242506, 45.767684941927087 ], [ -91.441009588368303, 45.767749759674103 ] ], [ [ -91.237747227583512, 45.856986985320177 ], [ -91.258399917050696, 45.871818574910364 ], [ -91.258667025485906, 45.857173892929595 ], [ -91.237747227583512, 45.856986985320177 ] ], [ [ -91.3619308939072, 45.857166268049944 ], [ -91.382598882806604, 45.871524800419046 ], [ -91.382835392377501, 45.856876326334898 ], [ -91.3619308939072, 45.857166268049944 ] ], [ [ -91.362823454359003, 45.958755480527884 ], [ -91.384002640799807, 45.944271045858109 ], [ -91.363059963929899, 45.94410326839504 ], [ -91.362823454359003, 45.958755480527884 ] ] ], [ [ [ -91.175437974050496, 45.899868055849595 ], [ -91.138565079234397, 45.942882547621693 ], [ -91.096290642687293, 45.898990591459317 ], [ -91.175437974050496, 45.899868055849595 ] ] ] ] } },
{ "type": "Feature", "properties": { "OBJECTID": 830, "CessionID": 10093, "Nation": "Maricopa Indian Reservation", "Nation_Correct": "Maricopa Indian Reservation", "Cession_Reservation": "Reservation Current", "Year": "2010", "year": 2010, "LinkRoyce": null, "LinkKappler": null, "LinkFedStatute": null, "LinkExecOrder": null, "step": 11, "scrolly_year": 2010, "event_title": "Present-day reservations", "scrolly_type": "current_reservation" }, "geometry": { "type": "Polygon", "coordinates": [ [ [ -111.942703247192014, 33.01634979230549 ], [ -111.943283080962019, 32.970829009561093 ], [ -112.046081543463998, 32.973106384828867 ], [ -112.045555115436002, 33.01771926947378 ], [ -112.115051269657002, 33.018127442097217 ], [ -112.114585876763002, 33.076389312686928 ], [ -111.942703247192014, 33.01634979230549 ] ] ] } },
{ "type": "Feature", "properties": { "OBJECTID": 831, "CessionID": 10145, "Nation": "Saint Regis Indian Reservation", "Nation_Correct": "Saint Regis Indian Reservation", "Cession_Reservation": "Reservation Current", "Year": "2010", "year": 2010, "LinkRoyce": null, "LinkKappler": null, "LinkFedStatute": null, "LinkExecOrder": null, "step": 11, "scrolly_year": 2010, "event_title": "Present-day reservations", "scrolly_type": "current_reservation" }, "geometry": { "type": "Polygon", "coordinates": [ [ [ -74.571319580646104, 44.998470306675394 ], [ -74.571311950356105, 44.952365875276222 ], [ -74.719558715432001, 44.954227447802104 ], [ -74.726875304775007, 44.990787505768502 ], [ -74.571319580646104, 44.998470306675394 ] ] ] } },
{ "type": "Feature", "properties": { "OBJECTID": 832, "CessionID": 10010, "Nation": "Bay Mills Indian Reservation", "Nation_Correct": "Bay Mills Indian Reservation", "Cession_Reservation": "Reservation Current", "Year": "2010", "year": 2010, "LinkRoyce": null, "LinkKappler": null, "LinkFedStatute": null, "LinkExecOrder": null, "step": 11, "scrolly_year": 2010, "event_title": "Present-day reservations", "scrolly_type": "current_reservation" }, "geometry": { "type": "MultiPolygon", "coordinates": [ [ [ [ -84.15400695819622, 46.337875366616906 ], [ -84.1429367063363, 46.334476471440169 ], [ -84.153495788951702, 46.333744048867366 ], [ -84.15400695819622, 46.337875366616906 ] ] ], [ [ [ -84.144126891442696, 46.356494903922069 ], [ -84.176231384326499, 46.342380523475178 ], [ -84.175209045837619, 46.352901458384096 ], [ -84.144126891442696, 46.356494903922069 ] ] ], [ [ [ -84.613517761160495, 46.408699035810173 ], [ -84.593544006482404, 46.415756225870915 ], [ -84.598548889239495, 46.402072906510135 ], [ -84.613517761160495, 46.408699035810173 ] ] ], [ [ [ -84.588722229126304, 46.44548416101015 ], [ -84.63404083204162, 46.452064514075253 ], [ -84.612442016929705, 46.469192504675149 ], [ -84.588722229126304, 46.44548416101015 ] ] ] ] } },
{ "type": "Feature", "properties": { "OBJECTID": 833, "CessionID": 10087, "Nation": "Lower Brule Indian Reservation", "Nation_Correct": "Lower Brule Indian Reservation", "Cession_Reservation": "Reservation Current", "Year": "2010", "year": 2010, "LinkRoyce": null, "LinkKappler": null, "LinkFedStatute": null, "LinkExecOrder": null, "step": 11, "scrolly_year": 2010, "event_title": "Present-day reservations", "scrolly_type": "current_reservation" }, "geometry": { "type": "Polygon", "coordinates": [ [ [ -99.893432616850703, 44.132118224593135 ], [ -99.6277008057437, 44.093280792196417 ], [ -99.591300964430005, 44.14953994740641 ], [ -99.686843871823896, 44.203929901223724 ], [ -99.5850219723593, 44.190055846930434 ], [ -99.570487975765616, 44.087425232062287 ], [ -99.359550476566994, 43.988281250450925 ], [ -99.372200012510504, 43.915050506888804 ], [ -99.523963928960399, 43.913978576613523 ], [ -99.522560119089505, 44.011905669566673 ], [ -100.071914672944004, 44.008438110330907 ], [ -100.083580017356994, 44.284614562612788 ], [ -99.903175353655101, 44.255664825935185 ], [ -99.9386825561389, 44.206142425059724 ], [ -99.893432616850703, 44.132118224593135 ] ] ] } },
{ "type": "Feature", "properties": { "OBJECTID": 834, "CessionID": 10169, "Nation": "Spirit Lake Indian Reservation", "Nation_Correct": "Spirit Lake Indian Reservation", "Cession_Reservation": "Reservation Current", "Year": "2010", "year": 2010, "LinkRoyce": null, "LinkKappler": null, "LinkFedStatute": null, "LinkExecOrder": null, "step": 11, "scrolly_year": 2010, "event_title": "Present-day reservations", "scrolly_type": "current_reservation" }, "geometry": { "type": "MultiPolygon", "coordinates": [ [ [ [ -98.856033232187102, 47.748947151870723 ], [ -98.983650147237299, 47.872406050972678 ], [ -99.180290240036996, 47.845867109940343 ], [ -99.251922742963302, 48.079612766053245 ], [ -99.131805356917795, 48.037014019423509 ], [ -99.111328260016307, 47.983825654937284 ], [ -99.037704585118107, 48.045734378693311 ], [ -98.983856198305602, 47.978809337767466 ], [ -98.797500692615003, 48.058212257609682 ], [ -98.754020829246002, 47.991321552556109 ], [ -98.7982406798303, 47.952709222902413 ], [ -98.674041854436197, 48.002273533140162 ], [ -98.502723585154698, 47.775886554627398 ], [ -98.716652036320795, 47.803390498715615 ], [ -98.856033232187102, 47.748947151870723 ] ], [ [ -98.832145625164713, 47.919956227096982 ], [ -98.848701575851095, 47.905410735339572 ], [ -98.832527128436993, 47.905220009638889 ], [ -98.832145625164713, 47.919956227096982 ] ], [ [ -98.978546032082406, 47.975067100096226 ], [ -99.005790811755602, 47.9643058687587 ], [ -98.984207102713498, 47.9640731605922 ], [ -98.978546032082406, 47.975067100096226 ] ] ], [ [ [ -99.120002616978596, 48.052101111225795 ], [ -99.050377006541808, 48.053241734720409 ], [ -99.080574155541001, 48.03189089549705 ], [ -99.120002616978596, 48.052101111225795 ] ] ] ] } },
{ "type": "Feature", "properties": { "OBJECTID": 835, "CessionID": 10008, "Nation": "Bad River Indian Reservation", "Nation_Correct": "Bad River Indian Reservation", "Cession_Reservation": "Reservation Current", "Year": "2010", "year": 2010, "LinkRoyce": null, "LinkKappler": null, "LinkFedStatute": null, "LinkExecOrder": null, "step": 11, "scrolly_year": 2010, "event_title": "Present-day reservations", "scrolly_type": "current_reservation" }, "geometry": { "type": "MultiPolygon", "coordinates": [ [ [ [ -90.476455688284403, 46.571739196394205 ], [ -90.552711487152195, 46.5487060539553 ], [ -90.550567626285599, 46.413970947063397 ], [ -90.798355102705401, 46.414134978875488 ], [ -90.818878173586498, 46.617008208993653 ], [ -90.744064330649806, 46.715847015030711 ], [ -90.476455688284403, 46.571739196394205 ] ] ], [ [ [ -90.560707092357205, 46.840801238438878 ], [ -90.579185486260599, 46.835151672246241 ], [ -90.580116271150601, 46.851203918568977 ], [ -90.560707092357205, 46.840801238438878 ] ] ] ] } },
{ "type": "Feature", "properties": { "OBJECTID": 836, "CessionID": 10009, "Nation": "Barona Rancheria", "Nation_Correct": "Barona Rancheria", "Cession_Reservation": "Reservation Current", "Year": "2010", "year": 2010, "LinkRoyce": null, "LinkKappler": null, "LinkFedStatute": null, "LinkExecOrder": null, "step": 11, "scrolly_year": 2010, "event_title": "Present-day reservations", "scrolly_type": "current_reservation" }, "geometry": { "type": "Polygon", "coordinates": [ [ [ -116.840232848837005, 32.991027832756934 ], [ -116.844772339597995, 32.921005249173078 ], [ -116.879684447732004, 32.923179626790251 ], [ -116.840232848837005, 32.991027832756934 ] ] ] } },
{ "type": "Feature", "properties": { "OBJECTID": 837, "CessionID": 10002, "Nation": "Agua Caliente Indian Reservation", "Nation_Correct": "Agua Caliente Indian Reservation", "Cession_Reservation": "Reservation Current", "Year": "2010", "year": 2010, "LinkRoyce": null, "LinkKappler": null, "LinkFedStatute": null, "LinkExecOrder": null, "step": 11, "scrolly_year": 2010, "event_title": "Present-day reservations", "scrolly_type": "current_reservation" }, "geometry": { "type": "MultiPolygon", "coordinates": [ [ [ [ -116.598556518767992, 33.686111450425599 ], [ -116.581489562331015, 33.699783325811374 ], [ -116.581443785980994, 33.686134338195799 ], [ -116.598556518767992, 33.686111450425599 ] ] ], [ [ [ -116.565475463745983, 33.699832916055406 ], [ -116.547233581884015, 33.685718537021771 ], [ -116.566001892671991, 33.685741424896591 ], [ -116.565475463745983, 33.699832916055406 ] ] ], [ [ [ -116.563827514238, 33.714351654256447 ], [ -116.581489562331015, 33.699783325811374 ], [ -116.582046508824021, 33.714355468876803 ], [ -116.563827514238, 33.714351654256447 ] ] ], [ [ [ -116.598602295118013, 33.714775085059983 ], [ -116.613533020081007, 33.699226379382772 ], [ -116.614616393703002, 33.714721679871815 ], [ -116.598602295118013, 33.714775085059983 ] ] ], [ [ [ -116.529014587297993, 33.700263977189934 ], [ -116.54724121037701, 33.714836120160506 ], [ -116.528999328514999, 33.715278625957325 ], [ -116.529014587297993, 33.700263977189934 ] ] ], [ [ [ -116.582046508824021, 33.714355468876803 ], [ -116.598602295118013, 33.714775085059983 ], [ -116.598648071469, 33.728424072952194 ], [ -116.581504821113995, 33.728900909193129 ], [ -116.582046508824021, 33.714355468876803 ] ] ], [ [ [ -116.510757446653002, 33.715713501101021 ], [ -116.528999328514999, 33.729835510042705 ], [ -116.510772705435983, 33.729820251322948 ], [ -116.510757446653002, 33.715713501101021 ] ] ], [ [ [ -116.598655699961995, 33.742980957314444 ], [ -116.614097595066994, 33.728813171308516 ], [ -116.614128112634006, 33.742916107214207 ], [ -116.598655699961995, 33.742980957314444 ] ] ], [ [ [ -116.529563903501014, 33.743953705174683 ], [ -116.547279358233993, 33.728485108061179 ], [ -116.546707152957012, 33.743484497073283 ], [ -116.529563903501014, 33.743953705174683 ] ] ], [ [ [ -116.598655699961995, 33.742980957314444 ], [ -116.598640441179001, 33.758445739640891 ], [ -116.581504821113995, 33.758472443197199 ], [ -116.582069396999017, 33.743473052613204 ], [ -116.598655699961995, 33.742980957314444 ] ] ], [ [ [ -116.597541808772988, 33.77297592228787 ], [ -116.614112853850997, 33.758380890032889 ], [ -116.614128112634006, 33.772937774509579 ], [ -116.597541808772988, 33.77297592228787 ] ] ], [ [ [ -116.597541808772988, 33.77297592228787 ], [ -116.597526549989013, 33.788440704537514 ], [ -116.579833984329994, 33.788452148219996 ], [ -116.580390929925002, 33.773452758750317 ], [ -116.597541808772988, 33.77297592228787 ] ] ], [ [ [ -116.492477416934008, 33.788936614459899 ], [ -116.475372314436001, 33.773933410504043 ], [ -116.491950988906012, 33.773910522990931 ], [ -116.492477416934008, 33.788936614459899 ] ] ], [ [ [ -116.457130432574019, 33.773906708031404 ], [ -116.440513611146002, 33.788936614459899 ], [ -116.441101074306999, 33.773941040420404 ], [ -116.457130432574019, 33.773906708031404 ] ] ], [ [ [ -116.597572326339986, 33.802089690843694 ], [ -116.614692688519, 33.78750991844926 ], [ -116.614707947301994, 33.802066803390716 ], [ -116.597572326339986, 33.802089690843694 ] ] ], [ [ [ -116.529563903501014, 33.743953705174683 ], [ -116.563835144527999, 33.743465423719279 ], [ -116.545043944667, 33.802124023131356 ], [ -116.510208129551998, 33.758922577046079 ], [ -116.510780333930015, 33.74392318752512 ], [ -116.529563903501014, 33.743953705174683 ] ] ], [ [ [ -116.457138061067994, 33.802112579783483 ], [ -116.475357055653006, 33.788490295808323 ], [ -116.475379943828003, 33.802139282419212 ], [ -116.457138061067994, 33.802112579783483 ] ] ], [ [ [ -116.562171936238016, 33.80255889832987 ], [ -116.579833984329994, 33.788452148219996 ], [ -116.579864501896992, 33.802555084646563 ], [ -116.562171936238016, 33.80255889832987 ] ] ], [ [ [ -116.492523193284001, 33.802131653522117 ], [ -116.510162353200982, 33.788940429496513 ], [ -116.510200500159996, 33.802589416001219 ], [ -116.492523193284001, 33.802131653522117 ] ] ], [ [ [ -116.579864501896992, 33.802555084646563 ], [ -116.597572326339986, 33.802089690843694 ], [ -116.597579955731007, 33.816646576345413 ], [ -116.579887390072017, 33.816654204694643 ], [ -116.579864501896992, 33.802555084646563 ] ] ], [ [ [ -116.545043944667, 33.802124023131356 ], [ -116.562171936238016, 33.80255889832987 ], [ -116.562744140616005, 33.816677093469977 ], [ -116.545051574957014, 33.816680908762898 ], [ -116.545043944667, 33.802124023131356 ] ] ], [ [ [ -116.509658813349006, 33.816677093469977 ], [ -116.527351379007982, 33.802124023131356 ], [ -116.527351379007982, 33.816680908762898 ], [ -116.509658813349006, 33.816677093469977 ] ] ], [ [ [ -116.406822203889021, 33.802139282419212 ], [ -116.457679747878998, 33.816684722562897 ], [ -116.422264098994006, 33.831211090073509 ], [ -116.406822203889021, 33.802139282419212 ] ] ], [ [ [ -116.527908325500988, 33.831249236510352 ], [ -116.545051574957014, 33.816680908762898 ], [ -116.545600891160007, 33.831249236510352 ], [ -116.527908325500988, 33.831249236510352 ] ] ], [ [ [ -116.597579955731007, 33.831657409780384 ], [ -116.615257263505015, 33.817089081423951 ], [ -116.615272522289018, 33.831645965905828 ], [ -116.597579955731007, 33.831657409780384 ] ] ], [ [ [ -116.598159789500997, 33.845771789585065 ], [ -116.580444336564995, 33.83122634939653 ], [ -116.597579955731007, 33.831657409780384 ], [ -116.598159789500997, 33.845771789585065 ] ] ], [ [ [ -116.527908325500988, 33.831249236510352 ], [ -116.527900696108986, 33.845806122245037 ], [ -116.510200500159996, 33.845806122245037 ], [ -116.50965118395699, 33.8312339779376 ], [ -116.527908325500988, 33.831249236510352 ] ] ], [ [ [ -116.492507934501006, 33.831245421867429 ], [ -116.475906371855999, 33.84582138120048 ], [ -116.475914002145998, 33.831264495826531 ], [ -116.492507934501006, 33.831245421867429 ] ] ], [ [ [ -116.457664489094995, 33.83124160797049 ], [ -116.439926147085998, 33.846237182213144 ], [ -116.43996429494301, 33.83122634939653 ], [ -116.457664489094995, 33.83124160797049 ] ] ], [ [ [ -116.406799316612009, 33.830799102994362 ], [ -116.42278289763, 33.846237182213144 ], [ -116.406181335883005, 33.846248626372223 ], [ -116.406799316612009, 33.830799102994362 ] ] ], [ [ [ -116.597633361473001, 33.859859466003883 ], [ -116.615310669246995, 33.845748901137469 ], [ -116.615356445597016, 33.859394073740113 ], [ -116.597633361473001, 33.859859466003883 ] ] ], [ [ [ -116.562202453805014, 33.845775604325809 ], [ -116.579910278247013, 33.860321045370199 ], [ -116.561653136703015, 33.860313414949921 ], [ -116.562202453805014, 33.845775604325809 ] ] ], [ [ [ -116.527870178541988, 33.861267089864988 ], [ -116.54560852055198, 33.845806122245044 ], [ -116.545593261768005, 33.860813140766979 ], [ -116.527870178541988, 33.861267089864988 ] ] ], [ [ [ -116.494117737048995, 33.861305237057685 ], [ -116.510200500159996, 33.845806122245037 ], [ -116.50961303699799, 33.861251830684715 ], [ -116.494117737048995, 33.861305237057685 ] ] ], [ [ [ -116.458137512280004, 33.861728668335978 ], [ -116.475906371855999, 33.84582138120048 ], [ -116.476943970025999, 33.861766815322618 ], [ -116.458137512280004, 33.861728668335978 ] ] ], [ [ [ -116.422706603712996, 33.862152099752279 ], [ -116.439926147085998, 33.846237182213144 ], [ -116.439880370736006, 33.861701965659016 ], [ -116.422706603712996, 33.862152099752279 ] ] ], [ [ [ -116.54724121037701, 33.714836120160506 ], [ -116.563827514238, 33.714351654256447 ], [ -116.563827514238, 33.728908539382225 ], [ -116.547279358233993, 33.728485108061179 ], [ -116.54724121037701, 33.714836120160506 ] ] ], [ [ [ -116.561607360352994, 33.773429871108824 ], [ -116.581504821113995, 33.758472443197199 ], [ -116.580390929925002, 33.773452758750317 ], [ -116.561607360352994, 33.773429871108824 ] ] ], [ [ [ -116.492523193284001, 33.802131653522117 ], [ -116.475372314436001, 33.816696167693621 ], [ -116.475379943828003, 33.802139282419212 ], [ -116.492523193284001, 33.802131653522117 ] ] ], [ [ [ -116.493064880993984, 33.816699981493038 ], [ -116.509658813349006, 33.816677093469977 ], [ -116.50965118395699, 33.8312339779376 ], [ -116.492507934501006, 33.831245421867429 ], [ -116.493064880993984, 33.816699981493038 ] ] ] ] } },
{ "type": "Feature", "properties": { "OBJECTID": 838, "CessionID": 10006, "Nation": "Alturas Rancheria", "Nation_Correct": "Alturas Rancheria", "Cession_Reservation": "Reservation Current", "Year": "2010", "year": 2010, "LinkRoyce": null, "LinkKappler": null, "LinkFedStatute": null, "LinkExecOrder": null, "step": 11, "scrolly_year": 2010, "event_title": "Present-day reservations", "scrolly_type": "current_reservation" }, "geometry": { "type": "MultiPolygon", "coordinates": [ [ [ [ -120.512901305963993, 41.470516204920905 ], [ -120.512809753263994, 41.464160919181481 ], [ -120.52209472656601, 41.470443726324724 ], [ -120.512901305963993, 41.470516204920905 ] ] ], [ [ [ -120.467811583902019, 41.490379333255909 ], [ -120.468673706063001, 41.464046478737316 ], [ -120.49207305941502, 41.471134186027875 ], [ -120.467811583902019, 41.490379333255909 ] ] ] ] } },
{ "type": "Feature", "properties": { "OBJECTID": 839, "CessionID": 10071, "Nation": "Jemez Indian Reservation", "Nation_Correct": "Jemez Indian Reservation", "Cession_Reservation": "Reservation Current", "Year": "2010", "year": 2010, "LinkRoyce": null, "LinkKappler": null, "LinkFedStatute": null, "LinkExecOrder": null, "step": 11, "scrolly_year": 2010, "event_title": "Present-day reservations", "scrolly_type": "current_reservation" }, "geometry": { "type": "MultiPolygon", "coordinates": [ [ [ [ -106.618957519676002, 35.617675780729272 ], [ -106.621276855654003, 35.554584502518907 ], [ -106.853889465677995, 35.578098296801059 ], [ -106.854133605314004, 35.6506996155953 ], [ -106.618957519676002, 35.617675780729272 ] ] ], [ [ [ -106.603775024786998, 35.700794220226967 ], [ -106.458068848048001, 35.676033019863283 ], [ -106.619438171354005, 35.676208496213555 ], [ -106.603775024786998, 35.700794220226967 ] ] ], [ [ [ -106.847419738815006, 35.708831787202151 ], [ -106.996002197126003, 35.72174835165201 ], [ -106.974037170312997, 35.820842743103945 ], [ -106.851509094567007, 35.820877075493712 ], [ -106.847419738815006, 35.708831787202151 ] ] ] ] } },
{ "type": "Feature", "properties": { "OBJECTID": 840, "CessionID": 10144, "Nation": "Saint Croix Indian Reservation", "Nation_Correct": "Saint Croix Indian Reservation", "Cession_Reservation": "Reservation Current", "Year": "2010", "year": 2010, "LinkRoyce": null, "LinkKappler": null, "LinkFedStatute": null, "LinkExecOrder": null, "step": 11, "scrolly_year": 2010, "event_title": "Present-day reservations", "scrolly_type": "current_reservation" }, "geometry": { "type": "MultiPolygon", "coordinates": [ [ [ [ -92.292190551600996, 45.532859801869307 ], [ -92.265396118040996, 45.514202117730399 ], [ -92.293373108214098, 45.514541625395893 ], [ -92.292190551600996, 45.532859801869307 ] ] ], [ [ [ -92.351112365321697, 45.785518646471935 ], [ -92.330245971813696, 45.770854950189275 ], [ -92.351135253496807, 45.770874023311521 ], [ -92.351112365321697, 45.785518646471935 ] ] ], [ [ [ -92.219894409724603, 45.818420410284915 ], [ -92.198394775806605, 45.80374526983384 ], [ -92.219299316273094, 45.803783416741112 ], [ -92.219894409724603, 45.818420410284915 ] ] ], [ [ [ -92.344482421232499, 46.015510558417702 ], [ -92.344635009066593, 46.000797271539966 ], [ -92.365600585565105, 46.000820159716973 ], [ -92.344482421232499, 46.015510558417702 ] ] ] ] } },
{ "type": "Feature", "properties": { "OBJECTID": 841, "CessionID": 10066, "Nation": "Hualapai Indian Reservation", "Nation_Correct": "Hualapai Indian Reservation", "Cession_Reservation": "Reservation Current", "Year": "2010", "year": 2010, "LinkRoyce": null, "LinkKappler": null, "LinkFedStatute": null, "LinkExecOrder": null, "step": 11, "scrolly_year": 2010, "event_title": "Present-day reservations", "scrolly_type": "current_reservation" }, "geometry": { "type": "Polygon", "coordinates": [ [ [ -112.876686095650982, 36.273204803626051 ], [ -112.876388549373999, 35.818134308238761 ], [ -113.351310730775012, 35.492630004740668 ], [ -113.616310119380003, 35.495208740518805 ], [ -113.904106140289002, 35.766250610397243 ], [ -113.902908325791003, 36.091194153181313 ], [ -113.785400390687016, 36.033721923905595 ], [ -113.642082214450994, 35.826606750573987 ], [ -113.603416442902002, 35.849369048548276 ], [ -113.504173278733006, 35.767623901608509 ], [ -113.374084473107999, 35.753772735721533 ], [ -113.309616088921004, 35.861133576209603 ], [ -113.351860046080006, 36.034431457127702 ], [ -113.308029175445995, 36.098888397550184 ], [ -113.221961975248007, 36.093448639259307 ], [ -113.155975341212994, 36.172130585360698 ], [ -112.876686095650982, 36.273204803626051 ] ] ] } },
{ "type": "Feature", "properties": { "OBJECTID": 842, "CessionID": 10090, "Nation": "Lummi Indian Reservation", "Nation_Correct": "Lummi Indian Reservation", "Cession_Reservation": "Reservation Current", "Year": "2010", "year": 2010, "LinkRoyce": null, "LinkKappler": null, "LinkFedStatute": null, "LinkExecOrder": null, "step": 11, "scrolly_year": 2010, "event_title": "Present-day reservations", "scrolly_type": "current_reservation" }, "geometry": { "type": "MultiPolygon", "coordinates": [ [ [ [ -122.648910523268, 48.711791992368042 ], [ -122.605644226722006, 48.704128265785748 ], [ -122.614830017034009, 48.692901611242128 ], [ -122.648910523268, 48.711791992368042 ] ] ], [ [ [ -122.594367980387986, 48.819381713411587 ], [ -122.651062011730019, 48.714992523136615 ], [ -122.643074035018003, 48.782592773480978 ], [ -122.708343505334994, 48.819400787523762 ], [ -122.594367980387986, 48.819381713411587 ] ] ] ] } },
{ "type": "Feature", "properties": { "OBJECTID": 843, "CessionID": 10045, "Nation": "Fort Belknap Indian Reservation", "Nation_Correct": "Fort Belknap Indian Reservation", "Cession_Reservation": "Reservation Current", "Year": "2010", "year": 2010, "LinkRoyce": null, "LinkKappler": null, "LinkFedStatute": null, "LinkExecOrder": null, "step": 11, "scrolly_year": 2010, "event_title": "Present-day reservations", "scrolly_type": "current_reservation" }, "geometry": { "type": "Polygon", "coordinates": [ [ [ -108.892143249297007, 48.535881042396284 ], [ -108.283485412136997, 48.393547058110521 ], [ -108.366935730081011, 47.884021759260307 ], [ -108.505180359034014, 47.926147461082351 ], [ -108.454917907596993, 47.980243683044648 ], [ -108.604354858678008, 47.994800567103908 ], [ -108.628150939500003, 47.919101715322022 ], [ -108.886329651018997, 47.923717498831607 ], [ -108.892143249297007, 48.535881042396284 ] ] ] } },
{ "type": "Feature", "properties": { "OBJECTID": 844, "CessionID": 10046, "Nation": "Fort Berthold Indian Reservation", "Nation_Correct": "Fort Berthold Indian Reservation", "Cession_Reservation": "Reservation Current", "Year": "2010", "year": 2010, "LinkRoyce": null, "LinkKappler": null, "LinkFedStatute": null, "LinkExecOrder": null, "step": 11, "scrolly_year": 2010, "event_title": "Present-day reservations", "scrolly_type": "current_reservation" }, "geometry": { "type": "Polygon", "coordinates": [ [ [ -101.891418400068005, 47.443031404349945 ], [ -102.098571869650996, 47.482639266035939 ], [ -102.459190434413998, 47.467430127667555 ], [ -102.459091058286006, 47.508823327316186 ], [ -102.674888566690001, 47.528606483551876 ], [ -102.687072809900997, 47.572116846015867 ], [ -102.785118027969006, 47.594001793035979 ], [ -102.785789518644009, 48.015331211219412 ], [ -101.817260789022995, 48.015407639606707 ], [ -101.822715808586011, 47.58765408007109 ], [ -101.693221976038998, 47.587448080783005 ], [ -101.693283173767995, 47.554325049101955 ], [ -101.891418400068005, 47.443031404349945 ] ], [ [ -101.962364253249007, 47.801632000676278 ], [ -101.946609487507004, 47.819755477403071 ], [ -101.968162597684994, 47.819988269511207 ], [ -101.962364253249007, 47.801632000676278 ] ], [ [ -102.642539952584997, 47.809394889030209 ], [ -102.633827136500003, 47.8104476503744 ], [ -102.642906296787004, 47.820442163996077 ], [ -102.642539952584997, 47.809394889030209 ] ] ] } },
{ "type": "Feature", "properties": { "OBJECTID": 845, "CessionID": 10052, "Nation": "Fort Mojave Indian Reservation", "Nation_Correct": "Fort Mojave Indian Reservation", "Cession_Reservation": "Reservation Current", "Year": "2010", "year": 2010, "LinkRoyce": null, "LinkKappler": null, "LinkFedStatute": null, "LinkExecOrder": null, "step": 11, "scrolly_year": 2010, "event_title": "Present-day reservations", "scrolly_type": "current_reservation" }, "geometry": { "type": "Polygon", "coordinates": [ [ [ -114.649726867698021, 35.067924499465548 ], [ -114.507705688051999, 34.853427887293932 ], [ -114.573921202940994, 34.810195923482468 ], [ -114.688926696666982, 34.982582092036807 ], [ -114.628730773632, 34.988265991566223 ], [ -114.649726867698021, 35.067924499465548 ] ] ] } },
{ "type": "Feature", "properties": { "OBJECTID": 846, "CessionID": 10102, "Nation": "Morongo Indian Reservation", "Nation_Correct": "Morongo Indian Reservation", "Cession_Reservation": "Reservation Current", "Year": "2010", "year": 2010, "LinkRoyce": null, "LinkKappler": null, "LinkFedStatute": null, "LinkExecOrder": null, "step": 11, "scrolly_year": 2010, "event_title": "Present-day reservations", "scrolly_type": "current_reservation" }, "geometry": { "type": "MultiPolygon", "coordinates": [ [ [ [ -116.859962464103006, 33.857513432952686 ], [ -116.877189624740993, 33.871543890404517 ], [ -116.859489444961, 33.871597266099165 ], [ -116.859962464103006, 33.857513432952686 ] ] ], [ [ [ -116.807403580808014, 33.857662221672264 ], [ -116.789222732171012, 33.871334058338277 ], [ -116.789146445553015, 33.857688913863299 ], [ -116.807403580808014, 33.857662221672264 ] ] ], [ [ [ -116.859489444961, 33.871597266099165 ], [ -116.841804494433021, 33.887111687545172 ], [ -116.842330921225994, 33.871658333446803 ], [ -116.859489444961, 33.871597266099165 ] ] ], [ [ [ -116.894096339472981, 33.895576474334739 ], [ -116.894401556126994, 33.886489878461468 ], [ -116.912094086189995, 33.886886571391088 ], [ -116.894096339472981, 33.895576474334739 ] ] ], [ [ [ -116.80695344063399, 33.886756884641322 ], [ -116.791076630339006, 33.897758467087151 ], [ -116.790901178134988, 33.886836992158337 ], [ -116.80695344063399, 33.886756884641322 ] ] ], [ [ [ -116.824127193620996, 33.886249554707128 ], [ -116.841911309734996, 33.900302899424616 ], [ -116.824195830522982, 33.900348684530805 ], [ -116.824127193620996, 33.886249554707128 ] ] ], [ [ [ -116.876136771154989, 33.886531825811105 ], [ -116.85954285261198, 33.902526827215326 ], [ -116.858963018167998, 33.887046786106225 ], [ -116.876136771154989, 33.886531825811105 ] ] ], [ [ [ -116.790901178134988, 33.886836992158337 ], [ -116.772636393162998, 33.886863733487225 ], [ -116.772338896405998, 33.879577663975986 ], [ -116.790901178134988, 33.886836992158337 ] ] ], [ [ [ -116.754913334416017, 33.886898048600656 ], [ -116.772636393162998, 33.886863733487225 ], [ -116.755119315304015, 33.896907801218589 ], [ -116.754913334416017, 33.886898048600656 ] ] ], [ [ [ -116.736068715000997, 33.88781354043703 ], [ -116.719429038523003, 33.904243474096923 ], [ -116.718894962014005, 33.888313287403392 ], [ -116.736068715000997, 33.88781354043703 ] ] ], [ [ [ -116.736579912541998, 33.904655461875116 ], [ -116.754920984131985, 33.918281565047728 ], [ -116.737197855204997, 33.918312082016996 ], [ -116.736579912541998, 33.904655461875116 ] ] ], [ [ [ -116.806404134874001, 33.918582890521201 ], [ -116.788734413597012, 33.93317796243322 ], [ -116.788688655662, 33.918621036596164 ], [ -116.806404134874001, 33.918582890521201 ] ] ], [ [ [ -116.737197855204997, 33.918312082016996 ], [ -116.718933070233007, 33.933792094286268 ], [ -116.71891019126501, 33.91878509364313 ], [ -116.737197855204997, 33.918312082016996 ] ] ], [ [ [ -116.841842672832996, 33.918491339871515 ], [ -116.876747134281999, 34.016609193548028 ], [ -116.772445711708002, 34.018741606937368 ], [ -116.772819495082999, 33.976463318211501 ], [ -116.717994681665004, 33.975608840542598 ], [ -116.754920984131985, 33.918281565047728 ], [ -116.797149662745014, 33.977943414773023 ], [ -116.841842672832996, 33.918491339871515 ] ], [ [ -116.788932814949007, 34.006851168756697 ], [ -116.779968260041983, 33.977992999191329 ], [ -116.780059846092016, 34.007099180759184 ], [ -116.788932814949007, 34.006851168756697 ] ] ] ] } },
{ "type": "Feature", "properties": { "OBJECTID": 847, "CessionID": 10128, "Nation": "Puyallup Indian Reservation", "Nation_Correct": "Puyallup Indian Reservation", "Cession_Reservation": "Reservation Current", "Year": "2010", "year": 2010, "LinkRoyce": null, "LinkKappler": null, "LinkFedStatute": null, "LinkExecOrder": null, "step": 11, "scrolly_year": 2010, "event_title": "Present-day reservations", "scrolly_type": "current_reservation" }, "geometry": { "type": "Polygon", "coordinates": [ [ [ -122.322631836209979, 47.202510833478613 ], [ -122.397880554474, 47.197822570684913 ], [ -122.428794861352998, 47.319175720287191 ], [ -122.333686828388011, 47.263481139673992 ], [ -122.322631836209979, 47.202510833478613 ] ] ] } },
{ "type": "Feature", "properties": { "OBJECTID": 848, "CessionID": 10158, "Nation": "Santa Ynez Indian Reservation", "Nation_Correct": "Santa Ynez Indian Reservation", "Cession_Reservation": "Reservation Current", "Year": "2010", "year": 2010, "LinkRoyce": null, "LinkKappler": null, "LinkFedStatute": null, "LinkExecOrder": null, "step": 11, "scrolly_year": 2010, "event_title": "Present-day reservations", "scrolly_type": "current_reservation" }, "geometry": { "type": "Polygon", "coordinates": [ [ [ -120.086708069165994, 34.608722686254147 ], [ -120.08825683658101, 34.591907501245331 ], [ -120.100013732795986, 34.596843720008934 ], [ -120.086708069165994, 34.608722686254147 ] ] ] } },
{ "type": "Feature", "properties": { "OBJECTID": 849, "CessionID": 10142, "Nation": "Sac and Fox Indian Reservation", "Nation_Correct": "Sac and Fox Indian Reservation", "Cession_Reservation": "Reservation Current", "Year": "2010", "year": 2010, "LinkRoyce": null, "LinkKappler": null, "LinkFedStatute": null, "LinkExecOrder": null, "step": 11, "scrolly_year": 2010, "event_title": "Present-day reservations", "scrolly_type": "current_reservation" }, "geometry": { "type": "Polygon", "coordinates": [ [ [ -92.651206970156295, 41.99410629296878 ], [ -92.622108459402099, 41.950317383457431 ], [ -92.670341491746598, 41.994682312285384 ], [ -92.651206970156295, 41.99410629296878 ] ] ] } },
{ "type": "Feature", "properties": { "OBJECTID": 850, "CessionID": 10177, "Nation": "Taos Indian Reservation", "Nation_Correct": "Taos Indian Reservation", "Cession_Reservation": "Reservation Current", "Year": "2010", "year": 2010, "LinkRoyce": null, "LinkKappler": null, "LinkFedStatute": null, "LinkExecOrder": null, "step": 11, "scrolly_year": 2010, "event_title": "Present-day reservations", "scrolly_type": "current_reservation" }, "geometry": { "type": "MultiPolygon", "coordinates": [ [ [ [ -105.633537292560007, 36.409439086214611 ], [ -105.721832276033993, 36.342548370754592 ], [ -105.720741272121998, 36.483142853261796 ], [ -105.633537292560007, 36.409439086214611 ] ] ], [ [ [ -105.634155273288002, 36.516921997358871 ], [ -105.618957519616004, 36.466537475978299 ], [ -105.679939269995998, 36.520679474167139 ], [ -105.634155273288002, 36.516921997358871 ] ] ], [ [ [ -105.376228332593001, 36.553050995160469 ], [ -105.361419677897999, 36.407848358584765 ], [ -105.589569091976003, 36.400226593118951 ], [ -105.593025207319002, 36.500011443747958 ], [ -105.376228332593001, 36.553050995160469 ] ] ] ] } },
{ "type": "Feature", "properties": { "OBJECTID": 851, "CessionID": 10160, "Nation": "Santee Sioux Indian Reservation", "Nation_Correct": "Santee Sioux Indian Reservation", "Cession_Reservation": "Reservation Current", "Year": "2010", "year": 2010, "LinkRoyce": null, "LinkKappler": null, "LinkFedStatute": null, "LinkExecOrder": null, "step": 11, "scrolly_year": 2010, "event_title": "Present-day reservations", "scrolly_type": "current_reservation" }, "geometry": { "type": "Polygon", "coordinates": [ [ [ -97.7215423586659, 42.854061127061179 ], [ -97.721359252366597, 42.613071441529193 ], [ -97.954437256183397, 42.611942290985127 ], [ -97.952461241934401, 42.763305663732204 ], [ -97.869132996054901, 42.853370666226894 ], [ -97.7215423586659, 42.854061127061179 ] ] ] } },
{ "type": "Feature", "properties": { "OBJECTID": 852, "CessionID": 10119, "Nation": "Pechanga Indian Reservation", "Nation_Correct": "Pechanga Indian Reservation", "Cession_Reservation": "Reservation Current", "Year": "2010", "year": 2010, "LinkRoyce": null, "LinkKappler": null, "LinkFedStatute": null, "LinkExecOrder": null, "step": 11, "scrolly_year": 2010, "event_title": "Present-day reservations", "scrolly_type": "current_reservation" }, "geometry": { "type": "MultiPolygon", "coordinates": [ [ [ [ -117.101936340223006, 33.453830718860331 ], [ -117.108184813828998, 33.447589874444176 ], [ -117.115699767356006, 33.453659058117346 ], [ -117.101936340223006, 33.453830718860331 ] ] ], [ [ [ -117.083030701282979, 33.460258483884793 ], [ -117.02999877885901, 33.431373595627868 ], [ -117.091712951741016, 33.446334838952886 ], [ -117.083030701282979, 33.460258483884793 ] ] ] ] } },
{ "type": "Feature", "properties": { "OBJECTID": 853, "CessionID": 10070, "Nation": "Isleta Indian Reservation", "Nation_Correct": "Isleta Indian Reservation", "Cession_Reservation": "Reservation Current", "Year": "2010", "year": 2010, "LinkRoyce": null, "LinkKappler": null, "LinkFedStatute": null, "LinkExecOrder": null, "step": 11, "scrolly_year": 2010, "event_title": "Present-day reservations", "scrolly_type": "current_reservation" }, "geometry": { "type": "Polygon", "coordinates": [ [ [ -106.319129943551005, 34.947067261104642 ], [ -106.366172790788994, 34.815242767113119 ], [ -106.670173645077, 34.814807892034814 ], [ -106.678993225484007, 34.862438201905071 ], [ -106.993553161489004, 34.839305877720989 ], [ -107.028686523779001, 34.912117004618658 ], [ -106.940658569014005, 34.956901550780685 ], [ -106.319129943551005, 34.947067261104642 ] ] ] } },
{ "type": "Feature", "properties": { "OBJECTID": 854, "CessionID": 10034, "Nation": "Crow Creek Indian Reservation", "Nation_Correct": "Crow Creek Indian Reservation", "Cession_Reservation": "Reservation Current", "Year": "2010", "year": 2010, "LinkRoyce": null, "LinkKappler": null, "LinkFedStatute": null, "LinkExecOrder": null, "step": 11, "scrolly_year": 2010, "event_title": "Present-day reservations", "scrolly_type": "current_reservation" }, "geometry": { "type": "Polygon", "coordinates": [ [ [ -100.038894653054996, 44.284465789583514 ], [ -99.9184112542859, 44.265304564987716 ], [ -99.899330139335902, 44.25793075565506 ], [ -99.891220092357003, 44.236927032714249 ], [ -99.785331725315402, 44.236854552755815 ], [ -99.784873962711302, 44.280605316008547 ], [ -99.419731139919506, 44.281795501664043 ], [ -99.419769287776305, 44.239402771298302 ], [ -99.299186706016897, 44.239738464717838 ], [ -99.285583496109908, 44.108364105173401 ], [ -99.106605530454303, 44.079723358485829 ], [ -99.105133056956305, 43.934375762654938 ], [ -99.372200012510504, 43.915050506888804 ], [ -99.359550476566994, 43.988281250450925 ], [ -99.570487975765616, 44.087425232062287 ], [ -99.5850219723593, 44.190055846930434 ], [ -99.686843871823896, 44.203929901223724 ], [ -99.591300964430005, 44.14953994740641 ], [ -99.6277008057437, 44.093280792196417 ], [ -99.865501403926103, 44.122882843097074 ], [ -99.941291809001399, 44.198406219509515 ], [ -99.896835327349095, 44.251079559195347 ], [ -100.038894653054996, 44.284465789583514 ] ] ] } },
{ "type": "Feature", "properties": { "OBJECTID": 855, "CessionID": 10097, "Nation": "Miccosukee Indian Reservation", "Nation_Correct": "Miccosukee Indian Reservation", "Cession_Reservation": "Reservation Current", "Year": "2010", "year": 2010, "LinkRoyce": null, "LinkKappler": null, "LinkFedStatute": null, "LinkExecOrder": null, "step": 11, "scrolly_year": 2010, "event_title": "Present-day reservations", "scrolly_type": "current_reservation" }, "geometry": { "type": "Polygon", "coordinates": [ [ [ -80.783874512147804, 26.172956466561899 ], [ -80.776916504215095, 25.979257583463216 ], [ -80.872978211143504, 25.979436874009917 ], [ -80.880088806011997, 26.259180068508694 ], [ -80.750907898001003, 26.259372710842509 ], [ -80.751579284471305, 26.173797606957006 ], [ -80.783874512147804, 26.172956466561899 ] ] ] } },
{ "type": "Feature", "properties": { "OBJECTID": 856, "CessionID": 10167, "Nation": "Sokaogon Chippewa Indian Reservation", "Nation_Correct": "Sokaogon Chippewa Indian Reservation", "Cession_Reservation": "Reservation Current", "Year": "2010", "year": 2010, "LinkRoyce": null, "LinkKappler": null, "LinkFedStatute": null, "LinkExecOrder": null, "step": 11, "scrolly_year": 2010, "event_title": "Present-day reservations", "scrolly_type": "current_reservation" }, "geometry": { "type": "Polygon", "coordinates": [ [ [ -89.019091141034806, 45.50088233494828 ], [ -88.982878057671996, 45.47947505743209 ], [ -89.019091141034806, 45.491464134991936 ], [ -89.019091141034806, 45.50088233494828 ] ] ] } },
{ "type": "Feature", "properties": { "OBJECTID": 857, "CessionID": 10064, "Nation": "Hopi Indian Reservation", "Nation_Correct": "Hopi Indian Reservation", "Cession_Reservation": "Reservation Current", "Year": "2010", "year": 2010, "LinkRoyce": null, "LinkKappler": null, "LinkFedStatute": null, "LinkExecOrder": null, "step": 11, "scrolly_year": 2010, "event_title": "Present-day reservations", "scrolly_type": "current_reservation" }, "geometry": { "type": "MultiPolygon", "coordinates": [ [ [ [ -110.88632962688601, 35.500007588312975 ], [ -110.803481938361003, 35.578399652424245 ], [ -111.000694145707001, 35.548992135882251 ], [ -111.000702005966005, 36.281406466221924 ], [ -110.875701995626997, 36.277717512473501 ], [ -110.845031827487006, 36.374046256510077 ], [ -110.753425564940997, 36.410198272074702 ], [ -110.721786339187986, 36.374996246653801 ], [ -110.577293448631011, 36.374996246653801 ], [ -110.320121503305003, 36.430507672900191 ], [ -110.444336049217, 36.163867982868446 ], [ -110.569251842496996, 36.142589523593244 ], [ -110.616737349863001, 36.041477126001887 ], [ -110.500686805542998, 36.015750804904414 ], [ -110.500694104354011, 36.070510904470524 ], [ -110.425018340478999, 36.099151545295534 ], [ -110.402847357819994, 36.043075577545075 ], [ -110.291725195726997, 36.043128919233901 ], [ -110.321472344914014, 36.000003882352509 ], [ -110.160628993291994, 35.965248156691104 ], [ -110.124160761439015, 35.993854409753354 ], [ -110.119186340553, 35.911895747926678 ], [ -110.019737224131006, 35.925056502470106 ], [ -110.054718182740999, 35.845169174378583 ], [ -110.000671605118995, 35.84426873346581 ], [ -110.000671605118995, 35.648975438789392 ], [ -110.146415961155995, 35.649028818089924 ], [ -110.125678914269002, 35.579280955456376 ], [ -110.277817029340994, 35.590850925462419 ], [ -110.250686784866005, 35.518642516695522 ], [ -110.88632962688601, 35.500007588312975 ] ], [ [ -110.236205942486009, 35.719730291072153 ], [ -110.081573318159997, 35.702568074768607 ], [ -110.100975243956015, 35.809341400125682 ], [ -110.236205942486009, 35.719730291072153 ] ] ], [ [ [ -111.246917873507996, 35.96487803050077 ], [ -111.278037760738002, 36.096832233430746 ], [ -111.082855184487002, 36.14447019395832 ], [ -111.138969571602999, 35.96559147047072 ], [ -111.246917873507996, 35.96487803050077 ] ] ], [ [ [ -111.210771912262999, 36.128830196224619 ], [ -111.211601169559998, 36.132564490707409 ], [ -111.205261309441994, 36.162803687095817 ], [ -111.210771912262999, 36.128830196224619 ] ] ] ] } },
{ "type": "Feature", "properties": { "OBJECTID": 858, "CessionID": 10042, "Nation": "Flathead Indian Reservation", "Nation_Correct": "Flathead Indian Reservation", "Cession_Reservation": "Reservation Current", "Year": "2010", "year": 2010, "LinkRoyce": null, "LinkKappler": null, "LinkFedStatute": null, "LinkExecOrder": null, "step": 11, "scrolly_year": 2010, "event_title": "Present-day reservations", "scrolly_type": "current_reservation" }, "geometry": { "type": "Polygon", "coordinates": [ [ [ -114.041885518282001, 47.009643704236403 ], [ -114.142585538738004, 47.073635172611723 ], [ -114.146286036261984, 47.140178577798025 ], [ -114.275825346020014, 47.120139935520719 ], [ -114.353721632988012, 47.186481367900114 ], [ -114.690277138525005, 47.273231477286927 ], [ -114.698257546930009, 47.41837328733574 ], [ -114.793449210353018, 47.511180847060579 ], [ -114.720520045458997, 47.710971681120114 ], [ -114.838966284352011, 47.781955618006663 ], [ -114.790336547893006, 47.830932655635003 ], [ -114.844901902591999, 47.880859494404618 ], [ -113.927147075723994, 47.88439177257348 ], [ -113.972885359862005, 47.718341674367515 ], [ -113.902344029283, 47.514316584298641 ], [ -113.949935650141001, 47.475868217667028 ], [ -113.869384841507994, 47.382629526073295 ], [ -113.893112155397006, 47.311221896148147 ], [ -113.823509002842002, 47.270152983490448 ], [ -113.732574230972006, 47.28197112271414 ], [ -113.730995441860003, 47.168926360731234 ], [ -113.665382493508005, 47.122192237015049 ], [ -113.725113161089993, 47.117133927375548 ], [ -113.728851275566001, 47.071098416993031 ], [ -113.907714831787999, 47.104003765613903 ], [ -114.041885518282001, 47.009643704236403 ] ], [ [ -114.204963429173006, 47.281593287845411 ], [ -114.162834126689006, 47.364581986629638 ], [ -114.256630032738997, 47.366664768749644 ], [ -114.279792530893005, 47.304397566510026 ], [ -114.204963429173006, 47.281593287845411 ] ], [ [ -114.140312239622006, 47.428661425099257 ], [ -114.074898043527, 47.457050489396018 ], [ -114.140586787231001, 47.457637755656805 ], [ -114.140312239622006, 47.428661425099257 ] ], [ [ -114.178352523222003, 47.616348406022261 ], [ -114.135025092728, 47.646499725199973 ], [ -114.178077975614002, 47.647205532099058 ], [ -114.178352523222003, 47.616348406022261 ] ] ] } },
{ "type": "Feature", "properties": { "OBJECTID": 859, "CessionID": 10179, "Nation": "Tesuque Indian Reservation", "Nation_Correct": "Tesuque Indian Reservation", "Cession_Reservation": "Reservation Current", "Year": "2010", "year": 2010, "LinkRoyce": null, "LinkKappler": null, "LinkFedStatute": null, "LinkExecOrder": null, "step": 11, "scrolly_year": 2010, "event_title": "Present-day reservations", "scrolly_type": "current_reservation" }, "geometry": { "type": "Polygon", "coordinates": [ [ [ -105.924545288277002, 35.839328765790114 ], [ -105.926887511531007, 35.766284942328561 ], [ -106.019287109540997, 35.766304016184364 ], [ -106.018173217454006, 35.839351654060572 ], [ -105.924545288277002, 35.839328765790114 ] ] ] } },
{ "type": "Feature", "properties": { "OBJECTID": 860, "CessionID": 10181, "Nation": "Tonawanda Indian Reservation", "Nation_Correct": "Tonawanda Indian Reservation", "Cession_Reservation": "Reservation Current", "Year": "2010", "year": 2010, "LinkRoyce": null, "LinkKappler": null, "LinkFedStatute": null, "LinkExecOrder": null, "step": 11, "scrolly_year": 2010, "event_title": "Present-day reservations", "scrolly_type": "current_reservation" }, "geometry": { "type": "Polygon", "coordinates": [ [ [ -78.425422668457998, 43.096412658731325 ], [ -78.440223693761496, 43.031471252216733 ], [ -78.490043640479499, 43.095867156782681 ], [ -78.425422668457998, 43.096412658731325 ] ] ] } },
{ "type": "Feature", "properties": { "OBJECTID": 861, "CessionID": 10201, "Nation": "Yavapai Indian Reservation", "Nation_Correct": "Yavapai Indian Reservation", "Cession_Reservation": "Reservation Current", "Year": "2010", "year": 2010, "LinkRoyce": null, "LinkKappler": null, "LinkFedStatute": null, "LinkExecOrder": null, "step": 11, "scrolly_year": 2010, "event_title": "Present-day reservations", "scrolly_type": "current_reservation" }, "geometry": { "type": "Polygon", "coordinates": [ [ [ -112.462280273532002, 34.573223114344891 ], [ -112.479492187514012, 34.558162689833431 ], [ -112.480148315200012, 34.5736045834743 ], [ -112.462280273532002, 34.573223114344891 ] ] ] } },
{ "type": "Feature", "properties": { "OBJECTID": 862, "CessionID": 10139, "Nation": "Rocky Boys Indian Reservation", "Nation_Correct": "Rocky Boys Indian Reservation", "Cession_Reservation": "Reservation Current", "Year": "2010", "year": 2010, "LinkRoyce": null, "LinkKappler": null, "LinkFedStatute": null, "LinkExecOrder": null, "step": 11, "scrolly_year": 2010, "event_title": "Present-day reservations", "scrolly_type": "current_reservation" }, "geometry": { "type": "MultiPolygon", "coordinates": [ [ [ [ -109.857383720298998, 48.203460683829981 ], [ -109.958175677710003, 48.218181645640726 ], [ -109.844902050512005, 48.231986972755855 ], [ -109.914299011636999, 48.275642393711536 ], [ -109.977592481853009, 48.246383709247219 ], [ -110.063362081201007, 48.289562219277478 ], [ -110.064300539949002, 48.351837119004898 ], [ -109.979011539278005, 48.322025319101243 ], [ -109.845985362600004, 48.393432587237591 ], [ -109.801414467246005, 48.306026441101537 ], [ -109.716262880740999, 48.335559831809007 ], [ -109.672714240107993, 48.291492501952696 ], [ -109.714950498255007, 48.220256773532519 ], [ -109.618080108144994, 48.219676954476519 ], [ -109.618392974515018, 48.146839172544212 ], [ -109.821403526297004, 48.14704895420229 ], [ -109.857383720298998, 48.203460683829981 ] ], [ [ -109.934234592856015, 48.321849853488494 ], [ -109.891647289938987, 48.305526765862972 ], [ -109.890815786854006, 48.321205105511183 ], [ -109.934234592856015, 48.321849853488494 ] ] ], [ [ [ -109.999816942343998, 48.351619687401296 ], [ -109.955360441826997, 48.391128584495561 ], [ -109.954345766640998, 48.350528690967892 ], [ -109.999816942343998, 48.351619687401296 ] ] ], [ [ [ -109.954963639121999, 48.438194243864245 ], [ -109.8689270717, 48.408763850828556 ], [ -109.912132247098995, 48.364658346184292 ], [ -109.955360441826997, 48.391128584495561 ], [ -109.954963639121999, 48.438194243864245 ] ] ] ] } },
{ "type": "Feature", "properties": { "OBJECTID": 863, "CessionID": 10060, "Nation": "Greenville Rancheria", "Nation_Correct": "Greenville Rancheria", "Cession_Reservation": "Reservation Current", "Year": "2010", "year": 2010, "LinkRoyce": null, "LinkKappler": null, "LinkFedStatute": null, "LinkExecOrder": null, "step": 11, "scrolly_year": 2010, "event_title": "Present-day reservations", "scrolly_type": "current_reservation" }, "geometry": { "type": "Polygon", "coordinates": [ [ [ -120.911682128474993, 40.145637512137121 ], [ -120.892745971069019, 40.130882262934577 ], [ -120.911994933534999, 40.131122588647493 ], [ -120.911682128474993, 40.145637512137121 ] ] ] } },
{ "type": "Feature", "properties": { "OBJECTID": 864, "CessionID": 10039, "Nation": "Eastern Cherokee Indian Reservation", "Nation_Correct": "Eastern Cherokee Indian Reservation", "Cession_Reservation": "Reservation Current", "Year": "2010", "year": 2010, "LinkRoyce": null, "LinkKappler": null, "LinkFedStatute": null, "LinkExecOrder": null, "step": 11, "scrolly_year": 2010, "event_title": "Present-day reservations", "scrolly_type": "current_reservation" }, "geometry": { "type": "MultiPolygon", "coordinates": [ [ [ [ -83.373115539446999, 35.440288543230366 ], [ -83.376304626079204, 35.384788512984706 ], [ -83.437660217551397, 35.368484496733323 ], [ -83.408187866603498, 35.428833008375463 ], [ -83.373115539446999, 35.440288543230366 ] ] ], [ [ [ -83.168746948305596, 35.510433197255573 ], [ -83.227119445823206, 35.433921813411033 ], [ -83.388343810686095, 35.465282440732771 ], [ -83.288871765664197, 35.507026672337226 ], [ -83.305389404102002, 35.558727264387208 ], [ -83.257438659250695, 35.593650818160143 ], [ -83.168746948305596, 35.510433197255573 ] ] ] ] } },
{ "type": "Feature", "properties": { "OBJECTID": 865, "CessionID": 10161, "Nation": "Santo Domingo Indian Reservation", "Nation_Correct": "Santo Domingo Indian Reservation", "Cession_Reservation": "Reservation Current", "Year": "2010", "year": 2010, "LinkRoyce": null, "LinkKappler": null, "LinkFedStatute": null, "LinkExecOrder": null, "step": 11, "scrolly_year": 2010, "event_title": "Present-day reservations", "scrolly_type": "current_reservation" }, "geometry": { "type": "Polygon", "coordinates": [ [ [ -106.225479126199005, 35.525596618452198 ], [ -106.224662781286, 35.441184997370527 ], [ -106.398719787494002, 35.479755401551074 ], [ -106.532501221399997, 35.55138778719818 ], [ -106.528488159565001, 35.62491989103448 ], [ -106.225479126199005, 35.525596618452198 ] ] ] } },
{ "type": "Feature", "properties": { "OBJECTID": 866, "CessionID": 10073, "Nation": "Kaibab Indian Reservation", "Nation_Correct": "Kaibab Indian Reservation", "Cession_Reservation": "Reservation Current", "Year": "2010", "year": 2010, "LinkRoyce": null, "LinkKappler": null, "LinkFedStatute": null, "LinkExecOrder": null, "step": 11, "scrolly_year": 2010, "event_title": "Present-day reservations", "scrolly_type": "current_reservation" }, "geometry": { "type": "Polygon", "coordinates": [ [ [ -112.498062065620999, 36.832920059010533 ], [ -112.821800296394002, 36.83613206759204 ], [ -112.823020882286002, 37.003013592903706 ], [ -112.542388871868994, 36.999580373396398 ], [ -112.553787229568002, 36.904766107539714 ], [ -112.495666511408999, 36.904567726373152 ], [ -112.498062065620999, 36.832920059010533 ] ], [ [ -112.742889474601995, 36.860809305308187 ], [ -112.738380493323007, 36.864513410023655 ], [ -112.742889474601995, 36.864505773805199 ], [ -112.742889474601995, 36.860809305308187 ] ] ] } },
{ "type": "Feature", "properties": { "OBJECTID": 867, "CessionID": 10069, "Nation": "Isabella Indian Reservation", "Nation_Correct": "Isabella Indian Reservation", "Cession_Reservation": "Reservation Current", "Year": "2010", "year": 2010, "LinkRoyce": null, "LinkKappler": null, "LinkFedStatute": null, "LinkExecOrder": null, "step": 11, "scrolly_year": 2010, "event_title": "Present-day reservations", "scrolly_type": "current_reservation" }, "geometry": { "type": "Polygon", "coordinates": [ [ [ -84.607612610181903, 43.814552307662602 ], [ -84.607872009499999, 43.599163055138199 ], [ -84.849273681466897, 43.60103607140703 ], [ -84.849166869982994, 43.553234099966112 ], [ -84.967277527032394, 43.553295134942609 ], [ -84.969062805590397, 43.7276916499112 ], [ -84.729072570191093, 43.727424621772855 ], [ -84.728683472112294, 43.815773010665382 ], [ -84.607612610181903, 43.814552307662602 ] ] ] } },
{ "type": "Feature", "properties": { "OBJECTID": 868, "CessionID": 10094, "Nation": "Menominee Indian Reservation", "Nation_Correct": "Menominee Indian Reservation", "Cession_Reservation": "Reservation Current", "Year": "2010", "year": 2010, "LinkRoyce": null, "LinkKappler": null, "LinkFedStatute": null, "LinkExecOrder": null, "step": 11, "scrolly_year": 2010, "event_title": "Present-day reservations", "scrolly_type": "current_reservation" }, "geometry": { "type": "Polygon", "coordinates": [ [ [ -88.483551025146994, 45.116962432874985 ], [ -88.489425659457098, 44.855426788703568 ], [ -88.735977173521803, 44.856136322051412 ], [ -88.735641479388406, 44.942855835236777 ], [ -88.9812240598079, 44.942657471230106 ], [ -88.981811523867705, 45.117973327792207 ], [ -88.483551025146994, 45.116962432874985 ] ] ] } },
{ "type": "Feature", "properties": { "OBJECTID": 869, "CessionID": 10154, "Nation": "Santa Ana Indian Reservation", "Nation_Correct": "Santa Ana Indian Reservation", "Cession_Reservation": "Reservation Current", "Year": "2010", "year": 2010, "LinkRoyce": null, "LinkKappler": null, "LinkFedStatute": null, "LinkExecOrder": null, "step": 11, "scrolly_year": 2010, "event_title": "Present-day reservations", "scrolly_type": "current_reservation" }, "geometry": { "type": "Polygon", "coordinates": [ [ [ -106.542747491206995, 35.323505374587477 ], [ -106.667808558912, 35.381420156524506 ], [ -106.668045068482996, 35.53754044589413 ], [ -106.560684180557004, 35.539913160166478 ], [ -106.560592664688002, 35.450508117271589 ], [ -106.487419129963996, 35.396823909859584 ], [ -106.523345916316003, 35.370800020865083 ], [ -106.470878619071996, 35.36829755549347 ], [ -106.542747491206995, 35.323505374587477 ] ], [ [ -106.623054491457012, 35.426139837118143 ], [ -106.536056516139013, 35.414764431055502 ], [ -106.632240326684993, 35.444698352977241 ], [ -106.623054491457012, 35.426139837118143 ] ] ] } },
{ "type": "Feature", "properties": { "OBJECTID": 870, "CessionID": 10061, "Nation": "Hannahville Indian Reservation", "Nation_Correct": "Hannahville Indian Reservation", "Cession_Reservation": "Reservation Current", "Year": "2010", "year": 2010, "LinkRoyce": null, "LinkKappler": null, "LinkFedStatute": null, "LinkExecOrder": null, "step": 11, "scrolly_year": 2010, "event_title": "Present-day reservations", "scrolly_type": "current_reservation" }, "geometry": { "type": "MultiPolygon", "coordinates": [ [ [ [ -87.459724426697505, 45.65383529677645 ], [ -87.470642089825006, 45.643241882429301 ], [ -87.479324341181993, 45.657352447452077 ], [ -87.459724426697505, 45.65383529677645 ] ] ], [ [ [ -87.459724426697505, 45.65383529677645 ], [ -87.459823607891394, 45.66069030742127 ], [ -87.450050354418494, 45.660762786257166 ], [ -87.459724426697505, 45.65383529677645 ] ] ], [ [ [ -87.429595947164401, 45.735446930109276 ], [ -87.409210205334105, 45.723693847788283 ], [ -87.429466247505403, 45.726299286392937 ], [ -87.429595947164401, 45.735446930109276 ] ] ], [ [ [ -87.422653198015198, 45.752418518095084 ], [ -87.442596435126504, 45.732612609629577 ], [ -87.449996947778203, 45.748569488657672 ], [ -87.422653198015198, 45.752418518095084 ] ] ], [ [ [ -87.408233643195402, 45.795509338146161 ], [ -87.439163207959595, 45.766487121158065 ], [ -87.450012206561695, 45.79522323611932 ], [ -87.408233643195402, 45.795509338146161 ] ] ] ] } },
{ "type": "Feature", "properties": { "OBJECTID": 871, "CessionID": 10038, "Nation": "Duckwater Indian Reservation", "Nation_Correct": "Duckwater Indian Reservation", "Cession_Reservation": "Reservation Current", "Year": "2010", "year": 2010, "LinkRoyce": null, "LinkKappler": null, "LinkFedStatute": null, "LinkExecOrder": null, "step": 11, "scrolly_year": 2010, "event_title": "Present-day reservations", "scrolly_type": "current_reservation" }, "geometry": { "type": "Polygon", "coordinates": [ [ [ -115.724807739404994, 38.968597412205263 ], [ -115.716651916974001, 38.939014434726253 ], [ -115.679275512622993, 38.895404815783479 ], [ -115.725059509331004, 38.909667968792284 ], [ -115.724807739404994, 38.968597412205263 ] ] ] } },
{ "type": "Feature", "properties": { "OBJECTID": 872, "CessionID": 10136, "Nation": "Reno-Sparks Indian Reservation", "Nation_Correct": "Reno-Sparks Indian Reservation", "Cession_Reservation": "Reservation Current", "Year": "2010", "year": 2010, "LinkRoyce": null, "LinkKappler": null, "LinkFedStatute": null, "LinkExecOrder": null, "step": 11, "scrolly_year": 2010, "event_title": "Present-day reservations", "scrolly_type": "current_reservation" }, "geometry": { "type": "Polygon", "coordinates": [ [ [ -119.731788634855988, 39.724773406820297 ], [ -119.750740051045014, 39.680450439435262 ], [ -119.750930786736021, 39.724884033311483 ], [ -119.731788634855988, 39.724773406820297 ] ] ] } },
{ "type": "Feature", "properties": { "OBJECTID": 873, "CessionID": 10031, "Nation": "Colorado River Indian Reservation", "Nation_Correct": "Colorado River Indian Reservation", "Cession_Reservation": "Reservation Current", "Year": "2010", "year": 2010, "LinkRoyce": null, "LinkKappler": null, "LinkFedStatute": null, "LinkExecOrder": null, "step": 11, "scrolly_year": 2010, "event_title": "Present-day reservations", "scrolly_type": "current_reservation" }, "geometry": { "type": "Polygon", "coordinates": [ [ [ -114.203811645249004, 34.137943268123394 ], [ -114.364776610793001, 33.682735443548438 ], [ -114.474044800157998, 33.682262420402417 ], [ -114.473754882375005, 33.638141632274767 ], [ -114.523094176517006, 33.637119292927288 ], [ -114.514823913211004, 34.012550354279831 ], [ -114.253921508852002, 34.287918091099101 ], [ -114.203811645249004, 34.137943268123394 ] ] ] } },
{ "type": "Feature", "properties": { "OBJECTID": 874, "CessionID": 10030, "Nation": "Coeur d'Alene Indian Reservation", "Nation_Correct": "Coeur d'Alene Indian Reservation", "Cession_Reservation": "Reservation Current", "Year": "2010", "year": 2010, "LinkRoyce": null, "LinkKappler": null, "LinkFedStatute": null, "LinkExecOrder": null, "step": 11, "scrolly_year": 2010, "event_title": "Present-day reservations", "scrolly_type": "current_reservation" }, "geometry": { "type": "Polygon", "coordinates": [ [ [ -116.854705810297006, 47.517414092793416 ], [ -116.940536498453, 47.464412689442916 ], [ -116.450454712134999, 47.448280333794216 ], [ -116.823753357357006, 47.044506072484168 ], [ -117.041305541862016, 47.128402710345696 ], [ -117.042572021783997, 47.521450042565505 ], [ -116.854705810297006, 47.517414092793416 ] ] ] } },
{ "type": "Feature", "properties": { "OBJECTID": 875, "CessionID": 10017, "Nation": "Cabazon Indian Reservation", "Nation_Correct": "Cabazon Indian Reservation", "Cession_Reservation": "Reservation Current", "Year": "2010", "year": 2010, "LinkRoyce": null, "LinkKappler": null, "LinkFedStatute": null, "LinkExecOrder": null, "step": 11, "scrolly_year": 2010, "event_title": "Present-day reservations", "scrolly_type": "current_reservation" }, "geometry": { "type": "MultiPolygon", "coordinates": [ [ [ [ -116.181137085128, 33.68712997422265 ], [ -116.165031432945014, 33.702136993831218 ], [ -116.164550781266996, 33.687561035549109 ], [ -116.181137085128, 33.68712997422265 ] ] ], [ [ [ -116.182273864493013, 33.725383759089901 ], [ -116.199272155507003, 33.702213287344101 ], [ -116.199417113948996, 33.7249679566076 ], [ -116.182273864493013, 33.725383759089901 ] ] ] ] } },
{ "type": "Feature", "properties": { "OBJECTID": 876, "CessionID": 10205, "Nation": "Zia Indian Reservation", "Nation_Correct": "Zia Indian Reservation", "Cession_Reservation": "Reservation Current", "Year": "2010", "year": 2010, "LinkRoyce": null, "LinkKappler": null, "LinkFedStatute": null, "LinkExecOrder": null, "step": 11, "scrolly_year": 2010, "event_title": "Present-day reservations", "scrolly_type": "current_reservation" }, "geometry": { "type": "MultiPolygon", "coordinates": [ [ [ [ -106.528488159565001, 35.62491989103448 ], [ -106.532485962615993, 35.549118042241716 ], [ -106.668045043891993, 35.537540435568786 ], [ -106.667366028030017, 35.39458084099077 ], [ -106.828292846615994, 35.408992767373043 ], [ -106.809951782661997, 35.541191100894984 ], [ -106.752090454387996, 35.578330993305194 ], [ -106.621276855654003, 35.554584502518907 ], [ -106.618957519676002, 35.617675780729272 ], [ -106.528488159565001, 35.62491989103448 ] ] ], [ [ [ -106.853889465677995, 35.578098296801059 ], [ -106.955482483390995, 35.562797545833966 ], [ -106.948242187066995, 35.708068847477094 ], [ -106.847419738815006, 35.708831787202151 ], [ -106.853889465677995, 35.578098296801059 ] ] ] ] } },
{ "type": "Feature", "properties": { "OBJECTID": 877, "CessionID": 10065, "Nation": "Hopland Indian Reservation", "Nation_Correct": "Hopland Indian Reservation", "Cession_Reservation": "Reservation Current", "Year": "2010", "year": 2010, "LinkRoyce": null, "LinkKappler": null, "LinkFedStatute": null, "LinkExecOrder": null, "step": 11, "scrolly_year": 2010, "event_title": "Present-day reservations", "scrolly_type": "current_reservation" }, "geometry": { "type": "Polygon", "coordinates": [ [ [ -123.049224853511987, 39.00669860852004 ], [ -123.030113220096993, 38.991367339784802 ], [ -123.050270080176006, 38.99170303355028 ], [ -123.049224853511987, 39.00669860852004 ] ] ] } },
{ "type": "Feature", "properties": { "OBJECTID": 878, "CessionID": 10062, "Nation": "Havasupai Indian Reservation", "Nation_Correct": "Havasupai Indian Reservation", "Cession_Reservation": "Reservation Current", "Year": "2010", "year": 2010, "LinkRoyce": null, "LinkKappler": null, "LinkFedStatute": null, "LinkExecOrder": null, "step": 11, "scrolly_year": 2010, "event_title": "Present-day reservations", "scrolly_type": "current_reservation" }, "geometry": { "type": "Polygon", "coordinates": [ [ [ -112.570869446136982, 36.358070373514522 ], [ -112.488487243031997, 36.343254089208905 ], [ -112.565536498637996, 36.326686858648891 ], [ -112.556983947838006, 36.223472595719102 ], [ -112.401092528676998, 36.127338409870013 ], [ -112.401161194100993, 36.022518158039269 ], [ -112.506965637834, 36.022560119620522 ], [ -112.507606505838993, 35.95164108278022 ], [ -112.594657898465002, 36.109561920235883 ], [ -112.873992920378015, 36.153686523547286 ], [ -112.845031738673995, 36.233348847121917 ], [ -112.737899780784005, 36.289611816437706 ], [ -112.620071411227997, 36.256622315212617 ], [ -112.570869446136982, 36.358070373514522 ] ] ] } },
{ "type": "Feature", "properties": { "OBJECTID": 879, "CessionID": 10124, "Nation": "Port Gamble Indian Reservation", "Nation_Correct": "Port Gamble Indian Reservation", "Cession_Reservation": "Reservation Current", "Year": "2010", "year": 2010, "LinkRoyce": null, "LinkKappler": null, "LinkFedStatute": null, "LinkExecOrder": null, "step": 11, "scrolly_year": 2010, "event_title": "Present-day reservations", "scrolly_type": "current_reservation" }, "geometry": { "type": "Polygon", "coordinates": [ [ [ -122.571708679829001, 47.864620209309265 ], [ -122.55136108405901, 47.8391342161623 ], [ -122.56484985309001, 47.839393615880574 ], [ -122.571708679829001, 47.864620209309265 ] ] ] } },
{ "type": "Feature", "properties": { "OBJECTID": 880, "CessionID": 10015, "Nation": "Bois Forte Indian Reservation", "Nation_Correct": "Bois Forte Indian Reservation", "Cession_Reservation": "Reservation Current", "Year": "2010", "year": 2010, "LinkRoyce": null, "LinkKappler": null, "LinkFedStatute": null, "LinkExecOrder": null, "step": 11, "scrolly_year": 2010, "event_title": "Present-day reservations", "scrolly_type": "current_reservation" }, "geometry": { "type": "MultiPolygon", "coordinates": [ [ [ [ -93.469848633449899, 47.898307800436569 ], [ -93.469894409800105, 47.810367583948384 ], [ -93.597129822027298, 47.81264114370903 ], [ -93.598594665235211, 47.899665832569525 ], [ -93.469848633449899, 47.898307800436569 ] ] ], [ [ [ -93.024215697595693, 48.184062957348459 ], [ -93.016777037985406, 48.00155258202475 ], [ -93.341522216411803, 48.002307892187311 ], [ -93.343086242610298, 48.185264587335041 ], [ -93.024215697595693, 48.184062957348459 ] ] ] ] } },
{ "type": "Feature", "properties": { "OBJECTID": 881, "CessionID": 10096, "Nation": "Mescalero Apache Indian Reservation", "Nation_Correct": "Mescalero Apache Indian Reservation", "Cession_Reservation": "Reservation Current", "Year": "2010", "year": 2010, "LinkRoyce": null, "LinkKappler": null, "LinkFedStatute": null, "LinkExecOrder": null, "step": 11, "scrolly_year": 2010, "event_title": "Present-day reservations", "scrolly_type": "current_reservation" }, "geometry": { "type": "Polygon", "coordinates": [ [ [ -105.312484741516002, 33.306522368893624 ], [ -105.312919615945006, 33.004337310714924 ], [ -105.826034545712005, 33.007175445455218 ], [ -105.821723937599998, 33.219257354883894 ], [ -105.924850463945006, 33.220275878769243 ], [ -105.928535461037995, 33.392719268630721 ], [ -105.721832276033993, 33.392406463465406 ], [ -105.722137451703006, 33.306877136429392 ], [ -105.312484741516002, 33.306522368893624 ] ] ] } },
{ "type": "Feature", "properties": { "OBJECTID": 882, "CessionID": 10016, "Nation": "Brighton Indian Reservation", "Nation_Correct": "Brighton Indian Reservation", "Cession_Reservation": "Reservation Current", "Year": "2010", "year": 2010, "LinkRoyce": null, "LinkKappler": null, "LinkFedStatute": null, "LinkExecOrder": null, "step": 11, "scrolly_year": 2010, "event_title": "Present-day reservations", "scrolly_type": "current_reservation" }, "geometry": { "type": "Polygon", "coordinates": [ [ [ -81.115753149700197, 26.989110973535865 ], [ -81.116874710368606, 27.122503310495691 ], [ -81.067954986507203, 27.122531918709903 ], [ -81.068511941983303, 27.165914534637796 ], [ -80.973205532819094, 27.135992021332942 ], [ -81.115753149700197, 26.989110973535865 ] ], [ [ -81.100036632538306, 27.092971798071986 ], [ -81.083763089719497, 27.107284514963268 ], [ -81.100555409614898, 27.107749929309612 ], [ -81.100036632538306, 27.092971798071986 ] ] ] } },
{ "type": "Feature", "properties": { "OBJECTID": 883, "CessionID": 10057, "Nation": "Goshute Indian Reservation", "Nation_Correct": "Goshute Indian Reservation", "Cession_Reservation": "Reservation Current", "Year": "2010", "year": 2010, "LinkRoyce": null, "LinkKappler": null, "LinkFedStatute": null, "LinkExecOrder": null, "step": 11, "scrolly_year": 2010, "event_title": "Present-day reservations", "scrolly_type": "current_reservation" }, "geometry": { "type": "Polygon", "coordinates": [ [ [ -114.047569274967998, 39.981990814778861 ], [ -114.046966553022997, 39.801914214484121 ], [ -114.036315917707014, 39.905490875250742 ], [ -113.924781799005004, 39.905433655039801 ], [ -113.959564208377998, 39.729415893279771 ], [ -114.126083373781015, 39.79084777838348 ], [ -114.126228332224002, 39.864341735813937 ], [ -114.229331970393005, 39.864803314683307 ], [ -114.228797912974002, 39.99497985893769 ], [ -114.047569274967998, 39.981990814778861 ] ] ] } },
{ "type": "Feature", "properties": { "OBJECTID": 884, "CessionID": 10092, "Nation": "Manzanita Indian Reservation", "Nation_Correct": "Manzanita Indian Reservation", "Cession_Reservation": "Reservation Current", "Year": "2010", "year": 2010, "LinkRoyce": null, "LinkKappler": null, "LinkFedStatute": null, "LinkExecOrder": null, "step": 11, "scrolly_year": 2010, "event_title": "Present-day reservations", "scrolly_type": "current_reservation" }, "geometry": { "type": "Polygon", "coordinates": [ [ [ -116.325271609449004, 32.733238225504394 ], [ -116.35929870460798, 32.769264220059689 ], [ -116.316184992442999, 32.769432065041002 ], [ -116.325271609449004, 32.733238225504394 ] ], [ [ -116.341796873544979, 32.756477358602616 ], [ -116.332748417394001, 32.764427192116138 ], [ -116.341476445184981, 32.7646675168372 ], [ -116.341796873544979, 32.756477358602616 ] ] ] } },
{ "type": "Feature", "properties": { "OBJECTID": 885, "CessionID": 10148, "Nation": "San Felipe Indian Reservation", "Nation_Correct": "San Felipe Indian Reservation", "Cession_Reservation": "Reservation Current", "Year": "2010", "year": 2010, "LinkRoyce": null, "LinkKappler": null, "LinkFedStatute": null, "LinkExecOrder": null, "step": 11, "scrolly_year": 2010, "event_title": "Present-day reservations", "scrolly_type": "current_reservation" }, "geometry": { "type": "Polygon", "coordinates": [ [ [ -106.483207702708995, 35.532989501942374 ], [ -106.349533081185996, 35.468566893908921 ], [ -106.349601745711013, 35.360546112003895 ], [ -106.523345946858015, 35.370800017843528 ], [ -106.486251830898993, 35.391384124691896 ], [ -106.530662536201007, 35.450645446431125 ], [ -106.455711364213997, 35.472290039081912 ], [ -106.483207702708995, 35.532989501942374 ] ] ] } },
{ "type": "Feature", "properties": { "OBJECTID": 886, "CessionID": 10165, "Nation": "Skull Valley Indian Reservation", "Nation_Correct": "Skull Valley Indian Reservation", "Cession_Reservation": "Reservation Current", "Year": "2010", "year": 2010, "LinkRoyce": null, "LinkKappler": null, "LinkFedStatute": null, "LinkExecOrder": null, "step": 11, "scrolly_year": 2010, "event_title": "Present-day reservations", "scrolly_type": "current_reservation" }, "geometry": { "type": "Polygon", "coordinates": [ [ [ -112.665153503, 40.435340881509298 ], [ -112.647705077875997, 40.375564575254707 ], [ -112.781959533169001, 40.345783233894089 ], [ -112.802680969132993, 40.4186630245988 ], [ -112.705307006831006, 40.402469634966799 ], [ -112.665153503, 40.435340881509298 ] ] ] } },
{ "type": "Feature", "properties": { "OBJECTID": 887, "CessionID": 10172, "Nation": "Standing Rock Indian Reservation", "Nation_Correct": "Standing Rock Indian Reservation", "Cession_Reservation": "Reservation Current", "Year": "2010", "year": 2010, "LinkRoyce": null, "LinkKappler": null, "LinkFedStatute": null, "LinkExecOrder": null, "step": 11, "scrolly_year": 2010, "event_title": "Present-day reservations", "scrolly_type": "current_reservation" }, "geometry": { "type": "Polygon", "coordinates": [ [ [ -100.592643737431004, 46.412693023438592 ], [ -100.573348998615003, 46.235416412510894 ], [ -100.651390076040997, 46.164371490849355 ], [ -100.708549499377995, 46.178031921860416 ], [ -100.537704467978998, 45.95708084118403 ], [ -100.567131042575994, 45.932426451965846 ], [ -100.405647278394994, 45.861488342188231 ], [ -100.319824218731995, 45.701763152936955 ], [ -100.424156188967004, 45.688598633309432 ], [ -100.442474364746005, 45.607673644784725 ], [ -100.535591125577, 45.651576995987483 ], [ -100.467872619624004, 45.587108611924386 ], [ -100.607940674093996, 45.6803474421991 ], [ -100.706886291985995, 45.642734528129957 ], [ -100.604652404470997, 45.661602020078767 ], [ -100.454277038210009, 45.487445831308023 ], [ -100.372276305590006, 45.471435546997505 ], [ -101.840080261892993, 45.471202849904074 ], [ -101.839027404939003, 45.613403319978175 ], [ -102.000183106174006, 45.627719878816535 ], [ -102.001289367972007, 46.053630829135884 ], [ -101.850944519278002, 46.07397460876895 ], [ -101.840904235299007, 46.031497955294626 ], [ -101.554206847692996, 46.008388518858119 ], [ -101.189552306869004, 46.149440764931036 ], [ -100.889152526366004, 46.407135009946224 ], [ -100.718399048565004, 46.378643036033004 ], [ -100.592643737431004, 46.412693023438592 ] ] ] } },
{ "type": "Feature", "properties": { "OBJECTID": 888, "CessionID": 10180, "Nation": "Tohono O'odham Indian Reservation", "Nation_Correct": "Tohono O'odham Indian Reservation", "Cession_Reservation": "Reservation Current", "Year": "2010", "year": 2010, "LinkRoyce": null, "LinkKappler": null, "LinkFedStatute": null, "LinkExecOrder": null, "step": 11, "scrolly_year": 2010, "event_title": "Present-day reservations", "scrolly_type": "current_reservation" }, "geometry": { "type": "Polygon", "coordinates": [ [ [ -111.772636413746994, 32.79442596428963 ], [ -111.737403869364002, 32.721946716685004 ], [ -111.790939330743001, 32.682437896390809 ], [ -111.781959534007001, 32.3785820010755 ], [ -111.577095031507, 32.424125670841008 ], [ -111.576797486128001, 32.377540588153742 ], [ -111.472595214654007, 32.378017425249951 ], [ -111.473083496621996, 32.220340728700208 ], [ -111.213432311603995, 32.238887786861881 ], [ -111.213348388296012, 32.192394256687656 ], [ -111.437652588055002, 32.175048828362378 ], [ -111.475776672793003, 32.057617187809583 ], [ -111.383453369598001, 32.043018340571351 ], [ -111.544151305534996, 32.011867523125439 ], [ -111.650177001627014, 31.609964369979661 ], [ -111.59991455108802, 31.555498122916575 ], [ -111.618415833167006, 31.504907608030386 ], [ -112.604331969846001, 31.815366745299762 ], [ -112.701446532830005, 32.076255799011712 ], [ -112.666435241705997, 32.158523560037736 ], [ -112.725425720849998, 32.158161163116468 ], [ -112.725929259804005, 32.332714080716222 ], [ -112.672225952706995, 32.333045959354564 ], [ -112.672424315992998, 32.420528411287599 ], [ -112.570869446136996, 32.419719696453022 ], [ -112.572135925159998, 32.596469879340091 ], [ -112.305465697974995, 32.596134185416844 ], [ -112.306167602011996, 32.638488769366617 ], [ -112.202163696518994, 32.640544891195859 ], [ -112.151145934403999, 32.727611541994172 ], [ -112.048660277861003, 32.727245330418484 ], [ -112.048690795428001, 32.769592285372177 ], [ -111.772636413746994, 32.79442596428963 ] ] ] } },
{ "type": "Feature", "properties": { "OBJECTID": 889, "CessionID": 10079, "Nation": "La Posta Indian Reservation", "Nation_Correct": "La Posta Indian Reservation", "Cession_Reservation": "Reservation Current", "Year": "2010", "year": 2010, "LinkRoyce": null, "LinkKappler": null, "LinkFedStatute": null, "LinkExecOrder": null, "step": 11, "scrolly_year": 2010, "event_title": "Present-day reservations", "scrolly_type": "current_reservation" }, "geometry": { "type": "MultiPolygon", "coordinates": [ [ [ [ -116.409820556626016, 32.746955871381438 ], [ -116.360786438152999, 32.717819214436098 ], [ -116.411499023700003, 32.717842102052884 ], [ -116.409820556626016, 32.746955871381438 ] ] ], [ [ [ -116.413871764522014, 32.768932342475814 ], [ -116.410484313704998, 32.757907867876405 ], [ -116.418655395818007, 32.758129119592979 ], [ -116.413871764522014, 32.768932342475814 ] ] ] ] } },
{ "type": "Feature", "properties": { "OBJECTID": 890, "CessionID": 10108, "Nation": "Northern Cheyenne Indian Reservation", "Nation_Correct": "Northern Cheyenne Indian Reservation", "Cession_Reservation": "Reservation Current", "Year": "2010", "year": 2010, "LinkRoyce": null, "LinkKappler": null, "LinkFedStatute": null, "LinkExecOrder": null, "step": 11, "scrolly_year": 2010, "event_title": "Present-day reservations", "scrolly_type": "current_reservation" }, "geometry": { "type": "Polygon", "coordinates": [ [ [ -106.285102843957006, 45.682785033931104 ], [ -106.289733886519997, 45.557987213561013 ], [ -106.497802734437002, 45.378574371278077 ], [ -106.724044799690006, 45.408416748005628 ], [ -106.723999023339999, 45.35170745863492 ], [ -107.019180298118002, 45.354156493815289 ], [ -107.019294738993011, 45.68853759767979 ], [ -106.285102843957006, 45.682785033931104 ] ] ] } },
{ "type": "Feature", "properties": { "OBJECTID": 891, "CessionID": 10098, "Nation": "Mille Lacs Indian Reservation", "Nation_Correct": "Mille Lacs Indian Reservation", "Cession_Reservation": "Reservation Current", "Year": "2010", "year": 2010, "LinkRoyce": null, "LinkKappler": null, "LinkFedStatute": null, "LinkExecOrder": null, "step": 11, "scrolly_year": 2010, "event_title": "Present-day reservations", "scrolly_type": "current_reservation" }, "geometry": { "type": "Polygon", "coordinates": [ [ [ -93.768112182478006, 46.169841766381801 ], [ -93.757102966649995, 46.20970153757645 ], [ -93.733993530183298, 46.174484252823603 ], [ -93.768112182478006, 46.169841766381801 ] ] ] } },
{ "type": "Feature", "properties": { "OBJECTID": 892, "CessionID": 10020, "Nation": "Campo Indian Reservation", "Nation_Correct": "Campo Indian Reservation", "Cession_Reservation": "Reservation Current", "Year": "2010", "year": 2010, "LinkRoyce": null, "LinkKappler": null, "LinkFedStatute": null, "LinkExecOrder": null, "step": 11, "scrolly_year": 2010, "event_title": "Present-day reservations", "scrolly_type": "current_reservation" }, "geometry": { "type": "MultiPolygon", "coordinates": [ [ [ [ -116.47856902495802, 32.646286021230779 ], [ -116.465927132218013, 32.635009741315308 ], [ -116.478462209656016, 32.634887697797687 ], [ -116.47856902495802, 32.646286021230779 ] ] ], [ [ [ -116.392112705684013, 32.600204461967976 ], [ -116.359649626561009, 32.732826212561193 ], [ -116.308341998204, 32.73367692067135 ], [ -116.350646963434997, 32.602252964022696 ], [ -116.392112705684013, 32.600204461967976 ] ], [ [ -116.350257880627012, 32.708415992436933 ], [ -116.341415440454014, 32.697689069983049 ], [ -116.342063911799002, 32.708644879240822 ], [ -116.350257880627012, 32.708415992436933 ] ] ] ] } },
{ "type": "Feature", "properties": { "OBJECTID": 893, "CessionID": 10187, "Nation": "Uintah and Ouray Indian Reservation", "Nation_Correct": "Uintah and Ouray Indian Reservation", "Cession_Reservation": "Reservation Current", "Year": "2010", "year": 2010, "LinkRoyce": null, "LinkKappler": null, "LinkFedStatute": null, "LinkExecOrder": null, "step": 11, "scrolly_year": 2010, "event_title": "Present-day reservations", "scrolly_type": "current_reservation" }, "geometry": { "type": "MultiPolygon", "coordinates": [ [ [ [ -110.927826178540997, 40.009006648849308 ], [ -110.888115028512999, 39.93701930228567 ], [ -110.927108649207995, 39.936904791894122 ], [ -110.927826178540997, 40.009006648849308 ] ] ], [ [ [ -110.816947684470009, 39.99667337362942 ], [ -110.801719556063006, 40.118049797331118 ], [ -110.576675295426, 40.124778649941092 ], [ -110.501159543960995, 40.16970831066309 ], [ -110.386818044468995, 40.169654682821722 ], [ -110.387840439550999, 40.097564622560036 ], [ -110.443763934670002, 40.096908376648997 ], [ -110.443992443620999, 40.058822824138353 ], [ -110.195800843900997, 40.083625767502625 ], [ -110.224426221876001, 39.996055726633188 ], [ -110.312080458617999, 39.99590303448813 ], [ -110.293037297488993, 40.039180809139701 ], [ -110.331283632156996, 39.996162395872837 ], [ -110.517387609568004, 39.996223472539867 ], [ -110.521179061514005, 40.13275512464832 ], [ -110.722114785713003, 39.995746470920089 ], [ -110.816947684470009, 39.99667337362942 ] ], [ [ -110.312965299173001, 40.060310507741519 ], [ -110.331939963761997, 40.045597255832902 ], [ -110.312698611822995, 40.046245400280242 ], [ -110.312965299173001, 40.060310507741519 ] ], [ [ -110.740318022051994, 40.053062578175975 ], [ -110.759788444387993, 40.03874580308959 ], [ -110.740570111779007, 40.038554949756936 ], [ -110.740318022051994, 40.053062578175975 ] ], [ [ -110.407653906036998, 40.125930898626422 ], [ -110.445846341787998, 40.139560638556219 ], [ -110.446151768985004, 40.125507179044291 ], [ -110.407653906036998, 40.125930898626422 ] ] ], [ [ [ -110.817344627536002, 40.008922791649304 ], [ -110.890381028817018, 40.023189504235567 ], [ -110.817123417396999, 40.022975820095496 ], [ -110.817344627536002, 40.008922791649304 ] ] ], [ [ [ -111.065597424985, 40.126632799113942 ], [ -111.103233466706996, 40.098338967415899 ], [ -111.103500154057002, 40.125549250610327 ], [ -111.065597424985, 40.126632799113942 ] ] ], [ [ [ -111.097892982342998, 40.14092251795801 ], [ -111.065399234175004, 40.141593790418007 ], [ -111.086593860410019, 40.13086680104729 ], [ -111.097892982342998, 40.14092251795801 ] ] ], [ [ [ -110.133300558008003, 40.221485296393091 ], [ -110.160034420862999, 40.189224314408193 ], [ -110.235916235806997, 40.188041829070585 ], [ -110.236198643674001, 40.249725271106797 ], [ -110.133300558008003, 40.221485296393091 ] ] ], [ [ [ -110.147819578788017, 40.265693763045839 ], [ -110.200637710259002, 40.250129789341827 ], [ -110.200263786522001, 40.265090980116689 ], [ -110.147819578788017, 40.265693763045839 ] ] ], [ [ [ -110.633224242562008, 40.313598458375338 ], [ -110.731231562952999, 40.431171391818104 ], [ -110.638206523706003, 40.431564139479136 ], [ -110.657943633391994, 40.473957134415407 ], [ -110.577560697427998, 40.504375519185892 ], [ -110.502594041180004, 40.475387454914106 ], [ -110.501678321037019, 40.518920980652496 ], [ -110.218017303771006, 40.520240655685434 ], [ -110.218269393498005, 40.606880237386207 ], [ -109.728263671128019, 40.496078634596785 ], [ -109.793174810663999, 40.430541879629224 ], [ -109.813537372366994, 40.475807277451899 ], [ -109.873977709024004, 40.475929422682 ], [ -109.862899797229005, 40.401801986766081 ], [ -109.904029723959994, 40.44059371145056 ], [ -109.837257387443998, 40.271640761965635 ], [ -109.901100093238995, 40.273170480977846 ], [ -109.868446332662018, 40.337486288628931 ], [ -109.911590731416993, 40.326866048351533 ], [ -109.95498665845102, 40.475898672854754 ], [ -110.067985738041003, 40.476764787599969 ], [ -110.068549992328997, 40.433681689355936 ], [ -110.144073604053006, 40.432998781463517 ], [ -110.105278174166997, 40.279121534104483 ], [ -110.180061237228998, 40.301086591661409 ], [ -110.199829226502999, 40.402053814419311 ], [ -110.257629639117994, 40.433704338873007 ], [ -110.498878384586007, 40.393707085789316 ], [ -110.499946818327004, 40.256305676917222 ], [ -110.577072238492008, 40.256744433581417 ], [ -110.511733837749006, 40.32719434469373 ], [ -110.633224242562008, 40.313598458375338 ] ], [ [ -109.783836261838999, 40.497970435085094 ], [ -109.803024276306999, 40.48333758519577 ], [ -109.784286542375, 40.483463132989115 ], [ -109.783836261838999, 40.497970435085094 ] ] ], [ [ [ -110.672485112054005, 40.342136343994383 ], [ -110.681464896213001, 40.313202025789238 ], [ -110.691185229034005, 40.342331052187212 ], [ -110.672485112054005, 40.342136343994383 ] ] ], [ [ [ -110.691185229034005, 40.342331052187212 ], [ -110.710830822850994, 40.356590294616709 ], [ -110.691528273182996, 40.356391777023781 ], [ -110.691185229034005, 40.342331052187212 ] ] ], [ [ [ -110.294380278839, 40.387035287028588 ], [ -110.352272207324006, 40.415920410494934 ], [ -110.256004249900997, 40.401481749561292 ], [ -110.255676364821994, 40.315753966317672 ], [ -110.311065923794018, 40.345081298868408 ], [ -110.294380278839, 40.387035287028588 ] ] ], [ [ [ -109.763809445473001, 39.151206967586667 ], [ -109.854049707339996, 39.270675848799769 ], [ -110.024841339285999, 39.241767687514695 ], [ -110.078033394494, 39.274787973076982 ], [ -110.007141159506006, 39.410140960186709 ], [ -110.044899035238998, 39.533607485935079 ], [ -109.992820890982998, 39.733196278364879 ], [ -109.944160274937005, 39.719257357893916 ], [ -109.891288805995998, 39.788665787429913 ], [ -109.943954223868005, 39.705650375276804 ], [ -109.795494148437996, 39.632389197271976 ], [ -109.745521430630006, 39.778419624272324 ], [ -109.798774683567004, 39.837863895392573 ], [ -109.679000622394, 39.929126677093208 ], [ -109.698005605123001, 40.028797076335714 ], [ -109.955909677405998, 40.127124769080218 ], [ -109.949211052622019, 40.171916882873326 ], [ -109.801437626937002, 40.084159716195209 ], [ -109.744179010726995, 40.107639436057518 ], [ -109.740318500794018, 40.17288214536017 ], [ -109.661010735934994, 40.09477982868858 ], [ -109.595085061575006, 40.142070630188869 ], [ -109.433464105785021, 40.101692212704073 ], [ -109.432426551632005, 40.013225608120571 ], [ -109.641418479587998, 40.014144963476639 ], [ -109.641174250120997, 39.893501464704322 ], [ -109.679016342911012, 39.910079975419919 ], [ -109.727706715652005, 39.849746494966496 ], [ -109.673446788150017, 39.563522498093896 ], [ -109.581169034929999, 39.592151762577679 ], [ -109.580329671586, 39.545883292624993 ], [ -109.635253790950998, 39.362838794299655 ], [ -109.739280946639994, 39.253227170396393 ], [ -109.710418638009003, 39.150691896573036 ], [ -109.763809445473001, 39.151206967586667 ] ], [ [ -109.744636590075004, 40.093131833300319 ], [ -109.705917516987995, 40.100597530278677 ], [ -109.716796676526002, 40.136627333165599 ], [ -109.736053187535006, 40.136520454414992 ], [ -109.744636590075004, 40.093131833300319 ] ], [ [ -109.745720182886004, 40.077732293743608 ], [ -109.704795745776991, 40.060668887671362 ], [ -109.699218892204001, 40.084602164473097 ], [ -109.745720182886004, 40.077732293743608 ] ] ], [ [ [ -109.794388097744999, 40.157054827077616 ], [ -109.776054605690007, 40.204811292414249 ], [ -109.919769330631993, 40.190936887199122 ], [ -109.863006472169005, 40.216747192406885 ], [ -109.890128856385004, 40.257118060060321 ], [ -109.755172705464005, 40.256149283473206 ], [ -109.740318500794018, 40.17288214536017 ], [ -109.794388097744999, 40.157054827077616 ] ] ], [ [ [ -110.104057588274998, 40.188850313294985 ], [ -110.075531024979995, 40.219711332818228 ], [ -110.002044904610003, 40.219932544923999 ], [ -110.022048701646, 40.171718680610482 ], [ -110.104057588274998, 40.188850313294985 ] ] ], [ [ [ -109.974777105607998, 40.183216028651096 ], [ -110.009628369948999, 40.142044019956906 ], [ -110.055343634758017, 40.14230325467723 ], [ -110.054916373550995, 40.158172629974629 ], [ -109.974777105607998, 40.183216028651096 ] ] ], [ [ [ -110.103309740800995, 40.171607995977986 ], [ -110.150878903776999, 40.147369292271286 ], [ -110.223686234661002, 40.147052568698484 ], [ -110.160034420862999, 40.189224314408193 ], [ -110.103309740800995, 40.171607995977986 ] ] ], [ [ [ -110.001159502608004, 40.229892771768604 ], [ -109.974441360270006, 40.258945458012924 ], [ -109.932853854192004, 40.25918196640329 ], [ -109.933715675418, 40.229263093887788 ], [ -110.001159502608004, 40.229892771768604 ] ] ], [ [ [ -109.846191132944995, 40.375209843685397 ], [ -109.811202875522, 40.3746071823264 ], [ -109.838531310806005, 40.34922421590619 ], [ -109.846191132944995, 40.375209843685397 ] ] ], [ [ [ -109.822014099967006, 40.396114449907429 ], [ -109.802551537889002, 40.38126353249222 ], [ -109.821853526110004, 40.381595413225213 ], [ -109.822014099967006, 40.396114449907429 ] ] ], [ [ [ -109.993286330589996, 40.382163797950817 ], [ -109.973754710525, 40.410884716043299 ], [ -109.973975920664003, 40.381858863777111 ], [ -109.993286330589996, 40.382163797950817 ] ] ], [ [ [ -109.853965490281993, 40.417980319839835 ], [ -109.8306272592, 40.39081941810268 ], [ -109.854164242538005, 40.391220098479685 ], [ -109.853965490281993, 40.417980319839835 ] ] ], [ [ [ -110.020637785202993, 40.462425050123834 ], [ -110.048835901971998, 40.447895111634679 ], [ -110.049041953040003, 40.462413943788022 ], [ -110.020637785202993, 40.462425050123834 ] ] ] ] } },
{ "type": "Feature", "properties": { "OBJECTID": 894, "CessionID": 10012, "Nation": "Big Cypress Indian Reservation", "Nation_Correct": "Big Cypress Indian Reservation", "Cession_Reservation": "Reservation Current", "Year": "2010", "year": 2010, "LinkRoyce": null, "LinkKappler": null, "LinkFedStatute": null, "LinkExecOrder": null, "step": 11, "scrolly_year": 2010, "event_title": "Present-day reservations", "scrolly_type": "current_reservation" }, "geometry": { "type": "Polygon", "coordinates": [ [ [ -80.783500671055705, 26.346885681865501 ], [ -80.750907898001003, 26.259372710842509 ], [ -81.106750487809094, 26.256040573590891 ], [ -81.074691772173907, 26.339319229475372 ], [ -80.897338867850408, 26.313352585256606 ], [ -80.880462647104011, 26.347534179589335 ], [ -80.783500671055705, 26.346885681865501 ] ] ] } },
{ "type": "Feature", "properties": { "OBJECTID": 895, "CessionID": 10089, "Nation": "Lower Sioux Indian Reservation", "Nation_Correct": "Lower Sioux Indian Reservation", "Cession_Reservation": "Reservation Current", "Year": "2010", "year": 2010, "LinkRoyce": null, "LinkKappler": null, "LinkFedStatute": null, "LinkExecOrder": null, "step": 11, "scrolly_year": 2010, "event_title": "Present-day reservations", "scrolly_type": "current_reservation" }, "geometry": { "type": "Polygon", "coordinates": [ [ [ -94.964981078935907, 44.536758422687392 ], [ -95.024993895670804, 44.526962280659163 ], [ -95.024925232043699, 44.552505493133815 ], [ -94.964981078935907, 44.536758422687392 ] ] ] } },
{ "type": "Feature", "properties": { "OBJECTID": 896, "CessionID": 10200, "Nation": "Yankton Indian Reservation", "Nation_Correct": "Yankton Indian Reservation", "Cession_Reservation": "Reservation Current", "Year": "2010", "year": 2010, "LinkRoyce": null, "LinkKappler": null, "LinkFedStatute": null, "LinkExecOrder": null, "step": 11, "scrolly_year": 2010, "event_title": "Present-day reservations", "scrolly_type": "current_reservation" }, "geometry": { "type": "Polygon", "coordinates": [ [ [ -98.184165826335501, 42.849979480497332 ], [ -98.449684243545008, 42.941738152468062 ], [ -98.552512990500503, 43.069301637578846 ], [ -98.678344784647095, 43.078392003278573 ], [ -98.676879969287, 43.370933480928237 ], [ -98.066795319994796, 43.182201360607365 ], [ -98.108390686331802, 42.889549175774434 ], [ -98.184165826335501, 42.849979480497332 ] ], [ [ -98.520072860526298, 43.150699580922897 ], [ -98.425155744712114, 43.153781802198864 ], [ -98.414367539596896, 43.240516600103177 ], [ -98.447006141104197, 43.179149641637629 ], [ -98.520072860526298, 43.150699580922897 ] ] ] } },
{ "type": "Feature", "properties": { "OBJECTID": 897, "CessionID": 10127, "Nation": "Prairie Island Indian Reservation", "Nation_Correct": "Prairie Island Indian Reservation", "Cession_Reservation": "Reservation Current", "Year": "2010", "year": 2010, "LinkRoyce": null, "LinkKappler": null, "LinkFedStatute": null, "LinkExecOrder": null, "step": 11, "scrolly_year": 2010, "event_title": "Present-day reservations", "scrolly_type": "current_reservation" }, "geometry": { "type": "Polygon", "coordinates": [ [ [ -92.651832581174702, 44.644268036136211 ], [ -92.632133483699704, 44.629089355555195 ], [ -92.652656555479098, 44.629676818852431 ], [ -92.651832581174702, 44.644268036136211 ] ] ] } },
{ "type": "Feature", "properties": { "OBJECTID": 898, "CessionID": 10037, "Nation": "Duck Valley Indian Reservation", "Nation_Correct": "Duck Valley Indian Reservation", "Cession_Reservation": "Reservation Current", "Year": "2010", "year": 2010, "LinkRoyce": null, "LinkKappler": null, "LinkFedStatute": null, "LinkExecOrder": null, "step": 11, "scrolly_year": 2010, "event_title": "Present-day reservations", "scrolly_type": "current_reservation" }, "geometry": { "type": "Polygon", "coordinates": [ [ [ -115.970458984348994, 41.842250824178414 ], [ -116.378486633202996, 41.835544586397688 ], [ -116.393646240815016, 42.158161163664964 ], [ -115.993164062156993, 42.159309387151708 ], [ -115.970458984348994, 41.842250824178414 ] ] ] } },
{ "type": "Feature", "properties": { "OBJECTID": 899, "CessionID": 10001, "Nation": "Acoma Indian Reservation", "Nation_Correct": "Acoma Indian Reservation", "Cession_Reservation": "Reservation Current", "Year": "2010", "year": 2010, "LinkRoyce": null, "LinkKappler": null, "LinkFedStatute": null, "LinkExecOrder": null, "step": 11, "scrolly_year": 2010, "event_title": "Present-day reservations", "scrolly_type": "current_reservation" }, "geometry": { "type": "MultiPolygon", "coordinates": [ [ [ [ -107.853355407419997, 34.929588318243788 ], [ -107.827636718989993, 34.859745025775908 ], [ -107.800544738254999, 34.841609954260065 ], [ -107.85362243613001, 34.848430633398749 ], [ -107.840911865053002, 34.886161803869918 ], [ -107.883346557902996, 34.870624542803583 ], [ -107.853355407419997, 34.929588318243788 ] ] ], [ [ [ -107.835678100544996, 34.901714325208694 ], [ -107.742897033847001, 34.959537506219149 ], [ -107.745346069484, 35.092098236265564 ], [ -107.538635253292, 35.069103240869907 ], [ -107.514495848943994, 34.784679412738271 ], [ -107.621406555372999, 34.785064697246725 ], [ -107.622360229337005, 34.697383880434579 ], [ -107.875671386251, 34.698593139173475 ], [ -107.860435485620002, 34.762432098181357 ], [ -107.906738280964007, 34.756690979053282 ], [ -107.864936828525003, 34.832763671360595 ], [ -107.817169189075003, 34.826248169066623 ], [ -107.780807494719014, 34.852241516085421 ], [ -107.835678100544996, 34.901714325208694 ] ] ] ] } },
{ "type": "Feature", "properties": { "OBJECTID": 900, "CessionID": 10164, "Nation": "Skokomish Indian Reservation", "Nation_Correct": "Skokomish Indian Reservation", "Cession_Reservation": "Reservation Current", "Year": "2010", "year": 2010, "LinkRoyce": null, "LinkKappler": null, "LinkFedStatute": null, "LinkExecOrder": null, "step": 11, "scrolly_year": 2010, "event_title": "Present-day reservations", "scrolly_type": "current_reservation" }, "geometry": { "type": "Polygon", "coordinates": [ [ [ -123.184959411695004, 47.358959198107975 ], [ -123.118995666733014, 47.331722259627313 ], [ -123.170143127608, 47.307296752935386 ], [ -123.184959411695004, 47.358959198107975 ] ] ] } },
{ "type": "Feature", "properties": { "OBJECTID": 901, "CessionID": 10110, "Nation": "Omaha Indian Reservation", "Nation_Correct": "Omaha Indian Reservation", "Cession_Reservation": "Reservation Current", "Year": "2010", "year": 2010, "LinkRoyce": null, "LinkKappler": null, "LinkFedStatute": null, "LinkExecOrder": null, "step": 11, "scrolly_year": 2010, "event_title": "Present-day reservations", "scrolly_type": "current_reservation" }, "geometry": { "type": "Polygon", "coordinates": [ [ [ -96.345367431810601, 42.166873932591578 ], [ -96.227790833079098, 42.017391204905678 ], [ -96.554359436123704, 42.016876220142976 ], [ -96.555534362446707, 42.093257903734894 ], [ -96.677398682013106, 42.093719482604165 ], [ -96.728584288948596, 42.136837006023732 ], [ -96.552146911630103, 42.161796569343565 ], [ -96.552551270288902, 42.196620941325421 ], [ -96.345367431810601, 42.166873932591578 ] ] ] } },
{ "type": "Feature", "properties": { "OBJECTID": 902, "CessionID": 10026, "Nation": "Cheyenne River Indian Reservation", "Nation_Correct": "Cheyenne River Indian Reservation", "Cession_Reservation": "Reservation Current", "Year": "2010", "year": 2010, "LinkRoyce": null, "LinkKappler": null, "LinkFedStatute": null, "LinkExecOrder": null, "step": 11, "scrolly_year": 2010, "event_title": "Present-day reservations", "scrolly_type": "current_reservation" }, "geometry": { "type": "Polygon", "coordinates": [ [ [ -101.999267578271002, 45.470901489093634 ], [ -100.372276305590006, 45.471435546997505 ], [ -100.288253784166002, 45.383087158424317 ], [ -100.331840515164004, 45.33471679654231 ], [ -100.429679870360019, 45.395572661796308 ], [ -100.606124877968995, 45.353057861840213 ], [ -100.401176452159007, 45.362197875613582 ], [ -100.280876159689996, 45.257896422887427 ], [ -100.295936584310994, 45.204475403243308 ], [ -100.343811035246006, 45.206821442053879 ], [ -100.315536498796007, 45.135082244633807 ], [ -100.375030517792993, 45.12327575676823 ], [ -100.293235778747999, 45.029571532721263 ], [ -100.484916686988001, 45.043884277328225 ], [ -100.410903931079005, 44.87632751508238 ], [ -100.475311279234006, 44.838478088756233 ], [ -100.493339539027005, 44.874988555579016 ], [ -100.491409302026, 44.832546233928682 ], [ -100.558380126694004, 44.886840820677087 ], [ -100.509429931528999, 44.811557770280636 ], [ -100.544784546179002, 44.777324676206078 ], [ -100.645294189371, 44.87262344361401 ], [ -100.644584655941998, 44.840229034247479 ], [ -100.729103088724997, 44.901260376126906 ], [ -100.704467773915994, 44.850185393627854 ], [ -100.760017395603995, 44.901206970291931 ], [ -100.742897034322993, 44.793991088798421 ], [ -100.854530334219007, 44.864479064763856 ], [ -100.793640136538997, 44.77928924583825 ], [ -100.952949524082996, 44.851402282472705 ], [ -100.926803588818004, 44.788970946837793 ], [ -101.008804320541003, 44.832035064779511 ], [ -100.959533690924005, 44.779277801348776 ], [ -101.054016113768995, 44.774360656092355 ], [ -100.967788696345011, 44.764194488813949 ], [ -101.015769958763002, 44.732990264572514 ], [ -101.139396667813998, 44.759838104332601 ], [ -101.205635070878003, 44.701107024719946 ], [ -101.358963012627996, 44.686981201567306 ], [ -101.522216797482002, 44.569511413239468 ], [ -101.664161681414015, 44.585224151324219 ], [ -101.807876586917004, 44.523235320907212 ], [ -102.002273559502001, 44.506595611916019 ], [ -101.999267578271002, 45.470901489093634 ] ] ] } },
{ "type": "Feature", "properties": { "OBJECTID": 903, "CessionID": 10176, "Nation": "Swinomish Indian Reservation", "Nation_Correct": "Swinomish Indian Reservation", "Cession_Reservation": "Reservation Current", "Year": "2010", "year": 2010, "LinkRoyce": null, "LinkKappler": null, "LinkFedStatute": null, "LinkExecOrder": null, "step": 11, "scrolly_year": 2010, "event_title": "Present-day reservations", "scrolly_type": "current_reservation" }, "geometry": { "type": "Polygon", "coordinates": [ [ [ -122.506782532138999, 48.380504608004884 ], [ -122.571197509686016, 48.419254302828783 ], [ -122.527854919223003, 48.46416473364809 ], [ -122.515342712329996, 48.458843230953875 ], [ -122.506782532138999, 48.380504608004884 ] ] ] } },
{ "type": "Feature", "properties": { "OBJECTID": 904, "CessionID": 10088, "Nation": "Lower Elwha Indian Reservation", "Nation_Correct": "Lower Elwha Indian Reservation", "Cession_Reservation": "Reservation Current", "Year": "2010", "year": 2010, "LinkRoyce": null, "LinkKappler": null, "LinkFedStatute": null, "LinkExecOrder": null, "step": 11, "scrolly_year": 2010, "event_title": "Present-day reservations", "scrolly_type": "current_reservation" }, "geometry": { "type": "Polygon", "coordinates": [ [ [ -123.560997009439021, 48.148258209467421 ], [ -123.539939881139006, 48.132575989123687 ], [ -123.561630248951005, 48.13302230807885 ], [ -123.560997009439021, 48.148258209467421 ] ] ] } },
{ "type": "Feature", "properties": { "OBJECTID": 905, "CessionID": 10011, "Nation": "Berry Creek Rancheria", "Nation_Correct": "Berry Creek Rancheria", "Cession_Reservation": "Reservation Current", "Year": "2010", "year": 2010, "LinkRoyce": null, "LinkKappler": null, "LinkFedStatute": null, "LinkExecOrder": null, "step": 11, "scrolly_year": 2010, "event_title": "Present-day reservations", "scrolly_type": "current_reservation" }, "geometry": { "type": "Polygon", "coordinates": [ [ [ -121.346527099962998, 39.627159118683799 ], [ -121.328239440852002, 39.612464905014924 ], [ -121.346748352321995, 39.612648010741417 ], [ -121.346527099962998, 39.627159118683799 ] ] ] } },
{ "type": "Feature", "properties": { "OBJECTID": 906, "CessionID": 10029, "Nation": "Cocopah Indian Reservation", "Nation_Correct": "Cocopah Indian Reservation", "Cession_Reservation": "Reservation Current", "Year": "2010", "year": 2010, "LinkRoyce": null, "LinkKappler": null, "LinkFedStatute": null, "LinkExecOrder": null, "step": 11, "scrolly_year": 2010, "event_title": "Present-day reservations", "scrolly_type": "current_reservation" }, "geometry": { "type": "MultiPolygon", "coordinates": [ [ [ [ -114.666404724260005, 32.587112426953077 ], [ -114.683311462573002, 32.571678161550111 ], [ -114.683288573499013, 32.587169647569091 ], [ -114.666404724260005, 32.587112426953077 ] ] ], [ [ [ -114.751724243172021, 32.614238738804296 ], [ -114.808876038015995, 32.613292694294493 ], [ -114.751701354996001, 32.62927627617487 ], [ -114.751724243172021, 32.614238738804296 ] ] ] ] } },
{ "type": "Feature", "properties": { "OBJECTID": 907, "CessionID": 10206, "Nation": "Zuni Indian Reservation", "Nation_Correct": "Zuni Indian Reservation", "Cession_Reservation": "Reservation Current", "Year": "2010", "year": 2010, "LinkRoyce": null, "LinkKappler": null, "LinkFedStatute": null, "LinkExecOrder": null, "step": 11, "scrolly_year": 2010, "event_title": "Present-day reservations", "scrolly_type": "current_reservation" }, "geometry": { "type": "Polygon", "coordinates": [ [ [ -108.535942078079003, 35.307483673244811 ], [ -108.536186217714999, 35.161712646285679 ], [ -108.465873718581008, 35.162303924688608 ], [ -108.467796326189998, 34.959705352539942 ], [ -109.045852660633003, 34.961116790706818 ], [ -109.045768738223003, 35.179611206518608 ], [ -108.839775084850999, 35.170677185678315 ], [ -108.855934143675, 35.105792999157337 ], [ -108.781150818304994, 35.136653899631177 ], [ -108.767318725747998, 35.221000671801214 ], [ -108.676071166783998, 35.2203826907257 ], [ -108.673469543313999, 35.307170868416577 ], [ -108.535942078079003, 35.307483673244811 ] ] ] } },
{ "type": "Feature", "properties": { "OBJECTID": 908, "CessionID": 10021, "Nation": "Canoncito Indian Reservation", "Nation_Correct": "Canoncito Indian Reservation", "Cession_Reservation": "Reservation Current", "Year": "2010", "year": 2010, "LinkRoyce": null, "LinkKappler": null, "LinkFedStatute": null, "LinkExecOrder": null, "step": 11, "scrolly_year": 2010, "event_title": "Present-day reservations", "scrolly_type": "current_reservation" }, "geometry": { "type": "Polygon", "coordinates": [ [ [ -107.120727539480995, 35.188240051280758 ], [ -106.941505432392006, 35.118076324309598 ], [ -106.958976745691999, 35.031219481830348 ], [ -106.977912902198995, 35.063301086322888 ], [ -107.197631835745, 35.032661437750427 ], [ -107.158882141785995, 35.255966186720691 ], [ -107.120727539480995, 35.188240051280758 ] ] ] } },
{ "type": "Feature", "properties": { "OBJECTID": 909, "CessionID": 10074, "Nation": "Kalispel Indian Reservation", "Nation_Correct": "Kalispel Indian Reservation", "Cession_Reservation": "Reservation Current", "Year": "2010", "year": 2010, "LinkRoyce": null, "LinkKappler": null, "LinkFedStatute": null, "LinkExecOrder": null, "step": 11, "scrolly_year": 2010, "event_title": "Present-day reservations", "scrolly_type": "current_reservation" }, "geometry": { "type": "Polygon", "coordinates": [ [ [ -117.285690307783, 48.426815032733344 ], [ -117.256134033525981, 48.309444427187337 ], [ -117.280708313201004, 48.329269408637131 ], [ -117.285690307783, 48.426815032733344 ] ] ] } },
{ "type": "Feature", "properties": { "OBJECTID": 910, "CessionID": 10111, "Nation": "Oneida, Iroquois", "Nation_Correct": "Oneida Indian Reservation", "Cession_Reservation": "Reservation Current", "Year": "2010", "year": 2010, "LinkRoyce": null, "LinkKappler": null, "LinkFedStatute": null, "LinkExecOrder": null, "step": 11, "scrolly_year": 2010, "event_title": "Present-day reservations", "scrolly_type": "current_reservation" }, "geometry": { "type": "Polygon", "coordinates": [ [ [ -88.071258545429899, 44.538181305171975 ], [ -88.197967529629196, 44.380325317108202 ], [ -88.343101501989906, 44.453704833623924 ], [ -88.2071838375075, 44.600685119492233 ], [ -88.071258545429899, 44.538181305171975 ] ] ] } },
{ "type": "Feature", "properties": { "OBJECTID": 911, "CessionID": 10075, "Nation": "Kickapoo Indian Reservation", "Nation_Correct": "Kickapoo Indian Reservation", "Cession_Reservation": "Reservation Current", "Year": "2010", "year": 2010, "LinkRoyce": null, "LinkKappler": null, "LinkFedStatute": null, "LinkExecOrder": null, "step": 11, "scrolly_year": 2010, "event_title": "Present-day reservations", "scrolly_type": "current_reservation" }, "geometry": { "type": "Polygon", "coordinates": [ [ [ -95.623268127122998, 39.653652191157775 ], [ -95.715316772216298, 39.653461456677512 ], [ -95.713150024971299, 39.740493774775722 ], [ -95.621009826279106, 39.740226745305321 ], [ -95.623268127122998, 39.653652191157775 ] ] ] } },
{ "type": "Feature", "properties": { "OBJECTID": 912, "CessionID": 10051, "Nation": "Fort McDowell Indian Reservation", "Nation_Correct": "Fort McDowell Indian Reservation", "Cession_Reservation": "Reservation Current", "Year": "2010", "year": 2010, "LinkRoyce": null, "LinkKappler": null, "LinkFedStatute": null, "LinkExecOrder": null, "step": 11, "scrolly_year": 2010, "event_title": "Present-day reservations", "scrolly_type": "current_reservation" }, "geometry": { "type": "Polygon", "coordinates": [ [ [ -111.637039184613997, 33.572708129681708 ], [ -111.699317932483012, 33.569252014280487 ], [ -111.679450989289009, 33.711540222426372 ], [ -111.617584228571999, 33.720447539981457 ], [ -111.637039184613997, 33.572708129681708 ] ] ] } },
{ "type": "Feature", "properties": { "OBJECTID": 913, "CessionID": 10193, "Nation": "Walker River Indian Reservation", "Nation_Correct": "Walker River Indian Reservation", "Cession_Reservation": "Reservation Current", "Year": "2010", "year": 2010, "LinkRoyce": null, "LinkKappler": null, "LinkFedStatute": null, "LinkExecOrder": null, "step": 11, "scrolly_year": 2010, "event_title": "Present-day reservations", "scrolly_type": "current_reservation" }, "geometry": { "type": "Polygon", "coordinates": [ [ [ -119.107154846069008, 39.154949187782414 ], [ -118.478790282941006, 39.112972259609329 ], [ -118.458732604954008, 38.851593017581209 ], [ -118.617088317636004, 38.851173400927586 ], [ -118.61727142393498, 38.785900116246488 ], [ -118.702110291170001, 38.786930084382298 ], [ -118.938484191306003, 38.967533111430406 ], [ -118.884002685356009, 38.997161865371396 ], [ -118.929092406519999, 39.092296600063797 ], [ -119.107154846069008, 39.154949187782414 ] ] ] } },
{ "type": "Feature", "properties": { "OBJECTID": 914, "CessionID": 10112, "Nation": "Onondaga Indian Reservation, Iroquois", "Nation_Correct": "Onondaga Indian Reservation", "Cession_Reservation": "Reservation Current", "Year": "2010", "year": 2010, "LinkRoyce": null, "LinkKappler": null, "LinkFedStatute": null, "LinkExecOrder": null, "step": 11, "scrolly_year": 2010, "event_title": "Present-day reservations", "scrolly_type": "current_reservation" }, "geometry": { "type": "Polygon", "coordinates": [ [ [ -76.185317993858902, 42.969917297895513 ], [ -76.131446838347316, 42.967914581248188 ], [ -76.128341674125494, 42.902450561377712 ], [ -76.180900574263404, 42.903553008890363 ], [ -76.185317993858902, 42.969917297895513 ] ] ] } },
{ "type": "Feature", "properties": { "OBJECTID": 915, "CessionID": 10068, "Nation": "Iowa Indian Reservation", "Nation_Correct": "Iowa Indian Reservation", "Cession_Reservation": "Reservation Current", "Year": "2010", "year": 2010, "LinkRoyce": null, "LinkKappler": null, "LinkFedStatute": null, "LinkExecOrder": null, "step": 11, "scrolly_year": 2010, "event_title": "Present-day reservations", "scrolly_type": "current_reservation" }, "geometry": { "type": "Polygon", "coordinates": [ [ [ -95.369888305682906, 40.022476196619266 ], [ -95.321449279762405, 39.978393555151548 ], [ -95.4529190070824, 39.978927612378357 ], [ -95.369888305682906, 40.022476196619266 ] ] ] } },
{ "type": "Feature", "properties": { "OBJECTID": 916, "CessionID": 10040, "Nation": "Fallon Indian Reservation", "Nation_Correct": "Fallon Indian Reservation", "Cession_Reservation": "Reservation Current", "Year": "2010", "year": 2010, "LinkRoyce": null, "LinkKappler": null, "LinkFedStatute": null, "LinkExecOrder": null, "step": 11, "scrolly_year": 2010, "event_title": "Present-day reservations", "scrolly_type": "current_reservation" }, "geometry": { "type": "Polygon", "coordinates": [ [ [ -118.597145080524982, 39.489139556874491 ], [ -118.651992798174987, 39.489097595281116 ], [ -118.632774353276019, 39.556365966618294 ], [ -118.579078673774021, 39.556842803939965 ], [ -118.597145080524982, 39.489139556874491 ] ] ] } },
{ "type": "Feature", "properties": { "OBJECTID": 917, "CessionID": 10130, "Nation": "Quileute Indian Reservation", "Nation_Correct": "Quileute Indian Reservation", "Cession_Reservation": "Reservation Current", "Year": "2010", "year": 2010, "LinkRoyce": null, "LinkKappler": null, "LinkFedStatute": null, "LinkExecOrder": null, "step": 11, "scrolly_year": 2010, "event_title": "Present-day reservations", "scrolly_type": "current_reservation" }, "geometry": { "type": "Polygon", "coordinates": [ [ [ -124.614036560417006, 47.909580231139863 ], [ -124.629127502605002, 47.895755768204474 ], [ -124.637924193939995, 47.918880463187108 ], [ -124.614036560417006, 47.909580231139863 ] ] ] } },
{ "type": "Feature", "properties": { "OBJECTID": 918, "CessionID": 10146, "Nation": "Salt River Indian Reservation", "Nation_Correct": "Salt River Indian Reservation", "Cession_Reservation": "Reservation Current", "Year": "2010", "year": 2010, "LinkRoyce": null, "LinkKappler": null, "LinkFedStatute": null, "LinkExecOrder": null, "step": 11, "scrolly_year": 2010, "event_title": "Present-day reservations", "scrolly_type": "current_reservation" }, "geometry": { "type": "Polygon", "coordinates": [ [ [ -111.637039184613997, 33.572708129681708 ], [ -111.907737732417999, 33.443611144926997 ], [ -111.888305664550998, 33.569133758363797 ], [ -111.637039184613997, 33.572708129681708 ] ] ] } },
{ "type": "Feature", "properties": { "OBJECTID": 919, "CessionID": 10081, "Nation": "Lac du Flambeau Indian Reservation", "Nation_Correct": "Lac du Flambeau Indian Reservation", "Cession_Reservation": "Reservation Current", "Year": "2010", "year": 2010, "LinkRoyce": null, "LinkKappler": null, "LinkFedStatute": null, "LinkExecOrder": null, "step": 11, "scrolly_year": 2010, "event_title": "Present-day reservations", "scrolly_type": "current_reservation" }, "geometry": { "type": "Polygon", "coordinates": [ [ [ -89.764328003050807, 46.069667815639882 ], [ -89.757080077334905, 45.890277862868977 ], [ -89.984642029150194, 45.897434234385429 ], [ -90.013435364236003, 46.068496704052642 ], [ -89.764328003050807, 46.069667815639882 ] ] ] } },
{ "type": "Feature", "properties": { "OBJECTID": 920, "CessionID": 10138, "Nation": "Roaring Creek Rancheria", "Nation_Correct": "Roaring Creek Rancheria", "Cession_Reservation": "Reservation Current", "Year": "2010", "year": 2010, "LinkRoyce": null, "LinkKappler": null, "LinkFedStatute": null, "LinkExecOrder": null, "step": 11, "scrolly_year": 2010, "event_title": "Present-day reservations", "scrolly_type": "current_reservation" }, "geometry": { "type": "MultiPolygon", "coordinates": [ [ [ [ -121.951087951979019, 40.894153594577176 ], [ -121.951820373583004, 40.880073547465337 ], [ -121.968742370678996, 40.894721985395556 ], [ -121.951087951979019, 40.894153594577176 ] ] ], [ [ [ -121.899848938402997, 41.896186828711386 ], [ -121.919670105246993, 41.880825042649768 ], [ -121.91957855254698, 41.895816802384736 ], [ -121.899848938402997, 41.896186828711386 ] ] ] ] } },
{ "type": "Feature", "properties": { "OBJECTID": 921, "CessionID": 10141, "Nation": "Round Valley Indian Reservation", "Nation_Correct": "Round Valley Indian Reservation", "Cession_Reservation": "Reservation Current", "Year": "2010", "year": 2010, "LinkRoyce": null, "LinkKappler": null, "LinkFedStatute": null, "LinkExecOrder": null, "step": 11, "scrolly_year": 2010, "event_title": "Present-day reservations", "scrolly_type": "current_reservation" }, "geometry": { "type": "MultiPolygon", "coordinates": [ [ [ [ -123.193595853240012, 39.854400635110295 ], [ -123.146148664635987, 39.876201652356983 ], [ -123.145668065959001, 39.843101502127048 ], [ -123.193595853240012, 39.854400635110295 ] ] ], [ [ [ -123.140174867995995, 39.888626072041284 ], [ -123.158790627556996, 39.88899229989493 ], [ -123.139945937961002, 39.895889306492123 ], [ -123.140174867995995, 39.888626072041284 ] ] ], [ [ [ -123.135963453654995, 39.888294198235386 ], [ -123.136650103400001, 39.901882155331059 ], [ -123.119216891694009, 39.889228804182814 ], [ -123.135963453654995, 39.888294198235386 ] ] ], [ [ [ -123.415626546821997, 39.813640617153233 ], [ -123.476020844819999, 39.930625906773351 ], [ -123.341438336912006, 39.939346329328821 ], [ -123.343696617318997, 39.981479668756208 ], [ -123.327697762471004, 39.996940635409103 ], [ -123.293174804293017, 40.002979257729933 ], [ -123.325202972493017, 39.995201130112747 ], [ -123.336402858659014, 39.934963251954635 ], [ -123.361267102830013, 39.917415593713571 ], [ -123.200836134068012, 39.866889980579728 ], [ -123.191505445500994, 39.801834102798203 ], [ -123.415626546821997, 39.813640617153233 ] ], [ [ -123.442581198729997, 39.889934542774419 ], [ -123.385559092091995, 39.889442421994573 ], [ -123.384834263946999, 39.920318618218744 ], [ -123.432807949524999, 39.919731122821432 ], [ -123.442581198729997, 39.889934542774419 ] ] ] ] } },
{ "type": "Feature", "properties": { "OBJECTID": 922, "CessionID": 10036, "Nation": "Cuyapaipe Indian Reservation", "Nation_Correct": "Cuyapaipe Indian Reservation", "Cession_Reservation": "Reservation Current", "Year": "2010", "year": 2010, "LinkRoyce": null, "LinkKappler": null, "LinkFedStatute": null, "LinkExecOrder": null, "step": 11, "scrolly_year": 2010, "event_title": "Present-day reservations", "scrolly_type": "current_reservation" }, "geometry": { "type": "Polygon", "coordinates": [ [ [ -116.360153197741994, 32.857669830266815 ], [ -116.360252380733002, 32.813938140847739 ], [ -116.41075897180599, 32.834907531648312 ], [ -116.411170959857003, 32.866104126175216 ], [ -116.360153197741994, 32.857669830266815 ] ] ] } },
{ "type": "Feature", "properties": { "OBJECTID": 923, "CessionID": 10202, "Nation": "Yerington Indian Reservation", "Nation_Correct": "Yerington Indian Reservation", "Cession_Reservation": "Reservation Current", "Year": "2010", "year": 2010, "LinkRoyce": null, "LinkKappler": null, "LinkFedStatute": null, "LinkExecOrder": null, "step": 11, "scrolly_year": 2010, "event_title": "Present-day reservations", "scrolly_type": "current_reservation" }, "geometry": { "type": "Polygon", "coordinates": [ [ [ -119.236968994489999, 39.099254608040205 ], [ -119.203430175964996, 39.085212707505399 ], [ -119.202911377329002, 39.06300353966499 ], [ -119.222465515463, 39.062736511039382 ], [ -119.236968994489999, 39.099254608040205 ] ] ] } },
{ "type": "Feature", "properties": { "OBJECTID": 924, "CessionID": 10117, "Nation": "Pala Indian Reservation", "Nation_Correct": "Pala Indian Reservation", "Cession_Reservation": "Reservation Current", "Year": "2010", "year": 2010, "LinkRoyce": null, "LinkKappler": null, "LinkFedStatute": null, "LinkExecOrder": null, "step": 11, "scrolly_year": 2010, "event_title": "Present-day reservations", "scrolly_type": "current_reservation" }, "geometry": { "type": "MultiPolygon", "coordinates": [ [ [ [ -117.085876464389983, 33.313781738445016 ], [ -117.093582153607997, 33.313488007106294 ], [ -117.093452453051015, 33.317584991561795 ], [ -117.085876464389983, 33.313781738445016 ] ] ], [ [ [ -117.014976502094001, 33.384628295276727 ], [ -117.077079773055004, 33.314052581530397 ], [ -117.094100952243991, 33.386314392523282 ], [ -117.014976502094001, 33.384628295276727 ] ] ] ] } },
{ "type": "Feature", "properties": { "OBJECTID": 925, "CessionID": 10114, "Nation": "Osage Indian Reservation", "Nation_Correct": "Osage Indian Reservation", "Cession_Reservation": "Reservation Current", "Year": "2010", "year": 2010, "LinkRoyce": null, "LinkKappler": null, "LinkFedStatute": null, "LinkExecOrder": null, "step": 11, "scrolly_year": 2010, "event_title": "Present-day reservations", "scrolly_type": "current_reservation" }, "geometry": { "type": "Polygon", "coordinates": [ [ [ -96.254272431485504, 36.162807539981316 ], [ -96.255744826380905, 36.253353051625304 ], [ -96.351394630598705, 36.243709648309597 ], [ -96.466461238959198, 36.335124890552038 ], [ -96.568687553227306, 36.305130094633313 ], [ -96.527435231039405, 36.391849579173638 ], [ -96.582008445996721, 36.373767789439292 ], [ -96.723503209292502, 36.448242286248778 ], [ -96.761611989433007, 36.566596917050596 ], [ -96.874381998624997, 36.472019158253367 ], [ -97.005241270403815, 36.489914001100296 ], [ -96.887550458519598, 36.579162539786211 ], [ -97.0512313635449, 36.58827976779331 ], [ -97.066566447615401, 36.682865247642304 ], [ -96.934493888755895, 36.685203610901098 ], [ -96.893707286898106, 36.747993580323254 ], [ -96.755371224720093, 36.783134359354428 ], [ -96.752891593812393, 36.99977867539662 ], [ -96.000587353079595, 37.0001793133601 ], [ -95.999732830665593, 36.160076249899085 ], [ -96.254272431485504, 36.162807539981316 ] ], [ [ -96.116325452115007, 36.30744550535438 ], [ -96.082717792994899, 36.349285237556309 ], [ -96.199401930313911, 36.392902395719233 ], [ -96.224082862021504, 36.452461248181955 ], [ -96.208458071271906, 36.39538196074777 ], [ -96.278549121315294, 36.402439012058778 ], [ -96.295051453808114, 36.372867511235768 ], [ -96.191299407174697, 36.383457269609998 ], [ -96.116325452115007, 36.30744550535438 ] ], [ [ -96.252761858190595, 36.372360294925343 ], [ -96.252713854467601, 36.372151440189107 ], [ -96.252316630677896, 36.372561011935609 ], [ -96.252761858190595, 36.372360294925343 ] ], [ [ -96.258117782348606, 36.366580869518799 ], [ -96.245864761873193, 36.342254567097854 ], [ -96.252713854467601, 36.372151440189107 ], [ -96.258117782348606, 36.366580869518799 ] ], [ [ -96.062889167439096, 36.530101830703984 ], [ -96.011268602531317, 36.517032561338993 ], [ -96.048004083181297, 36.573745703114113 ], [ -96.062889167439096, 36.530101830703984 ] ], [ [ -96.238319474933704, 36.542423267618844 ], [ -96.161270130844201, 36.519302409207121 ], [ -96.170700195539197, 36.542663465038814 ], [ -96.238319474933704, 36.542423267618844 ] ], [ [ -96.089439437108297, 36.939472174796464 ], [ -96.114059451810803, 36.973175134765057 ], [ -96.142150893639297, 36.916690758232889 ], [ -96.089439437108297, 36.939472174796464 ] ] ] } },
{ "type": "Feature", "properties": { "OBJECTID": 926, "CessionID": 10103, "Nation": "Muckleshoot Indian Reservation", "Nation_Correct": "Muckleshoot Indian Reservation", "Cession_Reservation": "Reservation Current", "Year": "2010", "year": 2010, "LinkRoyce": null, "LinkKappler": null, "LinkFedStatute": null, "LinkExecOrder": null, "step": 11, "scrolly_year": 2010, "event_title": "Present-day reservations", "scrolly_type": "current_reservation" }, "geometry": { "type": "MultiPolygon", "coordinates": [ [ [ [ -122.145568846974982, 47.243335724278161 ], [ -122.102546691861988, 47.258087158092806 ], [ -122.102531433079008, 47.230056763041617 ], [ -122.145568846974982, 47.243335724278161 ] ] ], [ [ [ -122.144958496537001, 47.2722930911982 ], [ -122.165962219094993, 47.257797240987365 ], [ -122.165664673717018, 47.272506714249339 ], [ -122.144958496537001, 47.2722930911982 ] ] ], [ [ [ -122.165359497150007, 47.286754607877093 ], [ -122.187690734765013, 47.272239684996023 ], [ -122.186737060800994, 47.28695678681563 ], [ -122.165359497150007, 47.286754607877093 ] ] ], [ [ [ -122.187118530386996, 47.301658630534995 ], [ -122.208770752139003, 47.286685943408983 ], [ -122.208488464645995, 47.301395415702871 ], [ -122.187118530386996, 47.301658630534995 ] ] ] ] } },
{ "type": "Feature", "properties": { "OBJECTID": 927, "CessionID": 10125, "Nation": "Port Madison Indian Reservation", "Nation_Correct": "Port Madison Indian Reservation", "Cession_Reservation": "Reservation Current", "Year": "2010", "year": 2010, "LinkRoyce": null, "LinkKappler": null, "LinkFedStatute": null, "LinkExecOrder": null, "step": 11, "scrolly_year": 2010, "event_title": "Present-day reservations", "scrolly_type": "current_reservation" }, "geometry": { "type": "MultiPolygon", "coordinates": [ [ [ [ -122.552452087072993, 47.724475860902928 ], [ -122.585754394454995, 47.693603515596529 ], [ -122.604072570233996, 47.698848724121618 ], [ -122.604835510303019, 47.743026733477457 ], [ -122.552452087072993, 47.724475860902928 ] ] ], [ [ [ -122.477043151583004, 47.765625000035065 ], [ -122.477081298541009, 47.744907379509023 ], [ -122.559127807512013, 47.765346527190623 ], [ -122.477043151583004, 47.765625000035065 ] ] ] ] } },
{ "type": "Feature", "properties": { "OBJECTID": 928, "CessionID": 10137, "Nation": "Rincon Indian Reservation", "Nation_Correct": "Rincon Indian Reservation", "Cession_Reservation": "Reservation Current", "Year": "2010", "year": 2010, "LinkRoyce": null, "LinkKappler": null, "LinkFedStatute": null, "LinkExecOrder": null, "step": 11, "scrolly_year": 2010, "event_title": "Present-day reservations", "scrolly_type": "current_reservation" }, "geometry": { "type": "Polygon", "coordinates": [ [ [ -116.927482604749017, 33.285758971909246 ], [ -116.945358275808999, 33.242465972712985 ], [ -116.979408264477016, 33.241851807166789 ], [ -116.980033874596998, 33.273727416906077 ], [ -116.927482604749017, 33.285758971909246 ] ] ] } },
{ "type": "Feature", "properties": { "OBJECTID": 929, "CessionID": 10106, "Nation": "Nez Perce Indian Reservation", "Nation_Correct": "Nez Perce Indian Reservation", "Cession_Reservation": "Reservation Current", "Year": "2010", "year": 2010, "LinkRoyce": null, "LinkKappler": null, "LinkFedStatute": null, "LinkExecOrder": null, "step": 11, "scrolly_year": 2010, "event_title": "Present-day reservations", "scrolly_type": "current_reservation" }, "geometry": { "type": "Polygon", "coordinates": [ [ [ -115.965789676699018, 45.994068146343075 ], [ -116.841217010272999, 46.211242706257437 ], [ -116.910819882105002, 46.534984682197226 ], [ -116.263175828613001, 46.56505195829159 ], [ -116.302261245900993, 46.544822702695534 ], [ -116.297515895412999, 46.516002611086876 ], [ -116.249054031623004, 46.555603105621998 ], [ -115.89363867742, 46.144542718271175 ], [ -115.965789676699018, 45.994068146343075 ] ], [ [ -116.004089348836999, 46.20365531454933 ], [ -116.004119947702009, 46.214565247798816 ], [ -116.010551323689, 46.203689509217227 ], [ -116.004089348836999, 46.20365531454933 ] ], [ [ -116.830795149359986, 46.442161635535406 ], [ -116.816947899978985, 46.443092280817289 ], [ -116.813117988909994, 46.451137608372989 ], [ -116.830795149359986, 46.442161635535406 ] ] ] } },
{ "type": "Feature", "properties": { "OBJECTID": 930, "CessionID": 10049, "Nation": "Fort Independence Indian Reservation", "Nation_Correct": "Fort Independence Indian Reservation", "Cession_Reservation": "Reservation Current", "Year": "2010", "year": 2010, "LinkRoyce": null, "LinkKappler": null, "LinkFedStatute": null, "LinkExecOrder": null, "step": 11, "scrolly_year": 2010, "event_title": "Present-day reservations", "scrolly_type": "current_reservation" }, "geometry": { "type": "Polygon", "coordinates": [ [ [ -118.228927611976005, 36.846878051580354 ], [ -118.211349487193004, 36.832180023134462 ], [ -118.229743956888981, 36.832374572489442 ], [ -118.228927611976005, 36.846878051580354 ] ] ] } },
{ "type": "Feature", "properties": { "OBJECTID": 931, "CessionID": 10005, "Nation": "Allegany Indian Reservation", "Nation_Correct": "Allegany Indian Reservation", "Cession_Reservation": "Reservation Current", "Year": "2010", "year": 2010, "LinkRoyce": null, "LinkKappler": null, "LinkFedStatute": null, "LinkExecOrder": null, "step": 11, "scrolly_year": 2010, "event_title": "Present-day reservations", "scrolly_type": "current_reservation" }, "geometry": { "type": "MultiPolygon", "coordinates": [ [ [ [ -78.944839477571705, 42.024188995308592 ], [ -78.886497497620795, 42.032096863015497 ], [ -78.942344665584898, 42.023803710987984 ], [ -78.946578979779403, 41.998817443719403 ], [ -78.944839477571705, 42.024188995308592 ] ] ], [ [ [ -78.883623034238695, 42.055786748813468 ], [ -78.883399963689001, 42.057624816914512 ], [ -78.878090183741406, 42.06411532965997 ], [ -78.883623034238695, 42.055786748813468 ] ] ], [ [ [ -78.878090183741406, 42.06411532965997 ], [ -78.851036071487201, 42.104824066516329 ], [ -78.978836059599004, 41.998596191072409 ], [ -78.894699097300219, 42.137317657496219 ], [ -78.8019638060549, 42.126991271894241 ], [ -78.781524658482496, 42.166145324917146 ], [ -78.652992248766694, 42.145256042236163 ], [ -78.566291809057304, 42.088260650706765 ], [ -78.655868530338907, 42.072017669653675 ], [ -78.675918578934102, 42.131969452023192 ], [ -78.749107360538702, 42.148330688919316 ], [ -78.878090183741406, 42.06411532965997 ] ] ] ] } },
{ "type": "Feature", "properties": { "OBJECTID": 1207, "CessionID": 10207, "Nation": "Forest County Potawatomi Community", "Nation_Correct": "Forest County Potawatomi Community", "Cession_Reservation": "Reservation Current", "Year": "2010", "year": 2010, "LinkRoyce": null, "LinkKappler": null, "LinkFedStatute": null, "LinkExecOrder": null, "step": 11, "scrolly_year": 2010, "event_title": "Present-day reservations", "scrolly_type": "current_reservation" }, "geometry": { "type": "MultiPolygon", "coordinates": [ [ [ [ -88.841857910273404, 45.55095291189317 ], [ -88.821197509443195, 45.536224365421873 ], [ -88.842002868715895, 45.536327362473749 ], [ -88.841857910273404, 45.55095291189317 ] ] ], [ [ [ -88.799583435547916, 45.550743103663201 ], [ -88.820892334673204, 45.56593704219943 ], [ -88.8000793460089, 45.565372466640071 ], [ -88.799583435547916, 45.550743103663201 ] ] ], [ [ [ -88.820747375332502, 45.580562591477069 ], [ -88.841712951830999, 45.566036224001756 ], [ -88.841567992490198, 45.580665588394687 ], [ -88.820747375332502, 45.580562591477069 ] ] ], [ [ [ -88.841926574798805, 45.60992813117322 ], [ -88.8212509160835, 45.595195770062574 ], [ -88.842071533241196, 45.595298766533084 ], [ -88.841926574798805, 45.60992813117322 ] ] ] ] } }
]
}
